protein,ligand,model_id,energy,cx,cy,cz
mut_Y35F,2_3_BPG,1,-8.51,-0.22266666666666668,-0.4633333333333333,-0.33066666666666666
mut_Y35F,2_3_BPG,2,-8.62,-0.25,-0.44266666666666665,-0.33066666666666666
mut_Y35F,2_3_BPG,3,-8.91,-0.29,-0.4206666666666667,-0.33066666666666666
mut_Y35F,2_3_BPG,4,-8.72,-0.23733333333333334,-0.464,-0.33066666666666666
mut_Y35F,2_3_BPG,5,-8.8,-0.2793333333333333,-0.428,-0.33066666666666666
mut_Y35F,2_3_BPG,6,-8.89,-0.25733333333333336,-0.45466666666666666,-0.33066666666666666
mut_Y35F,2_3_BPG,7,-9.12,-0.27,-0.458,-0.33066666666666666
mut_Y35F,2_3_BPG,8,-8.76,-0.29,-0.41333333333333333,-0.33066666666666666
mut_Y35F,2_3_BPG,9,-9.24,-0.296,-0.4393333333333333,-0.33066666666666666
mut_Y35F,2_3_BPG,10,-8.51,-0.254,-0.43133333333333335,-0.33066666666666666
mut_Y35F,2_3_BPG,11,-8.8,-0.2593333333333333,-0.44666666666666666,-0.33066666666666666
mut_Y35F,2_3_BPG,12,-9.99,-0.30266666666666664,-0.4826666666666667,-0.33066666666666666
mut_Y35F,2_3_BPG,13,-8.75,-0.23666666666666666,-0.4653333333333334,-0.33066666666666666
mut_Y35F,2_3_BPG,14,-8.66,-0.26866666666666666,-0.42933333333333334,-0.33066666666666666
mut_Y35F,2_3_BPG,15,-9.22,-0.2753333333333333,-0.45866666666666667,-0.33066666666666666
mut_Y35F,2_3_BPG,16,-9.27,-0.26133333333333336,-0.47933333333333333,-0.33066666666666666
mut_Y35F,2_3_BPG,17,-9.08,-0.25133333333333335,-0.4726666666666667,-0.33066666666666666
mut_Y35F,2_3_BPG,18,-9.18,-0.2926666666666667,-0.44066666666666665,-0.33066666666666666
mut_Y35F,2_3_BPG,19,-10.03,-0.30133333333333334,-0.4886666666666667,-0.33066666666666666
mut_Y35F,2_3_BPG,20,-8.97,-0.2673333333333333,-0.45066666666666666,-0.33066666666666666
mut_Y35F,2_3_BPG,21,-9.06,-0.258,-0.4666666666666667,-0.33066666666666666
mut_Y35F,2_3_BPG,22,-8.36,-0.244,-0.434,-0.33066666666666666
mut_Y35F,2_3_BPG,23,-9.58,-0.2946666666666667,-0.464,-0.33066666666666666
mut_Y35F,2_3_BPG,24,-8.72,-0.25266666666666665,-0.44733333333333336,-0.33066666666666666
mut_Y35F,2_3_BPG,25,-9.42,-0.246,-0.5,-0.33066666666666666
mut_Y35F,2_3_BPG,26,-8.83,-0.28,-0.42733333333333334,-0.33066666666666666
mut_Y35F,2_3_BPG,27,-8.5,-0.276,-0.41200000000000003,-0.33066666666666666
mut_Y35F,2_3_BPG,28,-8.98,-0.28,-0.43533333333333335,-0.33066666666666666
mut_Y35F,2_3_BPG,29,-8.64,-0.22533333333333333,-0.4706666666666667,-0.33066666666666666
mut_Y35F,2_3_BPG,30,-8.59,-0.278,-0.41533333333333333,-0.33066666666666666
mut_Y35F,2_3_BPG,31,-9.16,-0.24266666666666667,-0.4866666666666667,-0.33066666666666666
mut_Y35F,2_3_BPG,32,-8.57,-0.20933333333333334,-0.48,-0.33066666666666666
mut_Y35F,2_3_BPG,33,-8.69,-0.2793333333333333,-0.42,-0.33066666666666666
mut_Y35F,2_3_BPG,34,-8.81,-0.23733333333333334,-0.46799999999999997,-0.33066666666666666
mut_Y35F,2_3_BPG,35,-8.37,-0.22666666666666666,-0.45,-0.33066666666666666
mut_Y35F,2_3_BPG,36,-8.89,-0.2753333333333333,-0.43466666666666665,-0.33066666666666666
mut_Y35F,2_3_BPG,37,-9.66,-0.31666666666666665,-0.446,-0.33066666666666666
mut_Y35F,2_3_BPG,38,-9.97,-0.31,-0.47400000000000003,-0.33066666666666666
mut_Y35F,2_3_BPG,39,-9.0,-0.26866666666666666,-0.45066666666666666,-0.33066666666666666
mut_Y35F,2_3_BPG,40,-8.97,-0.25866666666666666,-0.45799999999999996,-0.33066666666666666
mut_Y35F,2_3_BPG,41,-8.75,-0.2793333333333333,-0.42533333333333334,-0.33066666666666666
mut_Y35F,2_3_BPG,42,-9.71,-0.30733333333333335,-0.45733333333333337,-0.33066666666666666
mut_Y35F,2_3_BPG,43,-8.71,-0.27,-0.43066666666666664,-0.33066666666666666
mut_Y35F,2_3_BPG,44,-8.96,-0.27266666666666667,-0.44533333333333336,-0.33066666666666666
mut_Y35F,2_3_BPG,45,-9.1,-0.3066666666666667,-0.42,-0.33066666666666666
mut_Y35F,2_3_BPG,46,-9.27,-0.248,-0.4866666666666667,-0.33066666666666666
mut_Y35F,2_3_BPG,47,-9.04,-0.24466666666666667,-0.476,-0.33066666666666666
mut_Y35F,2_3_BPG,48,-9.29,-0.25466666666666665,-0.4826666666666667,-0.33066666666666666
mut_Y35F,2_3_BPG,49,-8.75,-0.29,-0.4126666666666667,-0.33066666666666666
mut_Y35F,2_3_BPG,50,-8.88,-0.264,-0.44733333333333336,-0.33066666666666666
mut_Y35F,2_3_BPG,51,-8.77,-0.23866666666666667,-0.46399999999999997,-0.33066666666666666
mut_Y35F,2_3_BPG,52,-8.53,-0.252,-0.43733333333333335,-0.33066666666666666
mut_Y35F,2_3_BPG,53,-8.78,-0.2693333333333333,-0.4366666666666667,-0.33066666666666666
mut_Y35F,2_3_BPG,54,-9.94,-0.30133333333333334,-0.48000000000000004,-0.33066666666666666
mut_Y35F,2_3_BPG,55,-8.62,-0.24533333333333335,-0.448,-0.33066666666666666
mut_Y35F,2_3_BPG,56,-9.45,-0.266,-0.48333333333333334,-0.33066666666666666
mut_Y35F,2_3_BPG,57,-9.1,-0.278,-0.448,-0.33066666666666666
mut_Y35F,2_3_BPG,58,-7.96,-0.26466666666666666,-0.386,-0.33066666666666666
mut_Y35F,2_3_BPG,59,-8.79,-0.284,-0.422,-0.33066666666666666
mut_Y35F,2_3_BPG,60,-9.04,-0.298,-0.42466666666666664,-0.33066666666666666
mut_Y35F,2_3_BPG,61,-9.79,-0.28,-0.49133333333333334,-0.33066666666666666
mut_Y35F,2_3_BPG,62,-8.81,-0.2833333333333333,-0.424,-0.33066666666666666
mut_Y35F,2_3_BPG,63,-9.0,-0.27466666666666667,-0.44533333333333336,-0.33066666666666666
mut_Y35F,2_3_BPG,64,-10.07,-0.2986666666666667,-0.49133333333333334,-0.33066666666666666
mut_Y35F,2_3_BPG,65,-8.88,-0.272,-0.43933333333333335,-0.33066666666666666
mut_Y35F,2_3_BPG,66,-8.7,-0.2846666666666667,-0.41600000000000004,-0.33066666666666666
mut_Y35F,2_3_BPG,67,-8.52,-0.27066666666666667,-0.41666666666666663,-0.33066666666666666
mut_Y35F,2_3_BPG,68,-8.64,-0.21733333333333332,-0.4786666666666667,-0.33066666666666666
mut_Y35F,2_3_BPG,69,-10.11,-0.306,-0.48866666666666664,-0.33066666666666666
mut_Y35F,2_3_BPG,70,-9.43,-0.2593333333333333,-0.48733333333333334,-0.33066666666666666
mut_Y35F,2_3_BPG,71,-9.44,-0.24533333333333335,-0.504,-0.33066666666666666
mut_Y35F,2_3_BPG,72,-8.47,-0.29000000000000004,-0.39466666666666667,-0.33066666666666666
mut_Y35F,2_3_BPG,73,-9.31,-0.31,-0.4306666666666667,-0.33066666666666666
mut_Y35F,2_3_BPG,74,-9.01,-0.258,-0.46066666666666667,-0.33066666666666666
mut_Y35F,2_3_BPG,75,-9.83,-0.30066666666666664,-0.4746666666666667,-0.33066666666666666
mut_Y35F,2_3_BPG,76,-8.98,-0.29333333333333333,-0.4246666666666667,-0.33066666666666666
mut_Y35F,2_3_BPG,77,-10.08,-0.29333333333333333,-0.49733333333333335,-0.33066666666666666
mut_Y35F,2_3_BPG,78,-9.02,-0.2346666666666667,-0.48733333333333334,-0.33066666666666666
mut_Y35F,2_3_BPG,79,-9.19,-0.31333333333333335,-0.418,-0.33066666666666666
mut_Y35F,2_3_BPG,80,-9.88,-0.31466666666666665,-0.46066666666666667,-0.33066666666666666
mut_Y35F,2_3_BPG,81,-9.23,-0.23933333333333334,-0.496,-0.33066666666666666
mut_Y35F,2_3_BPG,82,-8.95,-0.268,-0.44733333333333336,-0.33066666666666666
mut_Y35F,2_3_BPG,83,-8.4,-0.23933333333333334,-0.44066666666666665,-0.33066666666666666
mut_Y35F,2_3_BPG,84,-8.88,-0.23866666666666667,-0.472,-0.33066666666666666
mut_Y35F,2_3_BPG,85,-8.92,-0.248,-0.46399999999999997,-0.33066666666666666
mut_Y35F,2_3_BPG,86,-9.09,-0.25466666666666665,-0.47000000000000003,-0.33066666666666666
mut_Y35F,2_3_BPG,87,-8.52,-0.26666666666666666,-0.42266666666666663,-0.33066666666666666
mut_Y35F,2_3_BPG,88,-8.63,-0.256,-0.43933333333333335,-0.33066666666666666
mut_Y35F,2_3_BPG,89,-8.94,-0.256,-0.45866666666666667,-0.33066666666666666
mut_Y35F,2_3_BPG,90,-9.16,-0.24333333333333335,-0.48733333333333334,-0.33066666666666666
mut_Y35F,2_3_BPG,91,-9.12,-0.30933333333333335,-0.4186666666666667,-0.33066666666666666
mut_Y35F,2_3_BPG,92,-9.11,-0.24066666666666667,-0.48533333333333334,-0.33066666666666666
mut_Y35F,2_3_BPG,93,-8.93,-0.278,-0.436,-0.33066666666666666
mut_Y35F,2_3_BPG,94,-9.17,-0.242,-0.49,-0.33066666666666666
mut_Y35F,2_3_BPG,95,-8.79,-0.248,-0.456,-0.33066666666666666
mut_Y35F,2_3_BPG,96,-8.82,-0.27666666666666667,-0.42866666666666664,-0.33066666666666666
mut_Y35F,2_3_BPG,97,-9.04,-0.2733333333333333,-0.45,-0.33066666666666666
mut_Y35F,2_3_BPG,98,-8.63,-0.252,-0.4413333333333333,-0.33066666666666666
mut_Y35F,2_3_BPG,99,-8.27,-0.24533333333333332,-0.42333333333333334,-0.33066666666666666
mut_Y35F,2_3_BPG,100,-9.01,-0.23199999999999998,-0.486,-0.33066666666666666
mut_Y35F,heme,1,-3.42,-0.12074074074074075,-0.014259259259259258,-3.7037037037035065e-05
mut_Y35F,heme,2,-2.75,-0.12240740740740741,0.00037037037037037203,-3.7037037037035065e-05
mut_Y35F,heme,3,-5.83,-0.1662962962962963,-0.013703703703703704,-3.7037037037035065e-05
mut_Y35F,heme,4,-5.06,-0.1587037037037037,-0.008148148148148147,-3.7037037037035065e-05
mut_Y35F,heme,5,-2.79,-0.12296296296296297,0.00037037037037037084,-3.7037037037035065e-05
mut_Y35F,heme,6,-4.03,-0.1448148148148148,-0.002592592592592593,-3.7037037037035065e-05
mut_Y35F,heme,7,-3.34,-0.12092592592592592,-0.012962962962962963,-3.7037037037035065e-05
mut_Y35F,heme,8,-5.46,-0.1685185185185185,-0.0038888888888888888,-3.7037037037035065e-05
mut_Y35F,heme,9,-3.48,-0.1274074074074074,-0.008148148148148147,-3.7037037037035065e-05
mut_Y35F,heme,10,-3.77,-0.13462962962962963,-0.006666666666666666,-3.7037037037035065e-05
mut_Y35F,heme,11,-3.8,-0.13648148148148148,-0.006481481481481482,-3.7037037037035065e-05
mut_Y35F,heme,12,-6.05,-0.16925925925925925,-0.01425925925925926,-3.7037037037035065e-05
mut_Y35F,heme,13,-4.46,-0.1474074074074074,-0.0074074074074074086,-3.7037037037035065e-05
mut_Y35F,heme,14,-4.31,-0.14555555555555555,-0.005185185185185186,-3.7037037037035065e-05
mut_Y35F,heme,15,-3.78,-0.1451851851851852,0.002407407407407407,-3.7037037037035065e-05
mut_Y35F,heme,16,-5.91,-0.17703703703703705,-0.004074074074074075,-3.7037037037035065e-05
mut_Y35F,heme,17,-5.7,-0.1701851851851852,-0.007037037037037038,-3.7037037037035065e-05
mut_Y35F,heme,18,-3.44,-0.1337037037037037,-0.0016666666666666668,-3.7037037037035065e-05
mut_Y35F,heme,19,-4.16,-0.1398148148148148,-0.009259259259259259,-3.7037037037035065e-05
mut_Y35F,heme,20,-3.93,-0.1424074074074074,-0.0022222222222222227,-3.7037037037035065e-05
mut_Y35F,heme,21,-2.89,-0.1174074074074074,-0.00851851851851852,-3.7037037037035065e-05
mut_Y35F,heme,22,-7.37,-0.19648148148148148,-0.011481481481481483,-3.7037037037035065e-05
mut_Y35F,heme,23,-5.53,-0.16648148148148148,-0.007037037037037038,-3.7037037037035065e-05
mut_Y35F,heme,24,-3.92,-0.13444444444444445,-0.009814814814814814,-3.7037037037035065e-05
mut_Y35F,heme,25,-4.82,-0.15259259259259259,-0.008333333333333333,-3.7037037037035065e-05
mut_Y35F,heme,26,-4.01,-0.13703703703703704,-0.009444444444444445,-3.7037037037035065e-05
mut_Y35F,heme,27,-5.67,-0.15722222222222224,-0.020185185185185184,-3.7037037037035065e-05
mut_Y35F,heme,28,-6.51,-0.18462962962962964,-0.007962962962962962,-3.7037037037035065e-05
mut_Y35F,heme,29,-4.45,-0.15259259259259259,-0.0011111111111111115,-3.7037037037035065e-05
mut_Y35F,heme,30,-6.29,-0.1738888888888889,-0.013888888888888888,-3.7037037037035065e-05
mut_Y35F,heme,31,-2.89,-0.11944444444444445,-0.005555555555555556,-3.7037037037035065e-05
mut_Y35F,heme,32,-5.53,-0.16018518518518518,-0.014814814814814814,-3.7037037037035065e-05
mut_Y35F,heme,33,-4.64,-0.15055555555555555,-0.007592592592592592,-3.7037037037035065e-05
mut_Y35F,heme,34,-6.1,-0.17851851851851852,-0.00574074074074074,-3.7037037037035065e-05
mut_Y35F,heme,35,-4.5,-0.15574074074074074,9.637352644315594e-20,-3.7037037037035065e-05
mut_Y35F,heme,36,-3.54,-0.13592592592592592,-0.0009259259259259253,-3.7037037037035065e-05
mut_Y35F,heme,37,-3.83,-0.1335185185185185,-0.007777777777777778,-3.7037037037035065e-05
mut_Y35F,heme,38,-3.79,-0.13833333333333334,-0.003888888888888889,-3.7037037037035065e-05
mut_Y35F,heme,39,-4.11,-0.14425925925925925,-0.0038888888888888888,-3.7037037037035065e-05
mut_Y35F,heme,40,-5.74,-0.17351851851851852,-0.004814814814814815,-3.7037037037035065e-05
mut_Y35F,heme,41,-4.08,-0.1411111111111111,-0.006111111111111111,-3.7037037037035065e-05
mut_Y35F,heme,42,-1.64,-0.10055555555555555,-0.0011111111111111115,-3.7037037037035065e-05
mut_Y35F,heme,43,-5.19,-0.15981481481481483,-0.008518518518518519,-3.7037037037035065e-05
mut_Y35F,heme,44,-3.16,-0.12814814814814815,-0.0020370370370370373,-3.7037037037035065e-05
mut_Y35F,heme,45,-5.18,-0.16092592592592592,-0.0077777777777777776,-3.7037037037035065e-05
mut_Y35F,heme,46,-6.05,-0.17592592592592593,-0.007592592592592593,-3.7037037037035065e-05
mut_Y35F,heme,47,-5.16,-0.16444444444444445,-0.0031481481481481486,-3.7037037037035065e-05
mut_Y35F,heme,48,-5.2,-0.15907407407407406,-0.008703703703703703,-3.7037037037035065e-05
mut_Y35F,heme,49,-5.58,-0.17296296296296296,-0.0035185185185185193,-3.7037037037035065e-05
mut_Y35F,heme,50,-4.83,-0.15407407407407409,-0.005925925925925926,-3.7037037037035065e-05
mut_Y35F,heme,51,-5.85,-0.1725925925925926,-0.006851851851851852,-3.7037037037035065e-05
mut_Y35F,heme,52,-3.12,-0.12351851851851853,-0.00574074074074074,-3.7037037037035065e-05
mut_Y35F,heme,53,-4.61,-0.1512962962962963,-0.00648148148148148,-3.7037037037035065e-05
mut_Y35F,heme,54,-4.17,-0.14703703703703705,-0.0016666666666666674,-3.7037037037035065e-05
mut_Y35F,heme,55,-5.08,-0.16203703703703703,-0.0044444444444444444,-3.7037037037035065e-05
mut_Y35F,heme,56,-4.15,-0.14629629629629629,-0.002222222222222222,-3.7037037037035065e-05
mut_Y35F,heme,57,-6.05,-0.1801851851851852,-0.0029629629629629637,-3.7037037037035065e-05
mut_Y35F,heme,58,-2.87,-0.12462962962962963,-0.0009259259259259262,-3.7037037037035065e-05
mut_Y35F,heme,59,-3.83,-0.13185185185185186,-0.010740740740740742,-3.7037037037035065e-05
mut_Y35F,heme,60,-4.38,-0.14592592592592593,-0.006481481481481483,-3.7037037037035065e-05
mut_Y35F,heme,61,-7.33,-0.19425925925925927,-0.012037037037037037,-3.7037037037035065e-05
mut_Y35F,heme,62,-3.83,-0.135,-0.006851851851851854,-3.7037037037035065e-05
mut_Y35F,heme,63,-3.41,-0.13203703703703704,-0.0018518518518518521,-3.7037037037035065e-05
mut_Y35F,heme,64,-2.71,-0.1174074074074074,-0.004629629629629629,-3.7037037037035065e-05
mut_Y35F,heme,65,-4.76,-0.155,-0.005555555555555556,-3.7037037037035065e-05
mut_Y35F,heme,66,-3.23,-0.1287037037037037,-0.0024074074074074076,-3.7037037037035065e-05
mut_Y35F,heme,67,-3.97,-0.13870370370370372,-0.006851851851851851,-3.7037037037035065e-05
mut_Y35F,heme,68,-2.52,-0.11611111111111111,-0.0022222222222222222,-3.7037037037035065e-05
mut_Y35F,heme,69,-5.41,-0.16074074074074074,-0.011296296296296297,-3.7037037037035065e-05
mut_Y35F,heme,70,-7.36,-0.19611111111111112,-0.011851851851851853,-3.7037037037035065e-05
mut_Y35F,heme,71,-5.94,-0.1712962962962963,-0.01074074074074074,-3.7037037037035065e-05
mut_Y35F,heme,72,-3.61,-0.1374074074074074,-0.0011111111111111111,-3.7037037037035065e-05
mut_Y35F,heme,73,-6.1,-0.16777777777777778,-0.017037037037037035,-3.7037037037035065e-05
mut_Y35F,heme,74,-3.2,-0.1262962962962963,-0.0042592592592592595,-3.7037037037035065e-05
mut_Y35F,heme,75,-4.44,-0.15222222222222223,-0.0025925925925925925,-3.7037037037035065e-05
mut_Y35F,heme,76,-4.68,-0.1425925925925926,-0.01537037037037037,-3.7037037037035065e-05
mut_Y35F,heme,77,-5.62,-0.17296296296296296,-0.003148148148148147,-3.7037037037035065e-05
mut_Y35F,heme,78,-5.06,-0.15833333333333333,-0.007407407407407407,-3.7037037037035065e-05
mut_Y35F,heme,79,-4.17,-0.14222222222222222,-0.006481481481481481,-3.7037037037035065e-05
mut_Y35F,heme,80,-5.66,-0.1574074074074074,-0.019444444444444445,-3.7037037037035065e-05
mut_Y35F,heme,81,-3.63,-0.13870370370370372,-0.001296296296296296,-3.7037037037035065e-05
mut_Y35F,heme,82,-3.03,-0.12685185185185185,0.0,-3.7037037037035065e-05
mut_Y35F,heme,83,-5.16,-0.16111111111111112,-0.006111111111111111,-3.7037037037035065e-05
mut_Y35F,heme,84,-5.95,-0.17814814814814814,-0.004074074074074075,-3.7037037037035065e-05
mut_Y35F,heme,85,-3.34,-0.13277777777777777,-0.0012962962962962958,-3.7037037037035065e-05
mut_Y35F,heme,86,-6.55,-0.1824074074074074,-0.010555555555555556,-3.7037037037035065e-05
mut_Y35F,heme,87,-4.99,-0.15037037037037038,-0.014074074074074074,-3.7037037037035065e-05
mut_Y35F,heme,88,-6.82,-0.1874074074074074,-0.009259259259259259,-3.7037037037035065e-05
mut_Y35F,heme,89,-6.88,-0.1862962962962963,-0.011851851851851851,-3.7037037037035065e-05
mut_Y35F,heme,90,-3.66,-0.13907407407407407,-0.0014814814814814816,-3.7037037037035065e-05
mut_Y35F,heme,91,-3.22,-0.12685185185185185,-0.005740740740740741,-3.7037037037035065e-05
mut_Y35F,heme,92,-4.84,-0.15796296296296297,-0.004074074074074074,-3.7037037037035065e-05
mut_Y35F,heme,93,-5.63,-0.1751851851851852,-0.0011111111111111113,-3.7037037037035065e-05
mut_Y35F,heme,94,-7.13,-0.19055555555555556,-0.012592592592592593,-3.7037037037035065e-05
mut_Y35F,heme,95,-3.21,-0.12685185185185185,-0.0044444444444444444,-3.7037037037035065e-05
mut_Y35F,heme,96,-7.74,-0.19740740740740742,-0.0187037037037037,-3.7037037037035065e-05
mut_Y35F,heme,97,-3.27,-0.13185185185185186,-0.0009259259259259261,-3.7037037037035065e-05
mut_Y35F,heme,98,-2.92,-0.12277777777777778,-0.0031481481481481477,-3.7037037037035065e-05
mut_Y35F,heme,99,-4.18,-0.1448148148148148,-0.004629629629629629,-3.7037037037035065e-05
mut_Y35F,heme,100,-3.4,-0.1312962962962963,-0.0027777777777777788,-3.7037037037035065e-05
mut_Y35F,heme_Co,1,-3.61,-0.14354166666666668,-0.006666666666666667,-0.04170833333333333
mut_Y35F,heme_Co,2,-3.33,-0.15416666666666667,0.009583333333333334,-0.04170833333333333
mut_Y35F,heme_Co,3,-3.46,-0.09875,-0.0475,-0.04170833333333333
mut_Y35F,heme_Co,4,-3.36,-0.12229166666666667,-0.0225,-0.04170833333333333
mut_Y35F,heme_Co,5,-2.88,-0.135,0.0002083333333333333,-0.04170833333333333
mut_Y35F,heme_Co,6,-4.15,-0.13083333333333333,-0.03,-0.04170833333333333
mut_Y35F,heme_Co,7,-4.36,-0.11020833333333334,-0.05541666666666667,-0.04170833333333333
mut_Y35F,heme_Co,8,-4.23,-0.128125,-0.034375,-0.04170833333333333
mut_Y35F,heme_Co,9,-2.88,-0.135,0.00125,-0.04170833333333333
mut_Y35F,heme_Co,10,-5.94,-0.13979166666666668,-0.059166666666666666,-0.04170833333333333
mut_Y35F,heme_Co,11,-3.74,-0.14333333333333334,-0.008125,-0.04170833333333333
mut_Y35F,heme_Co,12,-3.25,-0.12875,-0.013125,-0.04170833333333333
mut_Y35F,heme_Co,13,-3.59,-0.14875,-0.000625,-0.04170833333333333
mut_Y35F,heme_Co,14,-2.09,-0.11833333333333333,0.0010416666666666667,-0.04170833333333333
mut_Y35F,heme_Co,15,-3.19,-0.07916666666666666,-0.0625,-0.04170833333333333
mut_Y35F,heme_Co,16,-5.66,-0.14020833333333332,-0.051875,-0.04170833333333333
mut_Y35F,heme_Co,17,-1.89,-0.10875,-0.004166666666666667,-0.04170833333333333
mut_Y35F,heme_Co,18,-2.7,-0.12520833333333334,-0.005625,-0.04170833333333333
mut_Y35F,heme_Co,19,-3.46,-0.12895833333333334,-0.018541666666666665,-0.04170833333333333
mut_Y35F,heme_Co,20,-2.97,-0.12291666666666667,-0.013541666666666667,-0.04170833333333333
mut_Y35F,heme_Co,21,-4.46,-0.12625,-0.042083333333333334,-0.04170833333333333
mut_Y35F,heme_Co,22,-3.4,-0.11770833333333333,-0.027291666666666665,-0.04170833333333333
mut_Y35F,heme_Co,23,-3.52,-0.14416666666666667,-0.0035416666666666665,-0.04170833333333333
mut_Y35F,heme_Co,24,-3.93,-0.14,-0.016875,-0.04170833333333333
mut_Y35F,heme_Co,25,-3.47,-0.149375,0.002083333333333333,-0.04170833333333333
mut_Y35F,heme_Co,26,-5.81,-0.17791666666666667,-0.017916666666666668,-0.04170833333333333
mut_Y35F,heme_Co,27,-2.6,-0.13291666666666668,0.0033333333333333335,-0.04170833333333333
mut_Y35F,heme_Co,28,-5.7,-0.13708333333333333,-0.05583333333333333,-0.04170833333333333
mut_Y35F,heme_Co,29,-3.23,-0.12895833333333334,-0.0125,-0.04170833333333333
mut_Y35F,heme_Co,30,-3.61,-0.138125,-0.012499999999999999,-0.04170833333333333
mut_Y35F,heme_Co,31,-3.79,-0.09479166666666666,-0.059375000000000004,-0.04170833333333333
mut_Y35F,heme_Co,32,-3.09,-0.12375,-0.014791666666666667,-0.04170833333333333
mut_Y35F,heme_Co,33,-3.58,-0.13,-0.019791666666666666,-0.04170833333333333
mut_Y35F,heme_Co,34,-5.32,-0.128125,-0.056458333333333326,-0.04170833333333333
mut_Y35F,heme_Co,35,-5.72,-0.11479166666666667,-0.07916666666666666,-0.04170833333333333
mut_Y35F,heme_Co,36,-6.41,-0.16854166666666667,-0.03854166666666667,-0.04170833333333333
mut_Y35F,heme_Co,37,-5.44,-0.17083333333333334,-0.016458333333333332,-0.04170833333333333
mut_Y35F,heme_Co,38,-3.29,-0.12458333333333334,-0.018125000000000002,-0.04170833333333333
mut_Y35F,heme_Co,39,-4.71,-0.12833333333333333,-0.04479166666666667,-0.04170833333333333
mut_Y35F,heme_Co,40,-2.21,-0.11791666666666667,-0.002291666666666667,-0.04170833333333333
mut_Y35F,heme_Co,41,-4.15,-0.11958333333333333,-0.041874999999999996,-0.04170833333333333
mut_Y35F,heme_Co,42,-4.68,-0.12854166666666667,-0.043750000000000004,-0.04170833333333333
mut_Y35F,heme_Co,43,-4.78,-0.135625,-0.03916666666666667,-0.04170833333333333
mut_Y35F,heme_Co,44,-3.87,-0.11854166666666667,-0.036875,-0.04170833333333333
mut_Y35F,heme_Co,45,-4.12,-0.125,-0.036250000000000004,-0.04170833333333333
mut_Y35F,heme_Co,46,-4.65,-0.13708333333333333,-0.034583333333333334,-0.04170833333333333
mut_Y35F,heme_Co,47,-5.48,-0.14979166666666666,-0.039375,-0.04170833333333333
mut_Y35F,heme_Co,48,-5.78,-0.14125000000000001,-0.05395833333333333,-0.04170833333333333
mut_Y35F,heme_Co,49,-4.83,-0.13791666666666666,-0.03770833333333333,-0.04170833333333333
mut_Y35F,heme_Co,50,-2.84,-0.10541666666666667,-0.028124999999999997,-0.04170833333333333
mut_Y35F,heme_Co,51,-5.44,-0.1325,-0.054375,-0.04170833333333333
mut_Y35F,heme_Co,52,-4.27,-0.14541666666666667,-0.018125,-0.04170833333333333
mut_Y35F,heme_Co,53,-7.96,-0.17875,-0.06125,-0.04170833333333333
mut_Y35F,heme_Co,54,-3.33,-0.11208333333333334,-0.031875,-0.04170833333333333
mut_Y35F,heme_Co,55,-3.48,-0.09458333333333334,-0.051666666666666666,-0.04170833333333333
mut_Y35F,heme_Co,56,-3.39,-0.12520833333333334,-0.02020833333333333,-0.04170833333333333
mut_Y35F,heme_Co,57,-4.37,-0.14770833333333333,-0.017708333333333333,-0.04170833333333333
mut_Y35F,heme_Co,58,-4.59,-0.13041666666666668,-0.04020833333333333,-0.04170833333333333
mut_Y35F,heme_Co,59,-3.08,-0.14166666666666666,0.0035416666666666665,-0.04170833333333333
mut_Y35F,heme_Co,60,-4.09,-0.150625,-0.008125,-0.04170833333333333
mut_Y35F,heme_Co,61,-3.28,-0.11979166666666667,-0.0225,-0.04170833333333333
mut_Y35F,heme_Co,62,-2.65,-0.11479166666666667,-0.015208333333333332,-0.04170833333333333
mut_Y35F,heme_Co,63,-3.94,-0.100625,-0.056249999999999994,-0.04170833333333333
mut_Y35F,heme_Co,64,-2.75,-0.13166666666666668,-0.000625,-0.04170833333333333
mut_Y35F,heme_Co,65,-5.13,-0.16104166666666667,-0.020833333333333332,-0.04170833333333333
mut_Y35F,heme_Co,66,-3.59,-0.11625,-0.033125,-0.04170833333333333
mut_Y35F,heme_Co,67,-3.27,-0.13229166666666667,-0.010625,-0.04170833333333333
mut_Y35F,heme_Co,68,-3.38,-0.09854166666666667,-0.046875,-0.04170833333333333
mut_Y35F,heme_Co,69,-4.49,-0.12604166666666666,-0.0425,-0.04170833333333333
mut_Y35F,heme_Co,70,-2.56,-0.13395833333333335,0.005416666666666666,-0.04170833333333333
mut_Y35F,heme_Co,71,-2.56,-0.13083333333333333,0.003125,-0.04170833333333333
mut_Y35F,heme_Co,72,-4.63,-0.10291666666666667,-0.068125,-0.04170833333333333
mut_Y35F,heme_Co,73,-4.39,-0.135,-0.03125,-0.04170833333333333
mut_Y35F,heme_Co,74,-2.48,-0.10875,-0.016875,-0.04170833333333333
mut_Y35F,heme_Co,75,-3.42,-0.12645833333333334,-0.019583333333333335,-0.04170833333333333
mut_Y35F,heme_Co,76,-3.99,-0.13583333333333333,-0.022083333333333333,-0.04170833333333333
mut_Y35F,heme_Co,77,-2.88,-0.13583333333333333,0.0008333333333333334,-0.04170833333333333
mut_Y35F,heme_Co,78,-4.35,-0.149375,-0.015833333333333335,-0.04170833333333333
mut_Y35F,heme_Co,79,-3.82,-0.13208333333333333,-0.022291666666666668,-0.04170833333333333
mut_Y35F,heme_Co,80,-2.55,-0.13104166666666667,0.0033333333333333335,-0.04170833333333333
mut_Y35F,heme_Co,81,-4.06,-0.09875,-0.05875,-0.04170833333333333
mut_Y35F,heme_Co,82,-4.14,-0.1575,-0.0027083333333333334,-0.04170833333333333
mut_Y35F,heme_Co,83,-5.24,-0.13875,-0.04541666666666667,-0.04170833333333333
mut_Y35F,heme_Co,84,-6.34,-0.144375,-0.061875000000000006,-0.04170833333333333
mut_Y35F,heme_Co,85,-4.63,-0.13,-0.04125,-0.04170833333333333
mut_Y35F,heme_Co,86,-4.54,-0.13229166666666667,-0.038125,-0.04170833333333333
mut_Y35F,heme_Co,87,-7.46,-0.17250000000000001,-0.05708333333333333,-0.04170833333333333
mut_Y35F,heme_Co,88,-5.11,-0.14416666666666667,-0.037083333333333336,-0.04170833333333333
mut_Y35F,heme_Co,89,-2.97,-0.13645833333333335,0.00020833333333333327,-0.04170833333333333
mut_Y35F,heme_Co,90,-3.01,-0.0975,-0.03895833333333333,-0.04170833333333333
mut_Y35F,heme_Co,91,-4.21,-0.09166666666666667,-0.07,-0.04170833333333333
mut_Y35F,heme_Co,92,-3.9,-0.16145833333333334,0.0060416666666666665,-0.04170833333333333
mut_Y35F,heme_Co,93,-2.32,-0.07979166666666666,-0.043125,-0.04170833333333333
mut_Y35F,heme_Co,94,-1.86,-0.11166666666666666,-0.0016666666666666666,-0.04170833333333333
mut_Y35F,heme_Co,95,-3.59,-0.12375,-0.026041666666666668,-0.04170833333333333
mut_Y35F,heme_Co,96,-4.03,-0.150625,-0.0075,-0.04170833333333333
mut_Y35F,heme_Co,97,-5.17,-0.14041666666666666,-0.04083333333333333,-0.04170833333333333
mut_Y35F,heme_Co,98,-3.55,-0.10541666666666667,-0.04229166666666667,-0.04170833333333333
mut_Y35F,heme_Co,99,-3.51,-0.10083333333333333,-0.04729166666666666,-0.04170833333333333
mut_Y35F,heme_Co,100,-4.22,-0.11583333333333333,-0.04604166666666667,-0.04170833333333333
mut_Y35F,heme_Fe,1,-8.14,-0.16244444444444445,-0.08533333333333333,-0.04448888888888889
mut_Y35F,heme_Fe,2,-6.42,-0.15555555555555556,-0.05333333333333334,-0.04448888888888889
mut_Y35F,heme_Fe,3,-6.79,-0.1622222222222222,-0.05511111111111111,-0.04448888888888889
mut_Y35F,heme_Fe,4,-10.86,-0.26711111111111113,-0.04044444444444444,-0.04448888888888889
mut_Y35F,heme_Fe,5,-7.63,-0.16933333333333334,-0.06666666666666667,-0.04448888888888889
mut_Y35F,heme_Fe,6,-7.85,-0.15444444444444444,-0.08688888888888889,-0.04448888888888889
mut_Y35F,heme_Fe,7,-6.62,-0.1948888888888889,-0.018444444444444444,-0.04448888888888889
mut_Y35F,heme_Fe,8,-5.21,-0.1608888888888889,-0.020888888888888887,-0.04448888888888889
mut_Y35F,heme_Fe,9,-7.94,-0.15977777777777777,-0.08311111111111111,-0.04448888888888889
mut_Y35F,heme_Fe,10,-4.15,-0.14444444444444446,-0.01288888888888889,-0.04448888888888889
mut_Y35F,heme_Fe,11,-11.94,-0.2828888888888889,-0.04888888888888889,-0.04448888888888889
mut_Y35F,heme_Fe,12,-8.0,-0.242,-0.002,-0.04448888888888889
mut_Y35F,heme_Fe,13,-4.49,-0.15422222222222223,-0.011333333333333334,-0.04448888888888889
mut_Y35F,heme_Fe,14,-5.81,-0.18444444444444444,-0.010888888888888889,-0.04448888888888889
mut_Y35F,heme_Fe,15,-5.03,-0.09644444444444444,-0.08155555555555556,-0.04448888888888889
mut_Y35F,heme_Fe,16,-7.3,-0.206,-0.022444444444444444,-0.04448888888888889
mut_Y35F,heme_Fe,17,-7.34,-0.15444444444444444,-0.07511111111111111,-0.04448888888888889
mut_Y35F,heme_Fe,18,-6.94,-0.15,-0.06955555555555555,-0.04448888888888889
mut_Y35F,heme_Fe,19,-8.37,-0.19355555555555556,-0.059111111111111114,-0.04448888888888889
mut_Y35F,heme_Fe,20,-7.81,-0.17355555555555555,-0.06577777777777778,-0.04448888888888889
mut_Y35F,heme_Fe,21,-4.51,-0.13355555555555557,-0.03177777777777778,-0.04448888888888889
mut_Y35F,heme_Fe,22,-7.44,-0.16377777777777777,-0.06733333333333333,-0.04448888888888889
mut_Y35F,heme_Fe,23,-7.55,-0.16977777777777778,-0.064,-0.04448888888888889
mut_Y35F,heme_Fe,24,-5.62,-0.17444444444444446,-0.01622222222222222,-0.04448888888888889
mut_Y35F,heme_Fe,25,-5.01,-0.15911111111111112,-0.019555555555555555,-0.04448888888888889
mut_Y35F,heme_Fe,26,-7.59,-0.1691111111111111,-0.06555555555555556,-0.04448888888888889
mut_Y35F,heme_Fe,27,-7.65,-0.16577777777777777,-0.07022222222222223,-0.04448888888888889
mut_Y35F,heme_Fe,28,-5.07,-0.17266666666666666,-0.006,-0.04448888888888889
mut_Y35F,heme_Fe,29,-6.83,-0.14644444444444443,-0.07222222222222222,-0.04448888888888889
mut_Y35F,heme_Fe,30,-7.71,-0.17044444444444445,-0.06688888888888889,-0.04448888888888889
mut_Y35F,heme_Fe,31,-4.97,-0.1428888888888889,-0.03511111111111111,-0.04448888888888889
mut_Y35F,heme_Fe,32,-6.11,-0.17266666666666666,-0.028666666666666667,-0.04448888888888889
mut_Y35F,heme_Fe,33,-7.75,-0.1471111111111111,-0.09044444444444445,-0.04448888888888889
mut_Y35F,heme_Fe,34,-4.23,-0.15688888888888888,-0.004,-0.04448888888888889
mut_Y35F,heme_Fe,35,-11.89,-0.2688888888888889,-0.060888888888888895,-0.04448888888888889
mut_Y35F,heme_Fe,36,-7.43,-0.15955555555555556,-0.07133333333333333,-0.04448888888888889
mut_Y35F,heme_Fe,37,-11.77,-0.26866666666666666,-0.058666666666666666,-0.04448888888888889
mut_Y35F,heme_Fe,38,-5.62,-0.13355555555555557,-0.058444444444444445,-0.04448888888888889
mut_Y35F,heme_Fe,39,-4.03,-0.15666666666666668,0.0008888888888888887,-0.04448888888888889
mut_Y35F,heme_Fe,40,-5.38,-0.16066666666666668,-0.025111111111111112,-0.04448888888888889
mut_Y35F,heme_Fe,41,-7.52,-0.16511111111111113,-0.06844444444444445,-0.04448888888888889
mut_Y35F,heme_Fe,42,-6.72,-0.1517777777777778,-0.064,-0.04448888888888889
mut_Y35F,heme_Fe,43,-4.7,-0.17044444444444445,-0.0008888888888888889,-0.04448888888888889
mut_Y35F,heme_Fe,44,-7.73,-0.19355555555555556,-0.044222222222222225,-0.04448888888888889
mut_Y35F,heme_Fe,45,-7.89,-0.18266666666666667,-0.05933333333333333,-0.04448888888888889
mut_Y35F,heme_Fe,46,-8.01,-0.16622222222222222,-0.07844444444444444,-0.04448888888888889
mut_Y35F,heme_Fe,47,-7.73,-0.18244444444444444,-0.05622222222222222,-0.04448888888888889
mut_Y35F,heme_Fe,48,-8.65,-0.22511111111111112,-0.03311111111111111,-0.04448888888888889
mut_Y35F,heme_Fe,49,-7.98,-0.16866666666666666,-0.07511111111111111,-0.04448888888888889
mut_Y35F,heme_Fe,50,-6.13,-0.12,-0.082,-0.04448888888888889
mut_Y35F,heme_Fe,51,-10.54,-0.2617777777777778,-0.03911111111111111,-0.04448888888888889
mut_Y35F,heme_Fe,52,-6.62,-0.16511111111111113,-0.04844444444444444,-0.04448888888888889
mut_Y35F,heme_Fe,53,-7.07,-0.2051111111111111,-0.017777777777777778,-0.04448888888888889
mut_Y35F,heme_Fe,54,-5.19,-0.15577777777777777,-0.025333333333333336,-0.04448888888888889
mut_Y35F,heme_Fe,55,-7.55,-0.16044444444444445,-0.07222222222222223,-0.04448888888888889
mut_Y35F,heme_Fe,56,-10.21,-0.256,-0.03711111111111111,-0.04448888888888889
mut_Y35F,heme_Fe,57,-7.87,-0.17155555555555557,-0.07022222222222223,-0.04448888888888889
mut_Y35F,heme_Fe,58,-7.27,-0.156,-0.07244444444444444,-0.04448888888888889
mut_Y35F,heme_Fe,59,-7.71,-0.16755555555555557,-0.06999999999999999,-0.04448888888888889
mut_Y35F,heme_Fe,60,-6.19,-0.17666666666666667,-0.02666666666666667,-0.04448888888888889
mut_Y35F,heme_Fe,61,-6.88,-0.162,-0.058444444444444445,-0.04448888888888889
mut_Y35F,heme_Fe,62,-11.88,-0.27,-0.060222222222222226,-0.04448888888888889
mut_Y35F,heme_Fe,63,-7.65,-0.19133333333333333,-0.044444444444444446,-0.04448888888888889
mut_Y35F,heme_Fe,64,-8.22,-0.182,-0.06711111111111111,-0.04448888888888889
mut_Y35F,heme_Fe,65,-7.32,-0.18511111111111112,-0.042444444444444444,-0.04448888888888889
mut_Y35F,heme_Fe,66,-5.84,-0.18222222222222223,-0.01377777777777778,-0.04448888888888889
mut_Y35F,heme_Fe,67,-6.41,-0.15266666666666667,-0.05555555555555556,-0.04448888888888889
mut_Y35F,heme_Fe,68,-6.97,-0.14755555555555555,-0.07311111111111111,-0.04448888888888889
mut_Y35F,heme_Fe,69,-6.98,-0.14177777777777778,-0.07977777777777778,-0.04448888888888889
mut_Y35F,heme_Fe,70,-5.29,-0.18355555555555556,-0.0017777777777777776,-0.04448888888888889
mut_Y35F,heme_Fe,71,-7.4,-0.154,-0.07644444444444444,-0.04448888888888889
mut_Y35F,heme_Fe,72,-7.83,-0.16511111111111113,-0.07577777777777778,-0.04448888888888889
mut_Y35F,heme_Fe,73,-6.07,-0.13355555555555557,-0.06755555555555555,-0.04448888888888889
mut_Y35F,heme_Fe,74,-7.72,-0.17177777777777778,-0.06622222222222222,-0.04448888888888889
mut_Y35F,heme_Fe,75,-7.03,-0.1671111111111111,-0.05355555555555556,-0.04448888888888889
mut_Y35F,heme_Fe,76,-7.1,-0.15911111111111112,-0.06533333333333333,-0.04448888888888889
mut_Y35F,heme_Fe,77,-6.91,-0.16555555555555557,-0.05511111111111111,-0.04448888888888889
mut_Y35F,heme_Fe,78,-11.43,-0.2648888888888889,-0.05444444444444445,-0.04448888888888889
mut_Y35F,heme_Fe,79,-8.09,-0.17577777777777778,-0.07022222222222223,-0.04448888888888889
mut_Y35F,heme_Fe,80,-7.37,-0.1671111111111111,-0.06355555555555556,-0.04448888888888889
mut_Y35F,heme_Fe,81,-6.38,-0.19088888888888889,-0.017555555555555553,-0.04448888888888889
mut_Y35F,heme_Fe,82,-7.25,-0.20577777777777778,-0.021333333333333333,-0.04448888888888889
mut_Y35F,heme_Fe,83,-7.02,-0.15733333333333333,-0.06488888888888888,-0.04448888888888889
mut_Y35F,heme_Fe,84,-7.69,-0.15844444444444444,-0.07955555555555556,-0.04448888888888889
mut_Y35F,heme_Fe,85,-11.58,-0.2653333333333333,-0.057999999999999996,-0.04448888888888889
mut_Y35F,heme_Fe,86,-11.89,-0.27311111111111114,-0.05733333333333333,-0.04448888888888889
mut_Y35F,heme_Fe,87,-5.56,-0.15066666666666667,-0.03844444444444444,-0.04448888888888889
mut_Y35F,heme_Fe,88,-7.51,-0.16866666666666666,-0.0648888888888889,-0.04448888888888889
mut_Y35F,heme_Fe,89,-12.38,-0.28400000000000003,-0.05688888888888889,-0.04448888888888889
mut_Y35F,heme_Fe,90,-8.15,-0.17222222222222222,-0.07444444444444444,-0.04448888888888889
mut_Y35F,heme_Fe,91,-4.87,-0.132,-0.04177777777777778,-0.04448888888888889
mut_Y35F,heme_Fe,92,-4.04,-0.09155555555555556,-0.06422222222222222,-0.04448888888888889
mut_Y35F,heme_Fe,93,-6.18,-0.11466666666666667,-0.08777777777777777,-0.04448888888888889
mut_Y35F,heme_Fe,94,-7.72,-0.17355555555555555,-0.06488888888888888,-0.04448888888888889
mut_Y35F,heme_Fe,95,-6.79,-0.13733333333333334,-0.07933333333333334,-0.04448888888888889
mut_Y35F,heme_Fe,96,-8.26,-0.18844444444444444,-0.06155555555555556,-0.04448888888888889
mut_Y35F,heme_Fe,97,-8.73,-0.2584444444444444,-0.0015555555555555555,-0.04448888888888889
mut_Y35F,heme_Fe,98,-6.1,-0.16111111111111112,-0.04088888888888889,-0.04448888888888889
mut_Y35F,heme_Fe,99,-7.28,-0.20466666666666666,-0.022222222222222223,-0.04448888888888889
mut_Y35F,heme_Fe,100,-6.17,-0.12044444444444445,-0.08311111111111111,-0.04448888888888889
mut_Y35F,heme_O2,1,-7.31,-0.15340425531914895,-0.06553191489361702,-0.04259574468085106
mut_Y35F,heme_O2,2,-5.13,-0.10659574468085106,-0.06702127659574468,-0.04259574468085106
mut_Y35F,heme_O2,3,-6.11,-0.17319148936170212,-0.020851063829787235,-0.04259574468085106
mut_Y35F,heme_O2,4,-4.56,-0.11893617021276597,-0.041914893617021276,-0.04259574468085106
mut_Y35F,heme_O2,5,-3.44,-0.14106382978723403,0.004468085106382978,-0.04259574468085106
mut_Y35F,heme_O2,6,-4.11,-0.13,-0.02,-0.04259574468085106
mut_Y35F,heme_O2,7,-5.22,-0.14957446808510638,-0.02531914893617021,-0.04259574468085106
mut_Y35F,heme_O2,8,-5.55,-0.11957446808510638,-0.06191489361702128,-0.04259574468085106
mut_Y35F,heme_O2,9,-6.07,-0.09872340425531916,-0.0925531914893617,-0.04259574468085106
mut_Y35F,heme_O2,10,-6.26,-0.14212765957446807,-0.05553191489361702,-0.04259574468085106
mut_Y35F,heme_O2,11,-6.52,-0.1548936170212766,-0.047021276595744683,-0.04259574468085106
mut_Y35F,heme_O2,12,-6.23,-0.10914893617021276,-0.08659574468085106,-0.04259574468085106
mut_Y35F,heme_O2,13,-5.19,-0.1525531914893617,-0.021702127659574466,-0.04259574468085106
mut_Y35F,heme_O2,14,-6.68,-0.14893617021276595,-0.05702127659574468,-0.04259574468085106
mut_Y35F,heme_O2,15,-6.08,-0.1427659574468085,-0.04978723404255319,-0.04259574468085106
mut_Y35F,heme_O2,16,-6.66,-0.13,-0.07531914893617021,-0.04259574468085106
mut_Y35F,heme_O2,17,-4.28,-0.1351063829787234,-0.01893617021276596,-0.04259574468085106
mut_Y35F,heme_O2,18,-6.5,-0.14127659574468085,-0.06063829787234042,-0.04259574468085106
mut_Y35F,heme_O2,19,-6.4,-0.12659574468085105,-0.07382978723404256,-0.04259574468085106
mut_Y35F,heme_O2,20,-5.4,-0.14765957446808511,-0.029574468085106383,-0.04259574468085106
mut_Y35F,heme_O2,21,-3.29,-0.13680851063829788,0.003829787234042553,-0.04259574468085106
mut_Y35F,heme_O2,22,-7.75,-0.16021276595744682,-0.06765957446808511,-0.04259574468085106
mut_Y35F,heme_O2,23,-6.2,-0.1797872340425532,-0.015957446808510637,-0.04259574468085106
mut_Y35F,heme_O2,24,-5.43,-0.13148936170212766,-0.04680851063829787,-0.04259574468085106
mut_Y35F,heme_O2,25,-4.9,-0.14936170212765956,-0.017872340425531916,-0.04259574468085106
mut_Y35F,heme_O2,26,-7.21,-0.16234042553191488,-0.05425531914893617,-0.04259574468085106
mut_Y35F,heme_O2,27,-5.58,-0.16446808510638297,-0.017446808510638297,-0.04259574468085106
mut_Y35F,heme_O2,28,-6.4,-0.1570212765957447,-0.04276595744680851,-0.04259574468085106
mut_Y35F,heme_O2,29,-4.55,-0.1346808510638298,-0.025319148936170214,-0.04259574468085106
mut_Y35F,heme_O2,30,-5.7,-0.14382978723404255,-0.04127659574468085,-0.04259574468085106
mut_Y35F,heme_O2,31,-5.7,-0.13297872340425532,-0.05148936170212766,-0.04259574468085106
mut_Y35F,heme_O2,32,-5.23,-0.14957446808510638,-0.025106382978723404,-0.04259574468085106
mut_Y35F,heme_O2,33,-6.18,-0.14957446808510638,-0.04510638297872341,-0.04259574468085106
mut_Y35F,heme_O2,34,-4.75,-0.13893617021276597,-0.026170212765957445,-0.04259574468085106
mut_Y35F,heme_O2,35,-7.99,-0.17170212765957446,-0.0623404255319149,-0.04259574468085106
mut_Y35F,heme_O2,36,-4.0,-0.10936170212765957,-0.03893617021276596,-0.04259574468085106
mut_Y35F,heme_O2,37,-7.76,-0.17148936170212767,-0.05680851063829787,-0.04259574468085106
mut_Y35F,heme_O2,38,-5.12,-0.16170212765957448,-0.00978723404255319,-0.04259574468085106
mut_Y35F,heme_O2,39,-4.91,-0.17553191489361702,0.007659574468085106,-0.04259574468085106
mut_Y35F,heme_O2,40,-5.57,-0.12723404255319148,-0.0551063829787234,-0.04259574468085106
mut_Y35F,heme_O2,41,-4.08,-0.06723404255319149,-0.08276595744680851,-0.04259574468085106
mut_Y35F,heme_O2,42,-3.93,-0.14808510638297873,0.0010638297872340426,-0.04259574468085106
mut_Y35F,heme_O2,43,-4.55,-0.1376595744680851,-0.02319148936170213,-0.04259574468085106
mut_Y35F,heme_O2,44,-6.25,-0.13148936170212766,-0.06446808510638298,-0.04259574468085106
mut_Y35F,heme_O2,45,-4.01,-0.10319148936170212,-0.04553191489361702,-0.04259574468085106
mut_Y35F,heme_O2,46,-5.42,-0.15851063829787235,-0.02,-0.04259574468085106
mut_Y35F,heme_O2,47,-5.17,-0.13531914893617022,-0.03872340425531915,-0.04259574468085106
mut_Y35F,heme_O2,48,-5.5,-0.16382978723404257,-0.015957446808510637,-0.04259574468085106
mut_Y35F,heme_O2,49,-4.18,-0.07617021276595745,-0.07638297872340426,-0.04259574468085106
mut_Y35F,heme_O2,50,-5.66,-0.1127659574468085,-0.07042553191489362,-0.04259574468085106
mut_Y35F,heme_O2,51,-4.46,-0.1076595744680851,-0.05,-0.04259574468085106
mut_Y35F,heme_O2,52,-3.77,-0.14106382978723406,-0.003404255319148936,-0.04259574468085106
mut_Y35F,heme_O2,53,-5.67,-0.13659574468085106,-0.04723404255319149,-0.04259574468085106
mut_Y35F,heme_O2,54,-3.69,-0.14297872340425533,0.0010638297872340426,-0.04259574468085106
mut_Y35F,heme_O2,55,-5.07,-0.09936170212765957,-0.07170212765957447,-0.04259574468085106
mut_Y35F,heme_O2,56,-5.52,-0.1102127659574468,-0.07063829787234042,-0.04259574468085106
mut_Y35F,heme_O2,57,-6.19,-0.13489361702127659,-0.06042553191489362,-0.04259574468085106
mut_Y35F,heme_O2,58,-5.53,-0.14851063829787234,-0.033191489361702124,-0.04259574468085106
mut_Y35F,heme_O2,59,-5.71,-0.1451063829787234,-0.040638297872340426,-0.04259574468085106
mut_Y35F,heme_O2,60,-4.83,-0.14617021276595746,-0.019148936170212766,-0.04259574468085106
mut_Y35F,heme_O2,61,-5.74,-0.16829787234042554,-0.017659574468085106,-0.04259574468085106
mut_Y35F,heme_O2,62,-5.22,-0.1574468085106383,-0.017446808510638297,-0.04259574468085106
mut_Y35F,heme_O2,63,-6.32,-0.14106382978723406,-0.05680851063829787,-0.04259574468085106
mut_Y35F,heme_O2,64,-5.98,-0.11659574468085107,-0.07340425531914893,-0.04259574468085106
mut_Y35F,heme_O2,65,-5.68,-0.13446808510638297,-0.049574468085106384,-0.04259574468085106
mut_Y35F,heme_O2,66,-5.3,-0.1793617021276596,0.0025531914893617024,-0.04259574468085106
mut_Y35F,heme_O2,67,-6.56,-0.14446808510638298,-0.05829787234042553,-0.04259574468085106
mut_Y35F,heme_O2,68,-3.94,-0.14808510638297873,0.00042553191489361707,-0.04259574468085106
mut_Y35F,heme_O2,69,-3.81,-0.1425531914893617,-0.0019148936170212765,-0.04259574468085106
mut_Y35F,heme_O2,70,-5.03,-0.1474468085106383,-0.022340425531914895,-0.04259574468085106
mut_Y35F,heme_O2,71,-5.12,-0.1523404255319149,-0.019361702127659575,-0.04259574468085106
mut_Y35F,heme_O2,72,-5.77,-0.1478723404255319,-0.03787234042553191,-0.04259574468085106
mut_Y35F,heme_O2,73,-7.19,-0.16638297872340427,-0.05021276595744681,-0.04259574468085106
mut_Y35F,heme_O2,74,-5.33,-0.11680851063829788,-0.06063829787234043,-0.04259574468085106
mut_Y35F,heme_O2,75,-4.46,-0.08085106382978724,-0.0772340425531915,-0.04259574468085106
mut_Y35F,heme_O2,76,-4.69,-0.13702127659574467,-0.025106382978723404,-0.04259574468085106
mut_Y35F,heme_O2,77,-4.31,-0.14106382978723406,-0.013829787234042554,-0.04259574468085106
mut_Y35F,heme_O2,78,-5.49,-0.12319148936170213,-0.05680851063829787,-0.04259574468085106
mut_Y35F,heme_O2,79,-6.18,-0.13382978723404254,-0.06106382978723404,-0.04259574468085106
mut_Y35F,heme_O2,80,-4.37,-0.14595744680851064,-0.011702127659574468,-0.04259574468085106
mut_Y35F,heme_O2,81,-6.48,-0.17319148936170214,-0.027659574468085105,-0.04259574468085106
mut_Y35F,heme_O2,82,-5.54,-0.09276595744680852,-0.08872340425531915,-0.04259574468085106
mut_Y35F,heme_O2,83,-6.86,-0.14638297872340425,-0.06319148936170213,-0.04259574468085106
mut_Y35F,heme_O2,84,-5.64,-0.12255319148936171,-0.06106382978723404,-0.04259574468085106
mut_Y35F,heme_O2,85,-8.01,-0.17319148936170212,-0.060851063829787236,-0.04259574468085106
mut_Y35F,heme_O2,86,-6.44,-0.16425531914893618,-0.03531914893617021,-0.04259574468085106
mut_Y35F,heme_O2,87,-4.3,-0.13382978723404257,-0.020638297872340425,-0.04259574468085106
mut_Y35F,heme_O2,88,-4.84,-0.11382978723404255,-0.05297872340425532,-0.04259574468085106
mut_Y35F,heme_O2,89,-5.49,-0.1351063829787234,-0.045319148936170214,-0.04259574468085106
mut_Y35F,heme_O2,90,-4.94,-0.14914893617021277,-0.020425531914893616,-0.04259574468085106
mut_Y35F,heme_O2,91,-4.59,-0.1427659574468085,-0.01851063829787234,-0.04259574468085106
mut_Y35F,heme_O2,92,-5.28,-0.1523404255319149,-0.023829787234042554,-0.04259574468085106
mut_Y35F,heme_O2,93,-5.87,-0.13787234042553193,-0.05148936170212766,-0.04259574468085106
mut_Y35F,heme_O2,94,-5.48,-0.09489361702127659,-0.08468085106382978,-0.04259574468085106
mut_Y35F,heme_O2,95,-4.6,-0.16382978723404257,0.0021276595744680847,-0.04259574468085106
mut_Y35F,heme_O2,96,-5.74,-0.11574468085106383,-0.06957446808510638,-0.04259574468085106
mut_Y35F,heme_O2,97,-6.95,-0.15914893617021278,-0.05148936170212766,-0.04259574468085106
mut_Y35F,heme_O2,98,-4.29,-0.1423404255319149,-0.012127659574468085,-0.04259574468085106
mut_Y35F,heme_O2,99,-3.57,-0.13170212765957448,-0.007446808510638298,-0.04259574468085106
mut_Y35F,heme_O2,100,-5.23,-0.08127659574468085,-0.09340425531914893,-0.04259574468085106
mut_Y35F,IHP,1,,-0.07604166666666667,-0.006041666666666667,-0.00012500000000000358
mut_Y35F,IHP,2,,-0.07187500000000001,-0.0012500000000000002,-0.00012500000000000358
mut_Y35F,IHP,3,,-0.074375,-0.009791666666666667,-0.00012500000000000358
mut_Y35F,IHP,4,,-0.06979166666666667,-0.00625,-0.00012500000000000358
mut_Y35F,IHP,5,,-0.08208333333333333,-0.010416666666666668,-0.00012500000000000358
mut_Y35F,IHP,6,,-0.08916666666666667,-0.002916666666666667,-0.00012500000000000358
mut_Y35F,IHP,7,,-0.08708333333333333,-0.003958333333333334,-0.00012500000000000358
mut_Y35F,IHP,8,,-0.05333333333333334,0.0,-0.00012500000000000358
mut_Y35F,IHP,9,,-0.056875,0.0010416666666666667,-0.00012500000000000358
mut_Y35F,IHP,10,,-0.06229166666666667,-0.0016666666666666663,-0.00012500000000000358
mut_Y35F,IHP,11,,-0.10333333333333333,-0.007708333333333333,-0.00012500000000000358
mut_Y35F,IHP,12,,-0.04895833333333333,-0.0010416666666666669,-0.00012500000000000358
mut_Y35F,IHP,13,,-0.10020833333333333,-0.004583333333333333,-0.00012500000000000358
mut_Y35F,IHP,14,,-0.09125,-0.00020833333333333286,-0.00012500000000000358
mut_Y35F,IHP,15,,-0.11291666666666667,-0.005833333333333333,-0.00012500000000000358
mut_Y35F,IHP,16,,-0.06291666666666666,0.0008333333333333331,-0.00012500000000000358
mut_Y35F,IHP,17,,-0.07875,-0.0024999999999999996,-0.00012500000000000358
mut_Y35F,IHP,18,,-0.08,-0.0008333333333333334,-0.00012500000000000358
mut_Y35F,IHP,19,,-0.07791666666666666,-0.004583333333333333,-0.00012500000000000358
mut_Y35F,IHP,20,,-0.08020833333333334,-0.002083333333333334,-0.00012500000000000358
mut_Y35F,IHP,21,,-0.07541666666666667,-0.0043749999999999995,-0.00012500000000000358
mut_Y35F,IHP,22,,-0.06708333333333333,-0.010833333333333334,-0.00012500000000000358
mut_Y35F,IHP,23,,-0.06916666666666667,-0.0016666666666666666,-0.00012500000000000358
mut_Y35F,IHP,24,,-0.06604166666666667,-0.010416666666666668,-0.00012500000000000358
mut_Y35F,IHP,25,,-0.07791666666666666,-0.007083333333333333,-0.00012500000000000358
mut_Y35F,IHP,26,,-0.043750000000000004,-0.0027083333333333347,-0.00012500000000000358
mut_Y35F,IHP,27,,-0.06520833333333333,-0.005000000000000001,-0.00012500000000000358
mut_Y35F,IHP,28,,-0.09104166666666666,-0.01666666666666667,-0.00012500000000000358
mut_Y35F,IHP,29,,-0.10020833333333333,-0.0016666666666666666,-0.00012500000000000358
mut_Y35F,IHP,30,,-0.04583333333333333,-0.004791666666666669,-0.00012500000000000358
mut_Y35F,IHP,31,,-0.09583333333333333,-0.004166666666666667,-0.00012500000000000358
mut_Y35F,IHP,32,,-0.09145833333333334,0.00020833333333333316,-0.00012500000000000358
mut_Y35F,IHP,33,,-0.11854166666666667,-0.006666666666666665,-0.00012500000000000358
mut_Y35F,IHP,34,,-0.08708333333333333,-0.005416666666666667,-0.00012500000000000358
mut_Y35F,IHP,35,,-0.09083333333333334,-0.0025,-0.00012500000000000358
mut_Y35F,IHP,36,,-0.11833333333333333,-0.007916666666666666,-0.00012500000000000358
mut_Y35F,IHP,37,,-0.130625,-0.006041666666666666,-0.00012500000000000358
mut_Y35F,IHP,38,,-0.07083333333333333,-0.0033333333333333335,-0.00012500000000000358
mut_Y35F,IHP,39,-0.6,-0.14875,-0.013541666666666665,-0.00012500000000000358
mut_Y35F,IHP,40,,-0.0475,0.00020833333333333335,-0.00012500000000000358
mut_Y35F,IHP,41,,-0.07229166666666667,-0.008958333333333334,-0.00012500000000000358
mut_Y35F,IHP,42,,-0.068125,-0.012708333333333334,-0.00012500000000000358
mut_Y35F,IHP,43,,-0.13333333333333333,-0.013125000000000003,-0.00012500000000000358
mut_Y35F,IHP,44,,-0.08333333333333333,-0.000833333333333334,-0.00012500000000000358
mut_Y35F,IHP,45,,-0.0925,-0.005625,-0.00012500000000000358
mut_Y35F,IHP,46,,-0.08125,-0.0006250000000000001,-0.00012500000000000358
mut_Y35F,IHP,47,,-0.069375,-0.005625,-0.00012500000000000358
mut_Y35F,IHP,48,,-0.06291666666666666,-0.0025000000000000005,-0.00012500000000000358
mut_Y35F,IHP,49,,-0.08916666666666667,-0.0022916666666666667,-0.00012500000000000358
mut_Y35F,IHP,50,,-0.07083333333333333,-0.0018750000000000008,-0.00012500000000000358
mut_Y35F,IHP,51,,-0.086875,-0.003333333333333334,-0.00012500000000000358
mut_Y35F,IHP,52,,-0.10479166666666667,-0.012916666666666667,-0.00012500000000000358
mut_Y35F,IHP,53,,-0.07625,-0.006666666666666666,-0.00012500000000000358
mut_Y35F,IHP,54,,-0.07979166666666666,-0.004999999999999999,-0.00012500000000000358
mut_Y35F,IHP,55,,-0.07979166666666666,-0.0025,-0.00012500000000000358
mut_Y35F,IHP,56,,-0.069375,0.0012499999999999996,-0.00012500000000000358
mut_Y35F,IHP,57,,-0.075625,-0.0037499999999999994,-0.00012500000000000358
mut_Y35F,IHP,58,,-0.059375000000000004,-0.008958333333333332,-0.00012500000000000358
mut_Y35F,IHP,59,,-0.08104166666666666,-0.003333333333333333,-0.00012500000000000358
mut_Y35F,IHP,60,,-0.069375,-0.010833333333333334,-0.00012500000000000358
mut_Y35F,IHP,61,,-0.08020833333333334,-0.0016666666666666668,-0.00012500000000000358
mut_Y35F,IHP,62,,-0.041041666666666664,-0.0075,-0.00012500000000000358
mut_Y35F,IHP,63,,-0.06729166666666667,-0.003125,-0.00012500000000000358
mut_Y35F,IHP,64,,-0.080625,-0.0006249999999999995,-0.00012500000000000358
mut_Y35F,IHP,65,,-0.05291666666666667,-0.008958333333333334,-0.00012500000000000358
mut_Y35F,IHP,66,,-0.10541666666666667,-0.0016666666666666668,-0.00012500000000000358
mut_Y35F,IHP,67,,-0.10520833333333333,-0.005208333333333332,-0.00012500000000000358
mut_Y35F,IHP,68,,-0.11416666666666667,-0.017916666666666668,-0.00012500000000000358
mut_Y35F,IHP,69,,-0.10625,-0.012708333333333334,-0.00012500000000000358
mut_Y35F,IHP,70,,-0.06145833333333333,-0.010833333333333332,-0.00012500000000000358
mut_Y35F,IHP,71,,-0.05416666666666667,-0.0012499999999999998,-0.00012500000000000358
mut_Y35F,IHP,72,,-0.07541666666666667,-0.004166666666666667,-0.00012500000000000358
mut_Y35F,IHP,73,,-0.09541666666666666,-0.0056250000000000015,-0.00012500000000000358
mut_Y35F,IHP,74,,-0.094375,-0.008958333333333334,-0.00012500000000000358
mut_Y35F,IHP,75,,-0.07854166666666666,-0.0014583333333333336,-0.00012500000000000358
mut_Y35F,IHP,76,,-0.11416666666666667,-3.6140072416183483e-19,-0.00012500000000000358
mut_Y35F,IHP,77,,-0.11812500000000001,-0.007500000000000001,-0.00012500000000000358
mut_Y35F,IHP,78,,-0.07083333333333333,-0.0035416666666666674,-0.00012500000000000358
mut_Y35F,IHP,79,,-0.08687500000000001,-0.010208333333333333,-0.00012500000000000358
mut_Y35F,IHP,80,,-0.08145833333333334,0.00020833333333333356,-0.00012500000000000358
mut_Y35F,IHP,81,,-0.05291666666666667,-0.0035416666666666665,-0.00012500000000000358
mut_Y35F,IHP,82,,-0.06666666666666667,-0.012291666666666666,-0.00012500000000000358
mut_Y35F,IHP,83,,-0.12833333333333333,-0.008333333333333333,-0.00012500000000000358
mut_Y35F,IHP,84,,-0.109375,-0.007499999999999999,-0.00012500000000000358
mut_Y35F,IHP,85,,-0.06708333333333334,-0.01583333333333333,-0.00012500000000000358
mut_Y35F,IHP,86,,-0.13520833333333335,-0.004791666666666666,-0.00012500000000000358
mut_Y35F,IHP,87,,-0.12520833333333334,-0.013958333333333331,-0.00012500000000000358
mut_Y35F,IHP,88,,-0.055,-0.003749999999999999,-0.00012500000000000358
mut_Y35F,IHP,89,,-0.12291666666666667,-0.019375,-0.00012500000000000358
mut_Y35F,IHP,90,,-0.11125,-0.012916666666666668,-0.00012500000000000358
mut_Y35F,IHP,91,,-0.06854166666666667,-0.001666666666666667,-0.00012500000000000358
mut_Y35F,IHP,92,,-0.08333333333333333,-0.006666666666666667,-0.00012500000000000358
mut_Y35F,IHP,93,,-0.052083333333333336,-0.0010416666666666669,-0.00012500000000000358
mut_Y35F,IHP,94,,-0.07333333333333333,-0.0029166666666666672,-0.00012500000000000358
mut_Y35F,IHP,95,,-0.079375,-0.006875,-0.00012500000000000358
mut_Y35F,IHP,96,,-0.05125,0.00020833333333333335,-0.00012500000000000358
mut_Y35F,IHP,97,,-0.073125,-0.004166666666666667,-0.00012500000000000358
mut_Y35F,IHP,98,,-0.057708333333333334,0.00020833333333333346,-0.00012500000000000358
mut_Y35F,IHP,99,,-0.08583333333333333,-0.010208333333333331,-0.00012500000000000358
mut_Y35F,IHP,100,,-0.13375,-0.0043749999999999995,-0.00012500000000000358
mut_N102T,2_3_BPG,1,-9.25,-0.252,-0.48266666666666663,-0.33066666666666666
mut_N102T,2_3_BPG,2,-9.2,-0.26866666666666666,-0.464,-0.33066666666666666
mut_N102T,2_3_BPG,3,-9.04,-0.25333333333333335,-0.4693333333333333,-0.33066666666666666
mut_N102T,2_3_BPG,4,-9.15,-0.2693333333333333,-0.462,-0.33066666666666666
mut_N102T,2_3_BPG,5,-9.16,-0.2673333333333333,-0.46266666666666667,-0.33066666666666666
mut_N102T,2_3_BPG,6,-9.33,-0.258,-0.48533333333333334,-0.33066666666666666
mut_N102T,2_3_BPG,7,-9.15,-0.25933333333333336,-0.4713333333333333,-0.33066666666666666
mut_N102T,2_3_BPG,8,-9.3,-0.23933333333333334,-0.5006666666666667,-0.33066666666666666
mut_N102T,2_3_BPG,9,-9.37,-0.26,-0.48533333333333334,-0.33066666666666666
mut_N102T,2_3_BPG,10,-9.24,-0.2793333333333333,-0.45666666666666667,-0.33066666666666666
mut_N102T,2_3_BPG,11,-9.19,-0.268,-0.46399999999999997,-0.33066666666666666
mut_N102T,2_3_BPG,12,-9.24,-0.246,-0.48933333333333334,-0.33066666666666666
mut_N102T,2_3_BPG,13,-9.27,-0.2886666666666667,-0.44866666666666666,-0.33066666666666666
mut_N102T,2_3_BPG,14,-8.56,-0.24133333333333332,-0.448,-0.33066666666666666
mut_N102T,2_3_BPG,15,-9.27,-0.27599999999999997,-0.462,-0.33066666666666666
mut_N102T,2_3_BPG,16,-8.27,-0.196,-0.4746666666666667,-0.33066666666666666
mut_N102T,2_3_BPG,17,-9.4,-0.24133333333333334,-0.5033333333333333,-0.33066666666666666
mut_N102T,2_3_BPG,18,-9.02,-0.264,-0.45533333333333337,-0.33066666666666666
mut_N102T,2_3_BPG,19,-9.22,-0.25666666666666665,-0.4766666666666667,-0.33066666666666666
mut_N102T,2_3_BPG,20,-8.96,-0.262,-0.456,-0.33066666666666666
mut_N102T,2_3_BPG,21,-9.46,-0.334,-0.41866666666666663,-0.33066666666666666
mut_N102T,2_3_BPG,22,-9.28,-0.25933333333333336,-0.4786666666666667,-0.33066666666666666
mut_N102T,2_3_BPG,23,-9.07,-0.22466666666666665,-0.4986666666666667,-0.33066666666666666
mut_N102T,2_3_BPG,24,-9.18,-0.2793333333333333,-0.45266666666666666,-0.33066666666666666
mut_N102T,2_3_BPG,25,-9.25,-0.25266666666666665,-0.48133333333333334,-0.33066666666666666
mut_N102T,2_3_BPG,26,-9.12,-0.264,-0.462,-0.33066666666666666
mut_N102T,2_3_BPG,27,-9.07,-0.334,-0.38933333333333336,-0.33066666666666666
mut_N102T,2_3_BPG,28,-9.3,-0.31933333333333336,-0.42133333333333334,-0.33066666666666666
mut_N102T,2_3_BPG,29,-9.21,-0.272,-0.4633333333333333,-0.33066666666666666
mut_N102T,2_3_BPG,30,-9.04,-0.2846666666666667,-0.438,-0.33066666666666666
mut_N102T,2_3_BPG,31,-9.32,-0.2613333333333333,-0.48,-0.33066666666666666
mut_N102T,2_3_BPG,32,-9.03,-0.26266666666666666,-0.458,-0.33066666666666666
mut_N102T,2_3_BPG,33,-9.39,-0.33666666666666667,-0.41,-0.33066666666666666
mut_N102T,2_3_BPG,34,-9.39,-0.2753333333333333,-0.4706666666666667,-0.33066666666666666
mut_N102T,2_3_BPG,35,-8.99,-0.254,-0.46266666666666667,-0.33066666666666666
mut_N102T,2_3_BPG,36,-9.0,-0.25666666666666665,-0.46066666666666667,-0.33066666666666666
mut_N102T,2_3_BPG,37,-8.8,-0.264,-0.44266666666666665,-0.33066666666666666
mut_N102T,2_3_BPG,38,-9.16,-0.2713333333333333,-0.4593333333333333,-0.33066666666666666
mut_N102T,2_3_BPG,39,-8.36,-0.21466666666666667,-0.46266666666666667,-0.33066666666666666
mut_N102T,2_3_BPG,40,-9.69,-0.33266666666666667,-0.432,-0.33066666666666666
mut_N102T,2_3_BPG,41,-9.31,-0.2633333333333333,-0.47533333333333333,-0.33066666666666666
mut_N102T,2_3_BPG,42,-8.81,-0.25,-0.458,-0.33066666666666666
mut_N102T,2_3_BPG,43,-8.64,-0.23733333333333334,-0.4593333333333333,-0.33066666666666666
mut_N102T,2_3_BPG,44,-9.08,-0.264,-0.4613333333333333,-0.33066666666666666
mut_N102T,2_3_BPG,45,-9.0,-0.27066666666666667,-0.4473333333333333,-0.33066666666666666
mut_N102T,2_3_BPG,46,-10.09,-0.368,-0.424,-0.33066666666666666
mut_N102T,2_3_BPG,47,-9.63,-0.3446666666666667,-0.41733333333333333,-0.33066666666666666
mut_N102T,2_3_BPG,48,-9.24,-0.35866666666666663,-0.378,-0.33066666666666666
mut_N102T,2_3_BPG,49,-9.54,-0.26466666666666666,-0.49133333333333334,-0.33066666666666666
mut_N102T,2_3_BPG,50,-9.29,-0.252,-0.4866666666666667,-0.33066666666666666
mut_N102T,2_3_BPG,51,-9.98,-0.3806666666666667,-0.4033333333333333,-0.33066666666666666
mut_N102T,2_3_BPG,52,-8.85,-0.312,-0.39866666666666667,-0.33066666666666666
mut_N102T,2_3_BPG,53,-8.95,-0.26866666666666666,-0.44866666666666666,-0.33066666666666666
mut_N102T,2_3_BPG,54,-9.31,-0.25866666666666666,-0.48333333333333334,-0.33066666666666666
mut_N102T,2_3_BPG,55,-8.93,-0.22466666666666665,-0.4886666666666667,-0.33066666666666666
mut_N102T,2_3_BPG,56,-9.48,-0.2713333333333333,-0.48,-0.33066666666666666
mut_N102T,2_3_BPG,57,-9.37,-0.352,-0.392,-0.33066666666666666
mut_N102T,2_3_BPG,58,-9.24,-0.266,-0.4693333333333333,-0.33066666666666666
mut_N102T,2_3_BPG,59,-9.19,-0.324,-0.40800000000000003,-0.33066666666666666
mut_N102T,2_3_BPG,60,-9.19,-0.2633333333333333,-0.4693333333333333,-0.33066666666666666
mut_N102T,2_3_BPG,61,-9.12,-0.24133333333333334,-0.488,-0.33066666666666666
mut_N102T,2_3_BPG,62,-9.44,-0.24266666666666667,-0.5073333333333333,-0.33066666666666666
mut_N102T,2_3_BPG,63,-9.13,-0.26,-0.4666666666666667,-0.33066666666666666
mut_N102T,2_3_BPG,64,-9.02,-0.266,-0.45333333333333337,-0.33066666666666666
mut_N102T,2_3_BPG,65,-9.06,-0.25933333333333336,-0.464,-0.33066666666666666
mut_N102T,2_3_BPG,66,-8.36,-0.246,-0.42933333333333334,-0.33066666666666666
mut_N102T,2_3_BPG,67,-9.39,-0.272,-0.47533333333333333,-0.33066666666666666
mut_N102T,2_3_BPG,68,-9.39,-0.32,-0.42333333333333334,-0.33066666666666666
mut_N102T,2_3_BPG,69,-9.0,-0.26466666666666666,-0.4533333333333333,-0.33066666666666666
mut_N102T,2_3_BPG,70,-8.65,-0.20533333333333334,-0.49133333333333334,-0.33066666666666666
mut_N102T,2_3_BPG,71,-9.11,-0.2786666666666667,-0.448,-0.33066666666666666
mut_N102T,2_3_BPG,72,-9.59,-0.238,-0.522,-0.33066666666666666
mut_N102T,2_3_BPG,73,-9.14,-0.2673333333333333,-0.4613333333333333,-0.33066666666666666
mut_N102T,2_3_BPG,74,-9.18,-0.266,-0.4653333333333333,-0.33066666666666666
mut_N102T,2_3_BPG,75,-9.41,-0.24666666666666667,-0.5013333333333333,-0.33066666666666666
mut_N102T,2_3_BPG,76,-9.17,-0.262,-0.4686666666666667,-0.33066666666666666
mut_N102T,2_3_BPG,77,-9.33,-0.33266666666666667,-0.4086666666666667,-0.33066666666666666
mut_N102T,2_3_BPG,78,-8.76,-0.25733333333333336,-0.446,-0.33066666666666666
mut_N102T,2_3_BPG,79,-9.24,-0.24866666666666667,-0.488,-0.33066666666666666
mut_N102T,2_3_BPG,80,-9.1,-0.26666666666666666,-0.46,-0.33066666666666666
mut_N102T,2_3_BPG,81,-9.33,-0.32933333333333337,-0.4126666666666667,-0.33066666666666666
mut_N102T,2_3_BPG,82,-9.22,-0.2593333333333333,-0.47533333333333333,-0.33066666666666666
mut_N102T,2_3_BPG,83,-9.22,-0.244,-0.49066666666666664,-0.33066666666666666
mut_N102T,2_3_BPG,84,-9.36,-0.24933333333333332,-0.49333333333333335,-0.33066666666666666
mut_N102T,2_3_BPG,85,-8.64,-0.2573333333333333,-0.438,-0.33066666666666666
mut_N102T,2_3_BPG,86,-9.09,-0.27,-0.454,-0.33066666666666666
mut_N102T,2_3_BPG,87,-9.45,-0.35000000000000003,-0.39866666666666667,-0.33066666666666666
mut_N102T,2_3_BPG,88,-9.14,-0.268,-0.46066666666666667,-0.33066666666666666
mut_N102T,2_3_BPG,89,-9.11,-0.26133333333333336,-0.4666666666666667,-0.33066666666666666
mut_N102T,2_3_BPG,90,-9.86,-0.3686666666666667,-0.4073333333333333,-0.33066666666666666
mut_N102T,2_3_BPG,91,-9.39,-0.252,-0.49200000000000005,-0.33066666666666666
mut_N102T,2_3_BPG,92,-8.99,-0.2693333333333333,-0.44733333333333336,-0.33066666666666666
mut_N102T,2_3_BPG,93,-9.19,-0.2673333333333333,-0.4646666666666667,-0.33066666666666666
mut_N102T,2_3_BPG,94,-9.05,-0.22533333333333333,-0.49733333333333335,-0.33066666666666666
mut_N102T,2_3_BPG,95,-8.48,-0.25666666666666665,-0.4266666666666667,-0.33066666666666666
mut_N102T,2_3_BPG,96,-9.32,-0.244,-0.4966666666666667,-0.33066666666666666
mut_N102T,2_3_BPG,97,-9.36,-0.33,-0.41333333333333333,-0.33066666666666666
mut_N102T,2_3_BPG,98,-8.92,-0.26133333333333336,-0.45066666666666666,-0.33066666666666666
mut_N102T,2_3_BPG,99,-9.55,-0.3453333333333333,-0.41133333333333333,-0.33066666666666666
mut_N102T,2_3_BPG,100,-9.17,-0.32866666666666666,-0.4033333333333333,-0.33066666666666666
mut_N102T,heme,1,-4.26,-0.14722222222222223,-0.003333333333333333,-3.7037037037035065e-05
mut_N102T,heme,2,-5.38,-0.15574074074074074,-0.014814814814814815,-3.7037037037035065e-05
mut_N102T,heme,3,-5.76,-0.1637037037037037,-0.015000000000000001,-3.7037037037035065e-05
mut_N102T,heme,4,-3.87,-0.13037037037037036,-0.01314814814814815,-3.7037037037035065e-05
mut_N102T,heme,5,-3.61,-0.13166666666666665,-0.007037037037037037,-3.7037037037035065e-05
mut_N102T,heme,6,-4.98,-0.15425925925925926,-0.009814814814814814,-3.7037037037035065e-05
mut_N102T,heme,7,-5.74,-0.1637037037037037,-0.014074074074074074,-3.7037037037035065e-05
mut_N102T,heme,8,-3.11,-0.12574074074074074,-0.003333333333333333,-3.7037037037035065e-05
mut_N102T,heme,9,-6.2,-0.17796296296296296,-0.008518518518518519,-3.7037037037035065e-05
mut_N102T,heme,10,-7.49,-0.1938888888888889,-0.01666666666666667,-3.7037037037035065e-05
mut_N102T,heme,11,-3.7,-0.1361111111111111,-0.004074074074074075,-3.7037037037035065e-05
mut_N102T,heme,12,-4.28,-0.1464814814814815,-0.0038888888888888883,-3.7037037037035065e-05
mut_N102T,heme,13,-3.99,-0.1438888888888889,-0.0018518518518518526,-3.7037037037035065e-05
mut_N102T,heme,14,-4.6,-0.15203703703703703,-0.005,-3.7037037037035065e-05
mut_N102T,heme,15,-4.59,-0.1514814814814815,-0.004999999999999999,-3.7037037037035065e-05
mut_N102T,heme,16,-8.69,-0.21222222222222223,-0.020555555555555556,-3.7037037037035065e-05
mut_N102T,heme,17,-3.09,-0.12574074074074074,-0.002777777777777777,-3.7037037037035065e-05
mut_N102T,heme,18,-7.25,-0.19166666666666668,-0.01425925925925926,-3.7037037037035065e-05
mut_N102T,heme,19,-3.7,-0.1385185185185185,-0.0014814814814814816,-3.7037037037035065e-05
mut_N102T,heme,20,-5.67,-0.16518518518518518,-0.011481481481481481,-3.7037037037035065e-05
mut_N102T,heme,21,-5.38,-0.1638888888888889,-0.007037037037037035,-3.7037037037035065e-05
mut_N102T,heme,22,-4.91,-0.15259259259259259,-0.010925925925925927,-3.7037037037035065e-05
mut_N102T,heme,23,-4.88,-0.15944444444444444,-0.0033333333333333327,-3.7037037037035065e-05
mut_N102T,heme,24,-2.6,-0.11944444444444445,2.248715617006972e-19,-3.7037037037035065e-05
mut_N102T,heme,25,-4.66,-0.1488888888888889,-0.010370370370370372,-3.7037037037035065e-05
mut_N102T,heme,26,-6.54,-0.17148148148148148,-0.021111111111111115,-3.7037037037035065e-05
mut_N102T,heme,27,-3.46,-0.1362962962962963,-1.927470528863119e-19,-3.7037037037035065e-05
mut_N102T,heme,28,-3.08,-0.12703703703703703,-0.0025925925925925925,-3.7037037037035065e-05
mut_N102T,heme,29,-3.83,-0.13666666666666666,-0.005370370370370371,-3.7037037037035065e-05
mut_N102T,heme,30,-7.12,-0.18166666666666667,-0.022407407407407407,-3.7037037037035065e-05
mut_N102T,heme,31,-5.89,-0.1711111111111111,-0.008518518518518519,-3.7037037037035065e-05
mut_N102T,heme,32,-4.12,-0.14166666666666666,-0.005555555555555556,-3.7037037037035065e-05
mut_N102T,heme,33,-3.88,-0.14037037037037037,-0.002592592592592593,-3.7037037037035065e-05
mut_N102T,heme,34,-3.18,-0.12981481481481483,-0.0012962962962962963,-3.7037037037035065e-05
mut_N102T,heme,35,-2.72,-0.12037037037037038,-0.0020370370370370373,-3.7037037037035065e-05
mut_N102T,heme,36,-5.83,-0.16296296296296298,-0.017037037037037038,-3.7037037037035065e-05
mut_N102T,heme,37,-5.96,-0.17222222222222222,-0.010370370370370372,-3.7037037037035065e-05
mut_N102T,heme,38,-3.45,-0.1287037037037037,-0.007222222222222222,-3.7037037037035065e-05
mut_N102T,heme,39,-5.75,-0.16574074074074074,-0.012407407407407407,-3.7037037037035065e-05
mut_N102T,heme,40,-3.58,-0.13814814814814816,0.0005555555555555566,-3.7037037037035065e-05
mut_N102T,heme,41,-7.96,-0.2061111111111111,-0.012407407407407409,-3.7037037037035065e-05
mut_N102T,heme,42,-7.76,-0.20222222222222222,-0.012592592592592594,-3.7037037037035065e-05
mut_N102T,heme,43,-4.63,-0.15537037037037038,-0.0018518518518518526,-3.7037037037035065e-05
mut_N102T,heme,44,-4.12,-0.14425925925925925,-0.003888888888888889,-3.7037037037035065e-05
mut_N102T,heme,45,-5.63,-0.16925925925925925,-0.006296296296296296,-3.7037037037035065e-05
mut_N102T,heme,46,-4.25,-0.14629629629629629,-0.004074074074074074,-3.7037037037035065e-05
mut_N102T,heme,47,-3.52,-0.13407407407407407,-0.0031481481481481477,-3.7037037037035065e-05
mut_N102T,heme,48,-5.75,-0.16111111111111112,-0.016666666666666666,-3.7037037037035065e-05
mut_N102T,heme,49,-4.3,-0.14203703703703704,-0.009444444444444445,-3.7037037037035065e-05
mut_N102T,heme,50,-5.42,-0.17148148148148148,0.0001851851851851854,-3.7037037037035065e-05
mut_N102T,heme,51,-7.25,-0.19296296296296298,-0.01314814814814815,-3.7037037037035065e-05
mut_N102T,heme,52,-6.56,-0.1761111111111111,-0.017222222222222226,-3.7037037037035065e-05
mut_N102T,heme,53,-3.94,-0.14222222222222222,-0.0014814814814814816,-3.7037037037035065e-05
mut_N102T,heme,54,-3.77,-0.1387037037037037,-0.003888888888888889,-3.7037037037035065e-05
mut_N102T,heme,55,-5.13,-0.15981481481481483,-0.006666666666666666,-3.7037037037035065e-05
mut_N102T,heme,56,-4.69,-0.15555555555555556,-0.002592592592592594,-3.7037037037035065e-05
mut_N102T,heme,57,-3.53,-0.13592592592592592,-0.0014814814814814816,-3.7037037037035065e-05
mut_N102T,heme,58,-4.59,-0.15333333333333332,-0.003703703703703704,-3.7037037037035065e-05
mut_N102T,heme,59,-3.53,-0.1338888888888889,-0.0029629629629629632,-3.7037037037035065e-05
mut_N102T,heme,60,-3.77,-0.14,-0.0020370370370370373,-3.7037037037035065e-05
mut_N102T,heme,61,-5.71,-0.1737037037037037,-0.0037037037037037047,-3.7037037037035065e-05
mut_N102T,heme,62,-3.54,-0.13444444444444445,-0.002777777777777778,-3.7037037037035065e-05
mut_N102T,heme,63,-5.51,-0.17314814814814816,-0.0003703703703703702,-3.7037037037035065e-05
mut_N102T,heme,64,-4.36,-0.14759259259259258,-0.0044444444444444444,-3.7037037037035065e-05
mut_N102T,heme,65,-3.28,-0.12518518518518518,-0.007037037037037038,-3.7037037037035065e-05
mut_N102T,heme,66,-5.3,-0.16685185185185186,-0.0035185185185185185,-3.7037037037035065e-05
mut_N102T,heme,67,-4.6,-0.1487037037037037,-0.007962962962962963,-3.7037037037035065e-05
mut_N102T,heme,68,-4.16,-0.14555555555555555,-0.003333333333333334,-3.7037037037035065e-05
mut_N102T,heme,69,-4.45,-0.14777777777777779,-0.005555555555555555,-3.7037037037035065e-05
mut_N102T,heme,70,-4.75,-0.15222222222222223,-0.007037037037037037,-3.7037037037035065e-05
mut_N102T,heme,71,-3.68,-0.13814814814814816,-0.0014814814814814812,-3.7037037037035065e-05
mut_N102T,heme,72,-4.14,-0.14537037037037037,-0.0029629629629629632,-3.7037037037035065e-05
mut_N102T,heme,73,-3.6,-0.13592592592592592,-0.0033333333333333335,-3.7037037037035065e-05
mut_N102T,heme,74,-3.85,-0.14148148148148149,-0.0025925925925925925,-3.7037037037035065e-05
mut_N102T,heme,75,-2.92,-0.12666666666666668,0.0012962962962962954,-3.7037037037035065e-05
mut_N102T,heme,76,-4.9,-0.14666666666666667,-0.01611111111111111,-3.7037037037035065e-05
mut_N102T,heme,77,-4.82,-0.1514814814814815,-0.010000000000000002,-3.7037037037035065e-05
mut_N102T,heme,78,-4.39,-0.14314814814814816,-0.009629629629629629,-3.7037037037035065e-05
mut_N102T,heme,79,-5.39,-0.15777777777777777,-0.012962962962962964,-3.7037037037035065e-05
mut_N102T,heme,80,-5.32,-0.15944444444444444,-0.010555555555555554,-3.7037037037035065e-05
mut_N102T,heme,81,-5.14,-0.1487037037037037,-0.017777777777777778,-3.7037037037035065e-05
mut_N102T,heme,82,-4.83,-0.1511111111111111,-0.010185185185185186,-3.7037037037035065e-05
mut_N102T,heme,83,-5.11,-0.1622222222222222,-0.0044444444444444444,-3.7037037037035065e-05
mut_N102T,heme,84,-4.19,-0.1412962962962963,-0.007222222222222223,-3.7037037037035065e-05
mut_N102T,heme,85,-5.85,-0.16907407407407407,-0.011851851851851851,-3.7037037037035065e-05
mut_N102T,heme,86,-5.09,-0.16018518518518518,-0.0059259259259259265,-3.7037037037035065e-05
mut_N102T,heme,87,-2.52,-0.11314814814814815,-0.00537037037037037,-3.7037037037035065e-05
mut_N102T,heme,88,-6.94,-0.1925925925925926,-0.00814814814814815,-3.7037037037035065e-05
mut_N102T,heme,89,-4.48,-0.15203703703703703,-0.002777777777777777,-3.7037037037035065e-05
mut_N102T,heme,90,-3.06,-0.12592592592592594,-0.002962962962962963,-3.7037037037035065e-05
mut_N102T,heme,91,-3.89,-0.14,-0.0044444444444444444,-3.7037037037035065e-05
mut_N102T,heme,92,-4.17,-0.14092592592592593,-0.009074074074074075,-3.7037037037035065e-05
mut_N102T,heme,93,-3.41,-0.1348148148148148,-0.0007407407407407409,-3.7037037037035065e-05
mut_N102T,heme,94,-5.11,-0.14555555555555555,-0.021296296296296296,-3.7037037037035065e-05
mut_N102T,heme,95,-5.43,-0.16777777777777778,-0.0038888888888888905,-3.7037037037035065e-05
mut_N102T,heme,96,-7.51,-0.2001851851851852,-0.010185185185185186,-3.7037037037035065e-05
mut_N102T,heme,97,-5.35,-0.16203703703703703,-0.009629629629629629,-3.7037037037035065e-05
mut_N102T,heme,98,-5.86,-0.1737037037037037,-0.007222222222222222,-3.7037037037035065e-05
mut_N102T,heme,99,-6.12,-0.17425925925925925,-0.011111111111111113,-3.7037037037035065e-05
mut_N102T,heme,100,-6.72,-0.19055555555555556,-0.005000000000000001,-3.7037037037035065e-05
mut_N102T,heme_Co,1,-3.63,-0.12708333333333333,-0.022708333333333334,-0.04170833333333333
mut_N102T,heme_Co,2,-2.85,-0.135,0.0008333333333333333,-0.04170833333333333
mut_N102T,heme_Co,3,-5.44,-0.165625,-0.022291666666666668,-0.04170833333333333
mut_N102T,heme_Co,4,-5.56,-0.12854166666666667,-0.06270833333333334,-0.04170833333333333
mut_N102T,heme_Co,5,-5.34,-0.11375,-0.07270833333333333,-0.04170833333333333
mut_N102T,heme_Co,6,-3.99,-0.11041666666666666,-0.04729166666666666,-0.04170833333333333
mut_N102T,heme_Co,7,-3.24,-0.11583333333333333,-0.026041666666666664,-0.04170833333333333
mut_N102T,heme_Co,8,-5.36,-0.16083333333333333,-0.025,-0.04170833333333333
mut_N102T,heme_Co,9,-2.92,-0.135625,0.0008333333333333333,-0.04170833333333333
mut_N102T,heme_Co,10,-2.61,-0.131875,0.0024999999999999996,-0.04170833333333333
mut_N102T,heme_Co,11,-5.5,-0.13104166666666667,-0.05875,-0.04170833333333333
mut_N102T,heme_Co,12,-3.89,-0.13333333333333333,-0.022083333333333333,-0.04170833333333333
mut_N102T,heme_Co,13,-4.56,-0.095625,-0.07395833333333333,-0.04170833333333333
mut_N102T,heme_Co,14,-3.06,-0.141875,0.0029166666666666672,-0.04170833333333333
mut_N102T,heme_Co,15,-3.9,-0.10916666666666666,-0.04625,-0.04170833333333333
mut_N102T,heme_Co,16,-4.33,-0.11979166666666667,-0.045,-0.04170833333333333
mut_N102T,heme_Co,17,-3.39,-0.11125,-0.03291666666666667,-0.04170833333333333
mut_N102T,heme_Co,18,-4.32,-0.14250000000000002,-0.021458333333333333,-0.04170833333333333
mut_N102T,heme_Co,19,-4.43,-0.12416666666666666,-0.043125000000000004,-0.04170833333333333
mut_N102T,heme_Co,20,-3.33,-0.12625,-0.018750000000000003,-0.04170833333333333
mut_N102T,heme_Co,21,-2.11,-0.116875,-0.0014583333333333332,-0.04170833333333333
mut_N102T,heme_Co,22,-3.43,-0.10666666666666667,-0.03875,-0.04170833333333333
mut_N102T,heme_Co,23,-3.84,-0.11145833333333334,-0.043750000000000004,-0.04170833333333333
mut_N102T,heme_Co,24,-5.09,-0.133125,-0.04729166666666667,-0.04170833333333333
mut_N102T,heme_Co,25,-3.07,-0.14166666666666666,0.0033333333333333335,-0.04170833333333333
mut_N102T,heme_Co,26,-3.55,-0.11937500000000001,-0.028541666666666667,-0.04170833333333333
mut_N102T,heme_Co,27,-2.8,-0.13416666666666666,0.0008333333333333333,-0.04170833333333333
mut_N102T,heme_Co,28,-5.95,-0.178125,-0.020416666666666666,-0.04170833333333333
mut_N102T,heme_Co,29,-2.71,-0.13479166666666667,0.00375,-0.04170833333333333
mut_N102T,heme_Co,30,-2.53,-0.128125,0.0004166666666666666,-0.04170833333333333
mut_N102T,heme_Co,31,-5.29,-0.12729166666666666,-0.057708333333333334,-0.04170833333333333
mut_N102T,heme_Co,32,-3.98,-0.11875000000000001,-0.03916666666666666,-0.04170833333333333
mut_N102T,heme_Co,33,-4.02,-0.07166666666666667,-0.08666666666666667,-0.04170833333333333
mut_N102T,heme_Co,34,-2.81,-0.135,0.0018750000000000001,-0.04170833333333333
mut_N102T,heme_Co,35,-4.36,-0.10541666666666667,-0.05979166666666667,-0.04170833333333333
mut_N102T,heme_Co,36,-4.15,-0.11770833333333333,-0.043125,-0.04170833333333333
mut_N102T,heme_Co,37,-3.69,-0.09020833333333333,-0.060625,-0.04170833333333333
mut_N102T,heme_Co,38,-4.79,-0.15729166666666666,-0.017291666666666667,-0.04170833333333333
mut_N102T,heme_Co,39,-4.13,-0.15854166666666666,-0.0022916666666666667,-0.04170833333333333
mut_N102T,heme_Co,40,-4.08,-0.155,-0.003958333333333334,-0.04170833333333333
mut_N102T,heme_Co,41,-2.69,-0.131875,0.001875,-0.04170833333333333
mut_N102T,heme_Co,42,-4.65,-0.10895833333333334,-0.06208333333333334,-0.04170833333333333
mut_N102T,heme_Co,43,-5.5,-0.14395833333333333,-0.04458333333333333,-0.04170833333333333
mut_N102T,heme_Co,44,-4.59,-0.11229166666666666,-0.057708333333333334,-0.04170833333333333
mut_N102T,heme_Co,45,-3.47,-0.14479166666666668,-0.002291666666666667,-0.04170833333333333
mut_N102T,heme_Co,46,-3.7,-0.113125,-0.03916666666666667,-0.04170833333333333
mut_N102T,heme_Co,47,-7.82,-0.18083333333333335,-0.056666666666666664,-0.04170833333333333
mut_N102T,heme_Co,48,-4.62,-0.12354166666666667,-0.0475,-0.04170833333333333
mut_N102T,heme_Co,49,-4.09,-0.13125,-0.028125,-0.04170833333333333
mut_N102T,heme_Co,50,-4.07,-0.15729166666666666,-0.0029166666666666664,-0.04170833333333333
mut_N102T,heme_Co,51,-3.02,-0.09708333333333334,-0.03979166666666667,-0.04170833333333333
mut_N102T,heme_Co,52,-4.16,-0.144375,-0.015625,-0.04170833333333333
mut_N102T,heme_Co,53,-3.61,-0.12708333333333333,-0.022083333333333333,-0.04170833333333333
mut_N102T,heme_Co,54,-4.88,-0.10041666666666667,-0.07604166666666666,-0.04170833333333333
mut_N102T,heme_Co,55,-2.4,-0.12604166666666666,0.0010416666666666667,-0.04170833333333333
mut_N102T,heme_Co,56,-3.59,-0.12520833333333334,-0.024583333333333336,-0.04170833333333333
mut_N102T,heme_Co,57,-5.9,-0.13708333333333333,-0.06104166666666667,-0.04170833333333333
mut_N102T,heme_Co,58,-4.39,-0.11979166666666667,-0.04625,-0.04170833333333333
mut_N102T,heme_Co,59,-5.42,-0.13895833333333332,-0.049166666666666664,-0.04170833333333333
mut_N102T,heme_Co,60,-4.07,-0.110625,-0.04833333333333334,-0.04170833333333333
mut_N102T,heme_Co,61,-4.35,-0.09125,-0.07291666666666667,-0.04170833333333333
mut_N102T,heme_Co,62,-5.76,-0.13770833333333332,-0.05708333333333333,-0.04170833333333333
mut_N102T,heme_Co,63,-4.92,-0.13041666666666668,-0.04625,-0.04170833333333333
mut_N102T,heme_Co,64,-3.13,-0.14166666666666666,0.00125,-0.04170833333333333
mut_N102T,heme_Co,65,-2.35,-0.12958333333333333,0.005625000000000001,-0.04170833333333333
mut_N102T,heme_Co,66,-4.37,-0.12979166666666667,-0.035625,-0.04170833333333333
mut_N102T,heme_Co,67,-3.98,-0.09958333333333333,-0.056875,-0.04170833333333333
mut_N102T,heme_Co,68,-5.82,-0.12520833333333334,-0.07083333333333333,-0.04170833333333333
mut_N102T,heme_Co,69,-4.08,-0.15833333333333333,-0.0014583333333333332,-0.04170833333333333
mut_N102T,heme_Co,70,-4.07,-0.11229166666666666,-0.04625,-0.04170833333333333
mut_N102T,heme_Co,71,-3.95,-0.113125,-0.043333333333333335,-0.04170833333333333
mut_N102T,heme_Co,72,-5.38,-0.14020833333333332,-0.04708333333333333,-0.04170833333333333
mut_N102T,heme_Co,73,-2.87,-0.13479166666666667,0.0006249999999999999,-0.04170833333333333
mut_N102T,heme_Co,74,-3.33,-0.10395833333333333,-0.04020833333333333,-0.04170833333333333
mut_N102T,heme_Co,75,-3.93,-0.11645833333333333,-0.03979166666666667,-0.04170833333333333
mut_N102T,heme_Co,76,-3.76,-0.13604166666666667,-0.016041666666666666,-0.04170833333333333
mut_N102T,heme_Co,77,-3.42,-0.106875,-0.03916666666666667,-0.04170833333333333
mut_N102T,heme_Co,78,-3.82,-0.08291666666666667,-0.07020833333333333,-0.04170833333333333
mut_N102T,heme_Co,79,-6.31,-0.14520833333333333,-0.06041666666666667,-0.04170833333333333
mut_N102T,heme_Co,80,-4.65,-0.16104166666666667,-0.011041666666666668,-0.04170833333333333
mut_N102T,heme_Co,81,-5.33,-0.12958333333333333,-0.05625,-0.04170833333333333
mut_N102T,heme_Co,82,-3.81,-0.12291666666666667,-0.030625,-0.04170833333333333
mut_N102T,heme_Co,83,-4.84,-0.11270833333333334,-0.06270833333333334,-0.04170833333333333
mut_N102T,heme_Co,84,-4.84,-0.11083333333333334,-0.06479166666666666,-0.04170833333333333
mut_N102T,heme_Co,85,-4.84,-0.138125,-0.03791666666666667,-0.04170833333333333
mut_N102T,heme_Co,86,-2.88,-0.13395833333333335,0.0008333333333333333,-0.04170833333333333
mut_N102T,heme_Co,87,-3.61,-0.07541666666666666,-0.074375,-0.04170833333333333
mut_N102T,heme_Co,88,-5.32,-0.138125,-0.0475,-0.04170833333333333
mut_N102T,heme_Co,89,-6.98,-0.14875,-0.07208333333333333,-0.04170833333333333
mut_N102T,heme_Co,90,-3.14,-0.144375,0.004583333333333333,-0.04170833333333333
mut_N102T,heme_Co,91,-2.34,-0.12604166666666666,0.00375,-0.04170833333333333
mut_N102T,heme_Co,92,-5.68,-0.17604166666666668,-0.016874999999999998,-0.04170833333333333
mut_N102T,heme_Co,93,-3.44,-0.15645833333333334,0.010208333333333333,-0.04170833333333333
mut_N102T,heme_Co,94,-2.21,-0.11812500000000001,-0.0020833333333333337,-0.04170833333333333
mut_N102T,heme_Co,95,-3.18,-0.101875,-0.03875,-0.04170833333333333
mut_N102T,heme_Co,96,-3.08,-0.1025,-0.035833333333333335,-0.04170833333333333
mut_N102T,heme_Co,97,-3.25,-0.10166666666666667,-0.041666666666666664,-0.04170833333333333
mut_N102T,heme_Co,98,-3.13,-0.096875,-0.041875,-0.04170833333333333
mut_N102T,heme_Co,99,-3.14,-0.10354166666666667,-0.035416666666666666,-0.04170833333333333
mut_N102T,heme_Co,100,-4.28,-0.10833333333333334,-0.05583333333333333,-0.04170833333333333
mut_N102T,heme_Fe,1,-8.43,-0.17955555555555555,-0.07444444444444444,-0.04448888888888889
mut_N102T,heme_Fe,2,-7.83,-0.16755555555555557,-0.07400000000000001,-0.04448888888888889
mut_N102T,heme_Fe,3,-11.65,-0.2591111111111111,-0.06666666666666667,-0.04448888888888889
mut_N102T,heme_Fe,4,-8.21,-0.17266666666666666,-0.07644444444444444,-0.04448888888888889
mut_N102T,heme_Fe,5,-6.2,-0.18644444444444444,-0.017555555555555553,-0.04448888888888889
mut_N102T,heme_Fe,6,-5.37,-0.16822222222222222,-0.017333333333333336,-0.04448888888888889
mut_N102T,heme_Fe,7,-7.64,-0.15466666666666667,-0.082,-0.04448888888888889
mut_N102T,heme_Fe,8,-7.9,-0.1748888888888889,-0.06711111111111111,-0.04448888888888889
mut_N102T,heme_Fe,9,-7.56,-0.1497777777777778,-0.08555555555555557,-0.04448888888888889
mut_N102T,heme_Fe,10,-5.15,-0.1511111111111111,-0.029555555555555557,-0.04448888888888889
mut_N102T,heme_Fe,11,-7.22,-0.15555555555555556,-0.07088888888888889,-0.04448888888888889
mut_N102T,heme_Fe,12,-5.72,-0.17177777777777778,-0.021777777777777778,-0.04448888888888889
mut_N102T,heme_Fe,13,-7.68,-0.15977777777777777,-0.07777777777777778,-0.04448888888888889
mut_N102T,heme_Fe,14,-6.33,-0.1468888888888889,-0.059111111111111114,-0.04448888888888889
mut_N102T,heme_Fe,15,-7.31,-0.1471111111111111,-0.08022222222222222,-0.04448888888888889
mut_N102T,heme_Fe,16,-7.03,-0.18777777777777777,-0.035555555555555556,-0.04448888888888889
mut_N102T,heme_Fe,17,-9.92,-0.2331111111111111,-0.05311111111111111,-0.04448888888888889
mut_N102T,heme_Fe,18,-7.26,-0.1508888888888889,-0.07755555555555556,-0.04448888888888889
mut_N102T,heme_Fe,19,-5.14,-0.1708888888888889,-0.010444444444444444,-0.04448888888888889
mut_N102T,heme_Fe,20,-4.57,-0.16355555555555557,-0.0033333333333333335,-0.04448888888888889
mut_N102T,heme_Fe,21,-7.52,-0.16466666666666668,-0.06911111111111111,-0.04448888888888889
mut_N102T,heme_Fe,22,-5.12,-0.16911111111111113,-0.010888888888888889,-0.04448888888888889
mut_N102T,heme_Fe,23,-8.37,-0.17777777777777778,-0.07533333333333334,-0.04448888888888889
mut_N102T,heme_Fe,24,-6.84,-0.144,-0.07444444444444445,-0.04448888888888889
mut_N102T,heme_Fe,25,-7.51,-0.1808888888888889,-0.052,-0.04448888888888889
mut_N102T,heme_Fe,26,-8.2,-0.16111111111111112,-0.08711111111111111,-0.04448888888888889
mut_N102T,heme_Fe,27,-7.12,-0.2048888888888889,-0.018666666666666665,-0.04448888888888889
mut_N102T,heme_Fe,28,-7.54,-0.16622222222222222,-0.06822222222222223,-0.04448888888888889
mut_N102T,heme_Fe,29,-5.56,-0.17666666666666667,-0.012444444444444444,-0.04448888888888889
mut_N102T,heme_Fe,30,-8.36,-0.16644444444444445,-0.08533333333333333,-0.04448888888888889
mut_N102T,heme_Fe,31,-7.17,-0.2,-0.025111111111111112,-0.04448888888888889
mut_N102T,heme_Fe,32,-6.04,-0.16955555555555557,-0.031111111111111114,-0.04448888888888889
mut_N102T,heme_Fe,33,-7.95,-0.2031111111111111,-0.03911111111111111,-0.04448888888888889
mut_N102T,heme_Fe,34,-6.2,-0.16422222222222221,-0.03977777777777777,-0.04448888888888889
mut_N102T,heme_Fe,35,-8.33,-0.1711111111111111,-0.08044444444444444,-0.04448888888888889
mut_N102T,heme_Fe,36,-4.89,-0.16422222222222224,-0.010444444444444445,-0.04448888888888889
mut_N102T,heme_Fe,37,-7.19,-0.17844444444444443,-0.04711111111111111,-0.04448888888888889
mut_N102T,heme_Fe,38,-6.14,-0.128,-0.07377777777777778,-0.04448888888888889
mut_N102T,heme_Fe,39,-7.11,-0.154,-0.07044444444444445,-0.04448888888888889
mut_N102T,heme_Fe,40,-7.31,-0.2071111111111111,-0.021555555555555553,-0.04448888888888889
mut_N102T,heme_Fe,41,-6.06,-0.13311111111111112,-0.06711111111111111,-0.04448888888888889
mut_N102T,heme_Fe,42,-7.37,-0.15711111111111112,-0.07355555555555555,-0.04448888888888889
mut_N102T,heme_Fe,43,-7.98,-0.16777777777777778,-0.07555555555555556,-0.04448888888888889
mut_N102T,heme_Fe,44,-5.14,-0.16844444444444445,-0.011777777777777778,-0.04448888888888889
mut_N102T,heme_Fe,45,-4.91,-0.14755555555555555,-0.02822222222222222,-0.04448888888888889
mut_N102T,heme_Fe,46,-7.81,-0.16844444444444445,-0.07155555555555555,-0.04448888888888889
mut_N102T,heme_Fe,47,-6.52,-0.15733333333333333,-0.05466666666666666,-0.04448888888888889
mut_N102T,heme_Fe,48,-4.91,-0.16511111111111113,-0.010222222222222223,-0.04448888888888889
mut_N102T,heme_Fe,49,-5.48,-0.17066666666666666,-0.017333333333333333,-0.04448888888888889
mut_N102T,heme_Fe,50,-7.83,-0.15577777777777777,-0.08422222222222223,-0.04448888888888889
mut_N102T,heme_Fe,51,-5.64,-0.17466666666666666,-0.016666666666666666,-0.04448888888888889
mut_N102T,heme_Fe,52,-5.42,-0.178,-0.009555555555555555,-0.04448888888888889
mut_N102T,heme_Fe,53,-5.95,-0.1728888888888889,-0.025111111111111112,-0.04448888888888889
mut_N102T,heme_Fe,54,-5.03,-0.16155555555555556,-0.016,-0.04448888888888889
mut_N102T,heme_Fe,55,-7.75,-0.1537777777777778,-0.08488888888888889,-0.04448888888888889
mut_N102T,heme_Fe,56,-8.3,-0.17,-0.08155555555555556,-0.04448888888888889
mut_N102T,heme_Fe,57,-9.98,-0.2571111111111111,-0.030444444444444448,-0.04448888888888889
mut_N102T,heme_Fe,58,-4.09,-0.15755555555555556,0.00022222222222222218,-0.04448888888888889
mut_N102T,heme_Fe,59,-7.68,-0.162,-0.07622222222222222,-0.04448888888888889
mut_N102T,heme_Fe,60,-5.25,-0.16533333333333333,-0.016666666666666666,-0.04448888888888889
mut_N102T,heme_Fe,61,-12.05,-0.268,-0.06622222222222222,-0.04448888888888889
mut_N102T,heme_Fe,62,-6.34,-0.14133333333333334,-0.06555555555555556,-0.04448888888888889
mut_N102T,heme_Fe,63,-7.41,-0.138,-0.0928888888888889,-0.04448888888888889
mut_N102T,heme_Fe,64,-7.54,-0.18355555555555556,-0.050444444444444445,-0.04448888888888889
mut_N102T,heme_Fe,65,-6.91,-0.1751111111111111,-0.043333333333333335,-0.04448888888888889
mut_N102T,heme_Fe,66,-5.7,-0.1302222222222222,-0.06311111111111112,-0.04448888888888889
mut_N102T,heme_Fe,67,-11.62,-0.2757777777777778,-0.04844444444444444,-0.04448888888888889
mut_N102T,heme_Fe,68,-7.29,-0.16977777777777778,-0.058,-0.04448888888888889
mut_N102T,heme_Fe,69,-5.65,-0.17466666666666666,-0.016666666666666666,-0.04448888888888889
mut_N102T,heme_Fe,70,-8.63,-0.20022222222222222,-0.058222222222222224,-0.04448888888888889
mut_N102T,heme_Fe,71,-5.31,-0.176,-0.009555555555555555,-0.04448888888888889
mut_N102T,heme_Fe,72,-7.93,-0.17333333333333334,-0.06911111111111111,-0.04448888888888889
mut_N102T,heme_Fe,73,-4.72,-0.17044444444444445,-0.0008888888888888889,-0.04448888888888889
mut_N102T,heme_Fe,74,-5.43,-0.17177777777777778,-0.014888888888888889,-0.04448888888888889
mut_N102T,heme_Fe,75,-6.86,-0.17666666666666667,-0.042444444444444444,-0.04448888888888889
mut_N102T,heme_Fe,76,-7.81,-0.15666666666666668,-0.08266666666666667,-0.04448888888888889
mut_N102T,heme_Fe,77,-5.98,-0.1797777777777778,-0.02022222222222222,-0.04448888888888889
mut_N102T,heme_Fe,78,-6.24,-0.18244444444444444,-0.021777777777777778,-0.04448888888888889
mut_N102T,heme_Fe,79,-8.22,-0.208,-0.04022222222222222,-0.04448888888888889
mut_N102T,heme_Fe,80,-7.68,-0.15711111111111112,-0.08022222222222222,-0.04448888888888889
mut_N102T,heme_Fe,81,-5.84,-0.1751111111111111,-0.02,-0.04448888888888889
mut_N102T,heme_Fe,82,-7.63,-0.15911111111111112,-0.07755555555555556,-0.04448888888888889
mut_N102T,heme_Fe,83,-7.4,-0.16777777777777778,-0.06244444444444444,-0.04448888888888889
mut_N102T,heme_Fe,84,-5.64,-0.14133333333333334,-0.051333333333333335,-0.04448888888888889
mut_N102T,heme_Fe,85,-7.05,-0.2031111111111111,-0.018666666666666665,-0.04448888888888889
mut_N102T,heme_Fe,86,-7.32,-0.2108888888888889,-0.017333333333333333,-0.04448888888888889
mut_N102T,heme_Fe,87,-6.29,-0.1708888888888889,-0.035777777777777776,-0.04448888888888889
mut_N102T,heme_Fe,88,-12.24,-0.27444444444444444,-0.06466666666666666,-0.04448888888888889
mut_N102T,heme_Fe,89,-6.16,-0.12311111111111112,-0.07977777777777778,-0.04448888888888889
mut_N102T,heme_Fe,90,-5.95,-0.16955555555555557,-0.030000000000000002,-0.04448888888888889
mut_N102T,heme_Fe,91,-5.12,-0.16577777777777777,-0.012888888888888889,-0.04448888888888889
mut_N102T,heme_Fe,92,-10.26,-0.25822222222222224,-0.036222222222222225,-0.04448888888888889
mut_N102T,heme_Fe,93,-6.84,-0.15688888888888888,-0.06222222222222222,-0.04448888888888889
mut_N102T,heme_Fe,94,-7.81,-0.15466666666666667,-0.08488888888888889,-0.04448888888888889
mut_N102T,heme_Fe,95,-8.64,-0.19955555555555557,-0.05888888888888889,-0.04448888888888889
mut_N102T,heme_Fe,96,-8.34,-0.17333333333333334,-0.07955555555555556,-0.04448888888888889
mut_N102T,heme_Fe,97,-7.63,-0.1771111111111111,-0.058222222222222224,-0.04448888888888889
mut_N102T,heme_Fe,98,-5.34,-0.16533333333333333,-0.01911111111111111,-0.04448888888888889
mut_N102T,heme_Fe,99,-5.67,-0.16533333333333333,-0.026444444444444444,-0.04448888888888889
mut_N102T,heme_Fe,100,-5.56,-0.16555555555555557,-0.023555555555555555,-0.04448888888888889
mut_N102T,heme_O2,1,-5.05,-0.1148936170212766,-0.05489361702127659,-0.04259574468085106
mut_N102T,heme_O2,2,-4.71,-0.15574468085106383,-0.008297872340425533,-0.04259574468085106
mut_N102T,heme_O2,3,-7.36,-0.16361702127659575,-0.05553191489361702,-0.04259574468085106
mut_N102T,heme_O2,4,-4.38,-0.11829787234042553,-0.0374468085106383,-0.04259574468085106
mut_N102T,heme_O2,5,-3.9,-0.1451063829787234,-0.0014893617021276596,-0.04259574468085106
mut_N102T,heme_O2,6,-4.28,-0.10297872340425532,-0.05127659574468085,-0.04259574468085106
mut_N102T,heme_O2,7,-4.49,-0.09702127659574468,-0.06148936170212766,-0.04259574468085106
mut_N102T,heme_O2,8,-6.86,-0.14382978723404255,-0.06553191489361702,-0.04259574468085106
mut_N102T,heme_O2,9,-4.34,-0.1472340425531915,-0.008297872340425533,-0.04259574468085106
mut_N102T,heme_O2,10,-3.78,-0.1453191489361702,0.001276595744680851,-0.04259574468085106
mut_N102T,heme_O2,11,-5.66,-0.13489361702127659,-0.04829787234042553,-0.04259574468085106
mut_N102T,heme_O2,12,-3.46,-0.13617021276595745,-0.000851063829787234,-0.04259574468085106
mut_N102T,heme_O2,13,-4.71,-0.09680851063829787,-0.06680851063829787,-0.04259574468085106
mut_N102T,heme_O2,14,-3.86,-0.10319148936170212,-0.04170212765957447,-0.04259574468085106
mut_N102T,heme_O2,15,-5.47,-0.13340425531914893,-0.046170212765957445,-0.04259574468085106
mut_N102T,heme_O2,16,-4.14,-0.12617021276595744,-0.024893617021276595,-0.04259574468085106
mut_N102T,heme_O2,17,-3.66,-0.13553191489361702,-0.005106382978723404,-0.04259574468085106
mut_N102T,heme_O2,18,-5.19,-0.15106382978723404,-0.021914893617021276,-0.04259574468085106
mut_N102T,heme_O2,19,-6.32,-0.12872340425531914,-0.06872340425531914,-0.04259574468085106
mut_N102T,heme_O2,20,-5.81,-0.15978723404255318,-0.0274468085106383,-0.04259574468085106
mut_N102T,heme_O2,21,-3.5,-0.13893617021276597,0.000851063829787234,-0.04259574468085106
mut_N102T,heme_O2,22,-5.36,-0.16914893617021276,-0.008297872340425531,-0.04259574468085106
mut_N102T,heme_O2,23,-7.46,-0.17085106382978724,-0.05127659574468085,-0.04259574468085106
mut_N102T,heme_O2,24,-5.06,-0.11425531914893618,-0.05638297872340425,-0.04259574468085106
mut_N102T,heme_O2,25,-3.88,-0.14191489361702128,-0.0038297872340425534,-0.04259574468085106
mut_N102T,heme_O2,26,-3.88,-0.14638297872340425,0.0006382978723404255,-0.04259574468085106
mut_N102T,heme_O2,27,-4.92,-0.10914893617021276,-0.05893617021276596,-0.04259574468085106
mut_N102T,heme_O2,28,-6.57,-0.1427659574468085,-0.06,-0.04259574468085106
mut_N102T,heme_O2,29,-6.22,-0.14148936170212767,-0.05382978723404255,-0.04259574468085106
mut_N102T,heme_O2,30,-4.35,-0.10276595744680851,-0.052127659574468084,-0.04259574468085106
mut_N102T,heme_O2,31,-5.96,-0.1651063829787234,-0.024893617021276595,-0.04259574468085106
mut_N102T,heme_O2,32,-5.5,-0.13425531914893618,-0.045744680851063826,-0.04259574468085106
mut_N102T,heme_O2,33,-6.49,-0.14765957446808511,-0.053404255319148934,-0.04259574468085106
mut_N102T,heme_O2,34,-4.1,-0.0851063829787234,-0.06553191489361702,-0.04259574468085106
mut_N102T,heme_O2,35,-5.19,-0.12680851063829787,-0.047021276595744683,-0.04259574468085106
mut_N102T,heme_O2,36,-5.16,-0.15872340425531914,-0.015319148936170212,-0.04259574468085106
mut_N102T,heme_O2,37,-3.94,-0.07872340425531915,-0.06851063829787234,-0.04259574468085106
mut_N102T,heme_O2,38,-5.45,-0.12936170212765957,-0.04978723404255319,-0.04259574468085106
mut_N102T,heme_O2,39,-4.85,-0.12425531914893617,-0.042765957446808514,-0.04259574468085106
mut_N102T,heme_O2,40,-4.97,-0.16702127659574467,-0.002553191489361703,-0.04259574468085106
mut_N102T,heme_O2,41,-4.73,-0.1727659574468085,0.00851063829787234,-0.04259574468085106
mut_N102T,heme_O2,42,-3.35,-0.07574468085106383,-0.058936170212765954,-0.04259574468085106
mut_N102T,heme_O2,43,-6.72,-0.1448936170212766,-0.062127659574468086,-0.04259574468085106
mut_N102T,heme_O2,44,-5.01,-0.1448936170212766,-0.02446808510638298,-0.04259574468085106
mut_N102T,heme_O2,45,-7.33,-0.17808510638297873,-0.04085106382978723,-0.04259574468085106
mut_N102T,heme_O2,46,-6.12,-0.1802127659574468,-0.013191489361702127,-0.04259574468085106
mut_N102T,heme_O2,47,-4.94,-0.15659574468085108,-0.012340425531914894,-0.04259574468085106
mut_N102T,heme_O2,48,-4.48,-0.1474468085106383,-0.01127659574468085,-0.04259574468085106
mut_N102T,heme_O2,49,-7.81,-0.17340425531914894,-0.05638297872340426,-0.04259574468085106
mut_N102T,heme_O2,50,-5.43,-0.13489361702127659,-0.04468085106382979,-0.04259574468085106
mut_N102T,heme_O2,51,-6.46,-0.15851063829787235,-0.0425531914893617,-0.04259574468085106
mut_N102T,heme_O2,52,-7.37,-0.16063829787234044,-0.06,-0.04259574468085106
mut_N102T,heme_O2,53,-6.29,-0.12276595744680852,-0.07510638297872341,-0.04259574468085106
mut_N102T,heme_O2,54,-7.5,-0.1797872340425532,-0.04382978723404255,-0.04259574468085106
mut_N102T,heme_O2,55,-5.88,-0.12893617021276596,-0.05936170212765957,-0.04259574468085106
mut_N102T,heme_O2,56,-3.84,-0.14595744680851064,0.001276595744680851,-0.04259574468085106
mut_N102T,heme_O2,57,-6.02,-0.1697872340425532,-0.02170212765957447,-0.04259574468085106
mut_N102T,heme_O2,58,-6.02,-0.13829787234042554,-0.05382978723404255,-0.04259574468085106
mut_N102T,heme_O2,59,-3.75,-0.13234042553191488,-0.010638297872340425,-0.04259574468085106
mut_N102T,heme_O2,60,-5.26,-0.12659574468085105,-0.04893617021276596,-0.04259574468085106
mut_N102T,heme_O2,61,-4.99,-0.16574468085106384,-0.004042553191489362,-0.04259574468085106
mut_N102T,heme_O2,62,-5.87,-0.16659574468085106,-0.02127659574468085,-0.04259574468085106
mut_N102T,heme_O2,63,-5.21,-0.12893617021276596,-0.044893617021276595,-0.04259574468085106
mut_N102T,heme_O2,64,-4.38,-0.15638297872340426,-0.0014893617021276594,-0.04259574468085106
mut_N102T,heme_O2,65,-5.4,-0.10936170212765957,-0.06914893617021277,-0.04259574468085106
mut_N102T,heme_O2,66,-3.52,-0.13914893617021276,0.001276595744680851,-0.04259574468085106
mut_N102T,heme_O2,67,-6.34,-0.17319148936170212,-0.02553191489361702,-0.04259574468085106
mut_N102T,heme_O2,68,-5.52,-0.1523404255319149,-0.02872340425531915,-0.04259574468085106
mut_N102T,heme_O2,69,-5.65,-0.14191489361702128,-0.041914893617021276,-0.04259574468085106
mut_N102T,heme_O2,70,-3.96,-0.15106382978723404,0.002553191489361702,-0.04259574468085106
mut_N102T,heme_O2,71,-4.85,-0.10297872340425532,-0.06382978723404255,-0.04259574468085106
mut_N102T,heme_O2,72,-4.63,-0.12170212765957447,-0.04085106382978723,-0.04259574468085106
mut_N102T,heme_O2,73,-5.43,-0.10191489361702127,-0.07723404255319148,-0.04259574468085106
mut_N102T,heme_O2,74,-3.83,-0.14680851063829786,0.0006382978723404255,-0.04259574468085106
mut_N102T,heme_O2,75,-6.41,-0.17170212765957446,-0.02872340425531915,-0.04259574468085106
mut_N102T,heme_O2,76,-5.25,-0.16595744680851063,-0.008936170212765956,-0.04259574468085106
mut_N102T,heme_O2,77,-5.89,-0.16808510638297872,-0.020638297872340425,-0.04259574468085106
mut_N102T,heme_O2,78,-4.47,-0.15553191489361703,-0.0034042553191489366,-0.04259574468085106
mut_N102T,heme_O2,79,-4.37,-0.16021276595744682,0.003191489361702128,-0.04259574468085106
mut_N102T,heme_O2,80,-3.69,-0.1421276595744681,0.00042553191489361696,-0.04259574468085106
mut_N102T,heme_O2,81,-4.13,-0.1051063829787234,-0.046170212765957445,-0.04259574468085106
mut_N102T,heme_O2,82,-4.66,-0.15170212765957447,-0.01148936170212766,-0.04259574468085106
mut_N102T,heme_O2,83,-4.7,-0.13531914893617022,-0.02829787234042553,-0.04259574468085106
mut_N102T,heme_O2,84,-4.1,-0.15021276595744681,0.000851063829787234,-0.04259574468085106
mut_N102T,heme_O2,85,-5.12,-0.12872340425531914,-0.043617021276595745,-0.04259574468085106
mut_N102T,heme_O2,86,-4.11,-0.10021276595744681,-0.05063829787234043,-0.04259574468085106
mut_N102T,heme_O2,87,-4.83,-0.15765957446808512,-0.009148936170212766,-0.04259574468085106
mut_N102T,heme_O2,88,-5.59,-0.11361702127659574,-0.06914893617021277,-0.04259574468085106
mut_N102T,heme_O2,89,-5.73,-0.1478723404255319,-0.03680851063829787,-0.04259574468085106
mut_N102T,heme_O2,90,-7.33,-0.16106382978723405,-0.058936170212765954,-0.04259574468085106
mut_N102T,heme_O2,91,-5.66,-0.13340425531914893,-0.050851063829787234,-0.04259574468085106
mut_N102T,heme_O2,92,-6.14,-0.14702127659574468,-0.047021276595744683,-0.04259574468085106
mut_N102T,heme_O2,93,-6.81,-0.13574468085106384,-0.07340425531914893,-0.04259574468085106
mut_N102T,heme_O2,94,-4.63,-0.1374468085106383,-0.024893617021276595,-0.04259574468085106
mut_N102T,heme_O2,95,-5.49,-0.15297872340425533,-0.026808510638297874,-0.04259574468085106
mut_N102T,heme_O2,96,-5.28,-0.16829787234042554,-0.008297872340425533,-0.04259574468085106
mut_N102T,heme_O2,97,-6.7,-0.14638297872340425,-0.06021276595744681,-0.04259574468085106
mut_N102T,heme_O2,98,-4.75,-0.13148936170212766,-0.03404255319148936,-0.04259574468085106
mut_N102T,heme_O2,99,-5.32,-0.16319148936170214,-0.01446808510638298,-0.04259574468085106
mut_N102T,heme_O2,100,-5.21,-0.12212765957446808,-0.0525531914893617,-0.04259574468085106
mut_N102T,IHP,1,,-0.11333333333333334,-0.008333333333333335,-0.00012500000000000358
mut_N102T,IHP,2,,-0.057291666666666664,-0.0010416666666666667,-0.00012500000000000358
mut_N102T,IHP,3,,-0.081875,0.0018750000000000004,-0.00012500000000000358
mut_N102T,IHP,4,,-0.06,-0.005416666666666668,-0.00012500000000000358
mut_N102T,IHP,5,,-0.0775,-0.0025000000000000005,-0.00012500000000000358
mut_N102T,IHP,6,,-0.06104166666666667,-0.0016666666666666668,-0.00012500000000000358
mut_N102T,IHP,7,,-0.10145833333333333,-0.0016666666666666666,-0.00012500000000000358
mut_N102T,IHP,8,,-0.088125,-0.0016666666666666672,-0.00012500000000000358
mut_N102T,IHP,9,,-0.10083333333333333,-0.000625000000000001,-0.00012500000000000358
mut_N102T,IHP,10,,-0.06354166666666666,-0.0029166666666666664,-0.00012500000000000358
mut_N102T,IHP,11,,-0.098125,-0.0022916666666666667,-0.00012500000000000358
mut_N102T,IHP,12,,-0.07145833333333333,-0.004166666666666667,-0.00012500000000000358
mut_N102T,IHP,13,,-0.096875,-0.0008333333333333328,-0.00012500000000000358
mut_N102T,IHP,14,,-0.08291666666666667,-0.013958333333333333,-0.00012500000000000358
mut_N102T,IHP,15,,-0.09166666666666667,-0.003333333333333333,-0.00012500000000000358
mut_N102T,IHP,16,,-0.07229166666666667,-0.006458333333333333,-0.00012500000000000358
mut_N102T,IHP,17,,-0.06854166666666667,-0.0012499999999999994,-0.00012500000000000358
mut_N102T,IHP,18,,-0.04375,-0.0025000000000000005,-0.00012500000000000358
mut_N102T,IHP,19,,-0.07645833333333334,-0.00125,-0.00012500000000000358
mut_N102T,IHP,20,,-0.08229166666666667,-0.003333333333333333,-0.00012500000000000358
mut_N102T,IHP,21,,-0.058541666666666665,-0.003125000000000001,-0.00012500000000000358
mut_N102T,IHP,22,,-0.11083333333333334,0.0010416666666666669,-0.00012500000000000358
mut_N102T,IHP,23,,-0.09541666666666666,-0.0016666666666666668,-0.00012500000000000358
mut_N102T,IHP,24,,-0.10958333333333334,-0.0014583333333333334,-0.00012500000000000358
mut_N102T,IHP,25,,-0.11770833333333333,-0.005416666666666665,-0.00012500000000000358
mut_N102T,IHP,26,,-0.066875,-0.002916666666666667,-0.00012500000000000358
mut_N102T,IHP,27,,-0.03770833333333333,-0.005624999999999999,-0.00012500000000000358
mut_N102T,IHP,28,,-0.06395833333333334,-0.0020833333333333333,-0.00012500000000000358
mut_N102T,IHP,29,,-0.10145833333333333,-0.00375,-0.00012500000000000358
mut_N102T,IHP,30,,-0.12541666666666668,-0.0018749999999999997,-0.00012500000000000358
mut_N102T,IHP,31,,-0.07125000000000001,-0.0022916666666666654,-0.00012500000000000358
mut_N102T,IHP,32,,-0.08916666666666667,-0.004999999999999999,-0.00012500000000000358
mut_N102T,IHP,33,,-0.13166666666666665,-0.004583333333333333,-0.00012500000000000358
mut_N102T,IHP,34,,-0.06625,-0.0175,-0.00012500000000000358
mut_N102T,IHP,35,,-0.09,-0.011875,-0.00012500000000000358
mut_N102T,IHP,36,,-0.09770833333333333,-0.0016666666666666663,-0.00012500000000000358
mut_N102T,IHP,37,,-0.08291666666666667,0.000625,-0.00012500000000000358
mut_N102T,IHP,38,,-0.08729166666666667,-0.010416666666666666,-0.00012500000000000358
mut_N102T,IHP,39,,-0.12375,-0.004791666666666666,-0.00012500000000000358
mut_N102T,IHP,40,,-0.09625,-0.0033333333333333335,-0.00012500000000000358
mut_N102T,IHP,41,,-0.110625,-0.005,-0.00012500000000000358
mut_N102T,IHP,42,,-0.07625,-0.008333333333333333,-0.00012500000000000358
mut_N102T,IHP,43,,-0.09833333333333333,-0.0012499999999999953,-0.00012500000000000358
mut_N102T,IHP,44,,-0.06166666666666667,-0.0025000000000000005,-0.00012500000000000358
mut_N102T,IHP,45,,-0.11229166666666666,-0.0018749999999999997,-0.00012500000000000358
mut_N102T,IHP,46,,-0.044375,-0.001875,-0.00012500000000000358
mut_N102T,IHP,47,,-0.07083333333333333,-0.0008333333333333333,-0.00012500000000000358
mut_N102T,IHP,48,,-0.11208333333333334,-0.006458333333333333,-0.00012500000000000358
mut_N102T,IHP,49,,-0.05979166666666667,-0.006875000000000001,-0.00012500000000000358
mut_N102T,IHP,50,,-0.042916666666666665,-0.00625,-0.00012500000000000358
mut_N102T,IHP,51,,-0.07041666666666667,-0.007291666666666667,-0.00012500000000000358
mut_N102T,IHP,52,,-0.06520833333333334,-0.0035416666666666665,-0.00012500000000000358
mut_N102T,IHP,53,,-0.108125,-0.0024999999999999988,-0.00012500000000000358
mut_N102T,IHP,54,,-0.07791666666666666,-0.0056250000000000015,-0.00012500000000000358
mut_N102T,IHP,55,,-0.09645833333333334,-0.008125000000000002,-0.00012500000000000358
mut_N102T,IHP,56,,-0.07625,-0.005208333333333334,-0.00012500000000000358
mut_N102T,IHP,57,,-0.06458333333333333,-0.0018750000000000001,-0.00012500000000000358
mut_N102T,IHP,58,,-0.08291666666666667,-0.0016666666666666666,-0.00012500000000000358
mut_N102T,IHP,59,,-0.11375,-0.009375000000000001,-0.00012500000000000358
mut_N102T,IHP,60,,-0.09979166666666667,-0.004999999999999998,-0.00012500000000000358
mut_N102T,IHP,61,,-0.11770833333333333,-0.0010416666666666664,-0.00012500000000000358
mut_N102T,IHP,62,,-0.08916666666666667,-0.0029166666666666672,-0.00012500000000000358
mut_N102T,IHP,63,,-0.126875,-0.0020833333333333337,-0.00012500000000000358
mut_N102T,IHP,64,,-0.09270833333333334,-0.0012499999999999998,-0.00012500000000000358
mut_N102T,IHP,65,,-0.03666666666666667,-0.009999999999999998,-0.00012500000000000358
mut_N102T,IHP,66,,-0.089375,-0.0006250000000000003,-0.00012500000000000358
mut_N102T,IHP,67,,-0.100625,-0.006458333333333332,-0.00012500000000000358
mut_N102T,IHP,68,,-0.05458333333333334,0.00020833333333333327,-0.00012500000000000358
mut_N102T,IHP,69,,-0.08479166666666667,-0.006666666666666669,-0.00012500000000000358
mut_N102T,IHP,70,,-0.085,-0.003958333333333334,-0.00012500000000000358
mut_N102T,IHP,71,,-0.07979166666666666,-0.0012499999999999998,-0.00012500000000000358
mut_N102T,IHP,72,,-0.06958333333333333,-0.007291666666666668,-0.00012500000000000358
mut_N102T,IHP,73,,-0.09875,-0.0022916666666666667,-0.00012500000000000358
mut_N102T,IHP,74,,-0.076875,-0.012291666666666666,-0.00012500000000000358
mut_N102T,IHP,75,,-0.096875,0.00020833333333333261,-0.00012500000000000358
mut_N102T,IHP,76,,-0.04854166666666667,-0.0008333333333333337,-0.00012500000000000358
mut_N102T,IHP,77,,-0.06770833333333333,-0.004791666666666666,-0.00012500000000000358
mut_N102T,IHP,78,,-0.052708333333333336,0.0010416666666666664,-0.00012500000000000358
mut_N102T,IHP,79,,-0.069375,-0.0016666666666666666,-0.00012500000000000358
mut_N102T,IHP,80,,-0.10854166666666666,-0.015208333333333334,-0.00012500000000000358
mut_N102T,IHP,81,,-0.06625,-0.004583333333333333,-0.00012500000000000358
mut_N102T,IHP,82,,-0.06145833333333333,-0.0010416666666666669,-0.00012500000000000358
mut_N102T,IHP,83,,-0.10125,-0.007083333333333334,-0.00012500000000000358
mut_N102T,IHP,84,,-0.081875,-0.007083333333333333,-0.00012500000000000358
mut_N102T,IHP,85,,-0.105,-0.002916666666666666,-0.00012500000000000358
mut_N102T,IHP,86,,-0.11375,-0.013958333333333333,-0.00012500000000000358
mut_N102T,IHP,87,,-0.095625,-0.0035416666666666665,-0.00012500000000000358
mut_N102T,IHP,88,,-0.09083333333333334,-0.004791666666666666,-0.00012500000000000358
mut_N102T,IHP,89,,-0.06604166666666667,-0.004583333333333333,-0.00012500000000000358
mut_N102T,IHP,90,,-0.09291666666666666,-0.014166666666666668,-0.00012500000000000358
mut_N102T,IHP,91,,-0.089375,-0.007083333333333332,-0.00012500000000000358
mut_N102T,IHP,92,,-0.093125,-0.0008333333333333335,-0.00012500000000000358
mut_N102T,IHP,93,,-0.08416666666666667,-0.005,-0.00012500000000000358
mut_N102T,IHP,94,,-0.11458333333333333,-0.004375,-0.00012500000000000358
mut_N102T,IHP,95,,-0.10604166666666667,-0.008541666666666668,-0.00012500000000000358
mut_N102T,IHP,96,,-0.09041666666666667,-0.012499999999999999,-0.00012500000000000358
mut_N102T,IHP,97,,-0.08854166666666667,-0.005416666666666667,-0.00012500000000000358
mut_N102T,IHP,98,,-0.07833333333333334,-0.003333333333333333,-0.00012500000000000358
mut_N102T,IHP,99,,-0.09791666666666667,-0.00625,-0.00012500000000000358
mut_N102T,IHP,100,,-0.09541666666666666,-0.003333333333333334,-0.00012500000000000358
mut_K82N,2_3_BPG,1,-6.14,-0.16866666666666666,-0.36066666666666664,-0.33066666666666666
mut_K82N,2_3_BPG,2,-6.63,-0.26066666666666666,-0.30066666666666664,-0.33066666666666666
mut_K82N,2_3_BPG,3,-6.3,-0.26466666666666666,-0.27266666666666667,-0.33066666666666666
mut_K82N,2_3_BPG,4,-6.14,-0.17733333333333334,-0.3506666666666667,-0.33066666666666666
mut_K82N,2_3_BPG,5,-6.01,-0.16133333333333333,-0.3586666666666667,-0.33066666666666666
mut_K82N,2_3_BPG,6,-6.26,-0.16466666666666666,-0.37266666666666665,-0.33066666666666666
mut_K82N,2_3_BPG,7,-6.94,-0.284,-0.3,-0.33066666666666666
mut_K82N,2_3_BPG,8,-5.97,-0.13666666666666666,-0.37866666666666665,-0.33066666666666666
mut_K82N,2_3_BPG,9,-6.17,-0.14866666666666667,-0.382,-0.33066666666666666
mut_K82N,2_3_BPG,10,-6.19,-0.164,-0.36733333333333335,-0.33066666666666666
mut_K82N,2_3_BPG,11,-5.94,-0.206,-0.30933333333333335,-0.33066666666666666
mut_K82N,2_3_BPG,12,-6.55,-0.23466666666666666,-0.32,-0.33066666666666666
mut_K82N,2_3_BPG,13,-6.26,-0.2673333333333333,-0.268,-0.33066666666666666
mut_K82N,2_3_BPG,14,-6.15,-0.182,-0.3466666666666667,-0.33066666666666666
mut_K82N,2_3_BPG,15,-6.25,-0.16866666666666666,-0.36666666666666664,-0.33066666666666666
mut_K82N,2_3_BPG,16,-7.0,-0.25733333333333336,-0.3273333333333333,-0.33066666666666666
mut_K82N,2_3_BPG,17,-5.98,-0.13466666666666666,-0.3813333333333333,-0.33066666666666666
mut_K82N,2_3_BPG,18,-6.18,-0.166,-0.366,-0.33066666666666666
mut_K82N,2_3_BPG,19,-5.86,-0.17666666666666667,-0.332,-0.33066666666666666
mut_K82N,2_3_BPG,20,-6.16,-0.18,-0.35133333333333333,-0.33066666666666666
mut_K82N,2_3_BPG,21,-6.49,-0.26066666666666666,-0.28933333333333333,-0.33066666666666666
mut_K82N,2_3_BPG,22,-5.58,-0.25,-0.24333333333333335,-0.33066666666666666
mut_K82N,2_3_BPG,23,-6.16,-0.17933333333333334,-0.3506666666666667,-0.33066666666666666
mut_K82N,2_3_BPG,24,-6.21,-0.176,-0.356,-0.33066666666666666
mut_K82N,2_3_BPG,25,-6.91,-0.2753333333333333,-0.30533333333333335,-0.33066666666666666
mut_K82N,2_3_BPG,26,-6.01,-0.15133333333333332,-0.36933333333333335,-0.33066666666666666
mut_K82N,2_3_BPG,27,-5.94,-0.15933333333333333,-0.3566666666666667,-0.33066666666666666
mut_K82N,2_3_BPG,28,-6.78,-0.27999999999999997,-0.29,-0.33066666666666666
mut_K82N,2_3_BPG,29,-6.69,-0.25333333333333335,-0.31333333333333335,-0.33066666666666666
mut_K82N,2_3_BPG,30,-6.73,-0.28,-0.28733333333333333,-0.33066666666666666
mut_K82N,2_3_BPG,31,-6.26,-0.16933333333333334,-0.3666666666666667,-0.33066666666666666
mut_K82N,2_3_BPG,32,-6.13,-0.178,-0.35133333333333333,-0.33066666666666666
mut_K82N,2_3_BPG,33,-6.07,-0.16133333333333333,-0.36266666666666664,-0.33066666666666666
mut_K82N,2_3_BPG,34,-6.2,-0.17333333333333334,-0.35733333333333334,-0.33066666666666666
mut_K82N,2_3_BPG,35,-5.9,-0.164,-0.34800000000000003,-0.33066666666666666
mut_K82N,2_3_BPG,36,-6.13,-0.186,-0.342,-0.33066666666666666
mut_K82N,2_3_BPG,37,-6.0,-0.2753333333333333,-0.24266666666666667,-0.33066666666666666
mut_K82N,2_3_BPG,38,-6.28,-0.17200000000000001,-0.36666666666666664,-0.33066666666666666
mut_K82N,2_3_BPG,39,-5.89,-0.166,-0.3453333333333333,-0.33066666666666666
mut_K82N,2_3_BPG,40,-6.08,-0.174,-0.35,-0.33066666666666666
mut_K82N,2_3_BPG,41,-6.59,-0.2866666666666667,-0.27266666666666667,-0.33066666666666666
mut_K82N,2_3_BPG,42,-6.1,-0.18266666666666667,-0.3446666666666667,-0.33066666666666666
mut_K82N,2_3_BPG,43,-6.07,-0.17466666666666666,-0.3506666666666667,-0.33066666666666666
mut_K82N,2_3_BPG,44,-6.9,-0.2853333333333333,-0.292,-0.33066666666666666
mut_K82N,2_3_BPG,45,-6.09,-0.16466666666666666,-0.362,-0.33066666666666666
mut_K82N,2_3_BPG,46,-7.38,-0.334,-0.2773333333333333,-0.33066666666666666
mut_K82N,2_3_BPG,47,-6.13,-0.17133333333333334,-0.358,-0.33066666666666666
mut_K82N,2_3_BPG,48,-6.95,-0.2733333333333333,-0.30866666666666664,-0.33066666666666666
mut_K82N,2_3_BPG,49,-6.16,-0.17466666666666666,-0.35533333333333333,-0.33066666666666666
mut_K82N,2_3_BPG,50,-6.01,-0.16533333333333333,-0.356,-0.33066666666666666
mut_K82N,2_3_BPG,51,-5.97,-0.16866666666666666,-0.3486666666666667,-0.33066666666666666
mut_K82N,2_3_BPG,52,-6.01,-0.2833333333333333,-0.23666666666666666,-0.33066666666666666
mut_K82N,2_3_BPG,53,-6.03,-0.17133333333333334,-0.34933333333333333,-0.33066666666666666
mut_K82N,2_3_BPG,54,-6.38,-0.27,-0.2733333333333333,-0.33066666666666666
mut_K82N,2_3_BPG,55,-6.09,-0.17466666666666666,-0.35133333333333333,-0.33066666666666666
mut_K82N,2_3_BPG,56,-6.72,-0.27,-0.29933333333333334,-0.33066666666666666
mut_K82N,2_3_BPG,57,-6.08,-0.168,-0.35533333333333333,-0.33066666666666666
mut_K82N,2_3_BPG,58,-5.99,-0.15533333333333332,-0.36333333333333334,-0.33066666666666666
mut_K82N,2_3_BPG,59,-6.1,-0.18,-0.34600000000000003,-0.33066666666666666
mut_K82N,2_3_BPG,60,-6.01,-0.17066666666666666,-0.3506666666666667,-0.33066666666666666
mut_K82N,2_3_BPG,61,-6.16,-0.154,-0.37666666666666665,-0.33066666666666666
mut_K82N,2_3_BPG,62,-5.98,-0.15666666666666668,-0.36133333333333334,-0.33066666666666666
mut_K82N,2_3_BPG,63,-6.34,-0.2553333333333333,-0.28733333333333333,-0.33066666666666666
mut_K82N,2_3_BPG,64,-6.92,-0.272,-0.308,-0.33066666666666666
mut_K82N,2_3_BPG,65,-6.21,-0.18333333333333332,-0.3486666666666667,-0.33066666666666666
mut_K82N,2_3_BPG,66,-6.41,-0.2633333333333333,-0.28200000000000003,-0.33066666666666666
mut_K82N,2_3_BPG,67,-5.75,-0.14533333333333334,-0.3586666666666667,-0.33066666666666666
mut_K82N,2_3_BPG,68,-6.37,-0.268,-0.2733333333333333,-0.33066666666666666
mut_K82N,2_3_BPG,69,-6.04,-0.15666666666666668,-0.36533333333333334,-0.33066666666666666
mut_K82N,2_3_BPG,70,-6.11,-0.16466666666666666,-0.36333333333333334,-0.33066666666666666
mut_K82N,2_3_BPG,71,-6.14,-0.16933333333333334,-0.35933333333333334,-0.33066666666666666
mut_K82N,2_3_BPG,72,-6.27,-0.17533333333333334,-0.362,-0.33066666666666666
mut_K82N,2_3_BPG,73,-6.48,-0.24866666666666667,-0.30333333333333334,-0.33066666666666666
mut_K82N,2_3_BPG,74,-6.63,-0.25666666666666665,-0.30533333333333335,-0.33066666666666666
mut_K82N,2_3_BPG,75,-6.08,-0.164,-0.3606666666666667,-0.33066666666666666
mut_K82N,2_3_BPG,76,-6.2,-0.17733333333333334,-0.3546666666666667,-0.33066666666666666
mut_K82N,2_3_BPG,77,-6.28,-0.17666666666666667,-0.36133333333333334,-0.33066666666666666
mut_K82N,2_3_BPG,78,-6.04,-0.17933333333333334,-0.34400000000000003,-0.33066666666666666
mut_K82N,2_3_BPG,79,-6.3,-0.166,-0.374,-0.33066666666666666
mut_K82N,2_3_BPG,80,-6.21,-0.16533333333333333,-0.368,-0.33066666666666666
mut_K82N,2_3_BPG,81,-6.05,-0.18133333333333335,-0.3406666666666667,-0.33066666666666666
mut_K82N,2_3_BPG,82,-6.96,-0.2773333333333333,-0.3066666666666667,-0.33066666666666666
mut_K82N,2_3_BPG,83,-6.04,-0.17466666666666666,-0.34800000000000003,-0.33066666666666666
mut_K82N,2_3_BPG,84,-6.04,-0.16466666666666668,-0.3566666666666667,-0.33066666666666666
mut_K82N,2_3_BPG,85,-6.18,-0.168,-0.36333333333333334,-0.33066666666666666
mut_K82N,2_3_BPG,86,-6.21,-0.16266666666666668,-0.37133333333333335,-0.33066666666666666
mut_K82N,2_3_BPG,87,-6.19,-0.16266666666666665,-0.37133333333333335,-0.33066666666666666
mut_K82N,2_3_BPG,88,-5.98,-0.15866666666666668,-0.3586666666666667,-0.33066666666666666
mut_K82N,2_3_BPG,89,-6.03,-0.16733333333333333,-0.354,-0.33066666666666666
mut_K82N,2_3_BPG,90,-6.57,-0.26133333333333336,-0.296,-0.33066666666666666
mut_K82N,2_3_BPG,91,-5.78,-0.15266666666666667,-0.352,-0.33066666666666666
mut_K82N,2_3_BPG,92,-6.15,-0.17666666666666667,-0.3526666666666667,-0.33066666666666666
mut_K82N,2_3_BPG,93,-6.08,-0.16333333333333333,-0.36266666666666664,-0.33066666666666666
mut_K82N,2_3_BPG,94,-6.08,-0.17933333333333332,-0.3486666666666667,-0.33066666666666666
mut_K82N,2_3_BPG,95,-6.15,-0.158,-0.37,-0.33066666666666666
mut_K82N,2_3_BPG,96,-6.13,-0.172,-0.3566666666666667,-0.33066666666666666
mut_K82N,2_3_BPG,97,-6.24,-0.25,-0.284,-0.33066666666666666
mut_K82N,2_3_BPG,98,-6.07,-0.16333333333333333,-0.35933333333333334,-0.33066666666666666
mut_K82N,2_3_BPG,99,-6.09,-0.15866666666666668,-0.366,-0.33066666666666666
mut_K82N,2_3_BPG,100,-6.17,-0.18133333333333335,-0.348,-0.33066666666666666
mut_K82N,heme,1,-3.19,-0.12981481481481483,-0.0014814814814814814,-3.7037037037035065e-05
mut_K82N,heme,2,-4.59,-0.15425925925925926,-0.0025925925925925925,-3.7037037037035065e-05
mut_K82N,heme,3,-2.98,-0.12777777777777777,0.0001851851851851857,-3.7037037037035065e-05
mut_K82N,heme,4,-3.4,-0.13407407407407407,-0.00037037037037037024,-3.7037037037035065e-05
mut_K82N,heme,5,-4.72,-0.15203703703703703,-0.0062962962962962955,-3.7037037037035065e-05
mut_K82N,heme,6,-3.31,-0.12648148148148147,-0.005555555555555556,-3.7037037037035065e-05
mut_K82N,heme,7,-4.2,-0.13574074074074075,-0.013703703703703702,-3.7037037037035065e-05
mut_K82N,heme,8,-4.62,-0.15351851851851853,-0.003333333333333334,-3.7037037037035065e-05
mut_K82N,heme,9,-3.66,-0.13185185185185186,-0.007222222222222222,-3.7037037037035065e-05
mut_K82N,heme,10,-3.79,-0.13962962962962963,-0.0022222222222222227,-3.7037037037035065e-05
mut_K82N,heme,11,-3.14,-0.12962962962962962,-0.0005555555555555556,-3.7037037037035065e-05
mut_K82N,heme,12,-4.07,-0.13685185185185186,-0.009814814814814814,-3.7037037037035065e-05
mut_K82N,heme,13,-3.21,-0.12314814814814815,-0.006851851851851852,-3.7037037037035065e-05
mut_K82N,heme,14,-7.69,-0.20055555555555557,-0.013703703703703704,-3.7037037037035065e-05
mut_K82N,heme,15,-2.64,-0.12018518518518519,-0.0005555555555555559,-3.7037037037035065e-05
mut_K82N,heme,16,-5.09,-0.16314814814814815,-0.003703703703703704,-3.7037037037035065e-05
mut_K82N,heme,17,-3.97,-0.13555555555555557,-0.009259259259259259,-3.7037037037035065e-05
mut_K82N,heme,18,-3.83,-0.14,-0.003888888888888888,-3.7037037037035065e-05
mut_K82N,heme,19,-4.09,-0.14537037037037037,-0.0020370370370370373,-3.7037037037035065e-05
mut_K82N,heme,20,-4.48,-0.14907407407407408,-0.005925925925925924,-3.7037037037035065e-05
mut_K82N,heme,21,-3.58,-0.13685185185185186,-0.001296296296296296,-3.7037037037035065e-05
mut_K82N,heme,22,-3.71,-0.13555555555555557,-0.004629629629629629,-3.7037037037035065e-05
mut_K82N,heme,23,-2.62,-0.11666666666666667,-0.003888888888888889,-3.7037037037035065e-05
mut_K82N,heme,24,-3.66,-0.12666666666666668,-0.013518518518518518,-3.7037037037035065e-05
mut_K82N,heme,25,-4.17,-0.145,-0.004814814814814815,-3.7037037037035065e-05
mut_K82N,heme,26,-3.09,-0.12796296296296297,-0.00018518518518518534,-3.7037037037035065e-05
mut_K82N,heme,27,-4.44,-0.15296296296296297,-0.001111111111111111,-3.7037037037035065e-05
mut_K82N,heme,28,-3.31,-0.12518518518518518,-0.0075925925925925935,-3.7037037037035065e-05
mut_K82N,heme,29,-3.51,-0.13462962962962963,-0.0025925925925925934,-3.7037037037035065e-05
mut_K82N,heme,30,-5.43,-0.16037037037037036,-0.011666666666666667,-3.7037037037035065e-05
mut_K82N,heme,31,-4.48,-0.15203703703703703,-0.0038888888888888888,-3.7037037037035065e-05
mut_K82N,heme,32,-5.06,-0.16185185185185186,-0.003518518518518518,-3.7037037037035065e-05
mut_K82N,heme,33,-6.99,-0.19240740740740742,-0.008703703703703703,-3.7037037037035065e-05
mut_K82N,heme,34,-5.43,-0.15888888888888889,-0.01425925925925926,-3.7037037037035065e-05
mut_K82N,heme,35,-3.31,-0.13296296296296295,3.2124508814385315e-19,-3.7037037037035065e-05
mut_K82N,heme,36,-5.32,-0.16444444444444445,-0.004814814814814814,-3.7037037037035065e-05
mut_K82N,heme,37,-4.6,-0.15185185185185185,-0.005,-3.7037037037035065e-05
mut_K82N,heme,38,-5.19,-0.15925925925925927,-0.009259259259259259,-3.7037037037035065e-05
mut_K82N,heme,39,-3.53,-0.13648148148148148,-0.00037037037037037024,-3.7037037037035065e-05
mut_K82N,heme,40,-4.31,-0.14203703703703704,-0.009259259259259259,-3.7037037037035065e-05
mut_K82N,heme,41,-4.62,-0.1511111111111111,-0.0059259259259259265,-3.7037037037035065e-05
mut_K82N,heme,42,-5.54,-0.17185185185185184,-0.003518518518518519,-3.7037037037035065e-05
mut_K82N,heme,43,-4.08,-0.1338888888888889,-0.013888888888888888,-3.7037037037035065e-05
mut_K82N,heme,44,-3.81,-0.1424074074074074,-0.0005555555555555558,-3.7037037037035065e-05
mut_K82N,heme,45,-4.83,-0.15537037037037038,-0.005,-3.7037037037035065e-05
mut_K82N,heme,46,-6.82,-0.19185185185185186,-0.007037037037037038,-3.7037037037035065e-05
mut_K82N,heme,47,-5.39,-0.16166666666666668,-0.009814814814814816,-3.7037037037035065e-05
mut_K82N,heme,48,-3.63,-0.13018518518518518,-0.008703703703703703,-3.7037037037035065e-05
mut_K82N,heme,49,-5.46,-0.17148148148148148,-0.0009259259259259255,-3.7037037037035065e-05
mut_K82N,heme,50,-5.05,-0.15648148148148147,-0.009999999999999998,-3.7037037037035065e-05
mut_K82N,heme,51,-4.06,-0.1424074074074074,-0.003703703703703704,-3.7037037037035065e-05
mut_K82N,heme,52,-3.36,-0.1290740740740741,-0.0046296296296296285,-3.7037037037035065e-05
mut_K82N,heme,53,-4.23,-0.13925925925925925,-0.011111111111111112,-3.7037037037035065e-05
mut_K82N,heme,54,-7.6,-0.19333333333333333,-0.018333333333333337,-3.7037037037035065e-05
mut_K82N,heme,55,-2.95,-0.12351851851851851,-0.0025925925925925934,-3.7037037037035065e-05
mut_K82N,heme,56,-3.26,-0.12148148148148148,-0.011481481481481481,-3.7037037037035065e-05
mut_K82N,heme,57,-7.62,-0.20055555555555554,-0.012037037037037034,-3.7037037037035065e-05
mut_K82N,heme,58,-3.65,-0.1374074074074074,-0.0025925925925925925,-3.7037037037035065e-05
mut_K82N,heme,59,-5.37,-0.16185185185185186,-0.009259259259259259,-3.7037037037035065e-05
mut_K82N,heme,60,-4.56,-0.15333333333333332,-0.0025925925925925925,-3.7037037037035065e-05
mut_K82N,heme,61,-4.47,-0.1524074074074074,-0.003148148148148148,-3.7037037037035065e-05
mut_K82N,heme,62,-4.24,-0.15,-0.0005555555555555556,-3.7037037037035065e-05
mut_K82N,heme,63,-3.61,-0.13074074074074074,-0.007037037037037036,-3.7037037037035065e-05
mut_K82N,heme,64,-3.16,-0.1275925925925926,-0.0027777777777777775,-3.7037037037035065e-05
mut_K82N,heme,65,-4.29,-0.14925925925925926,-0.001851851851851852,-3.7037037037035065e-05
mut_K82N,heme,66,-4.84,-0.1562962962962963,-0.0038888888888888888,-3.7037037037035065e-05
mut_K82N,heme,67,-6.58,-0.18444444444444444,-0.008703703703703703,-3.7037037037035065e-05
mut_K82N,heme,68,-4.9,-0.15333333333333335,-0.009444444444444445,-3.7037037037035065e-05
mut_K82N,heme,69,-6.52,-0.18462962962962964,-0.007407407407407407,-3.7037037037035065e-05
mut_K82N,heme,70,-6.0,-0.16407407407407407,-0.019444444444444445,-3.7037037037035065e-05
mut_K82N,heme,71,-4.65,-0.14796296296296296,-0.010185185185185186,-3.7037037037035065e-05
mut_K82N,heme,72,-4.06,-0.1448148148148148,-0.0022222222222222222,-3.7037037037035065e-05
mut_K82N,heme,73,-4.28,-0.15,-0.0005555555555555554,-3.7037037037035065e-05
mut_K82N,heme,74,-4.71,-0.155,-0.004814814814814815,-3.7037037037035065e-05
mut_K82N,heme,75,-5.33,-0.1587037037037037,-0.012037037037037037,-3.7037037037035065e-05
mut_K82N,heme,76,-3.14,-0.12574074074074074,-0.0042592592592592595,-3.7037037037035065e-05
mut_K82N,heme,77,-3.08,-0.1272222222222222,-0.0016666666666666672,-3.7037037037035065e-05
mut_K82N,heme,78,-4.77,-0.1512962962962963,-0.008888888888888889,-3.7037037037035065e-05
mut_K82N,heme,79,-3.59,-0.13537037037037036,-0.002962962962962963,-3.7037037037035065e-05
mut_K82N,heme,80,-5.55,-0.17148148148148148,-0.0033333333333333335,-3.7037037037035065e-05
mut_K82N,heme,81,-3.67,-0.1259259259259259,-0.013703703703703704,-3.7037037037035065e-05
mut_K82N,heme,82,-4.02,-0.1424074074074074,-0.0022222222222222227,-3.7037037037035065e-05
mut_K82N,heme,83,-3.55,-0.13055555555555556,-0.006666666666666666,-3.7037037037035065e-05
mut_K82N,heme,84,-3.69,-0.1388888888888889,-0.0011111111111111107,-3.7037037037035065e-05
mut_K82N,heme,85,-5.01,-0.15925925925925927,-0.005555555555555555,-3.7037037037035065e-05
mut_K82N,heme,86,-1.99,-0.10981481481481482,0.0007407407407407403,-3.7037037037035065e-05
mut_K82N,heme,87,-5.74,-0.17037037037037037,-0.007962962962962962,-3.7037037037035065e-05
mut_K82N,heme,88,-5.0,-0.15685185185185185,-0.007592592592592593,-3.7037037037035065e-05
mut_K82N,heme,89,-5.44,-0.1625925925925926,-0.01,-3.7037037037035065e-05
mut_K82N,heme,90,-4.0,-0.14333333333333334,-0.003518518518518519,-3.7037037037035065e-05
mut_K82N,heme,91,-3.86,-0.13722222222222222,-0.005740740740740741,-3.7037037037035065e-05
mut_K82N,heme,92,-4.7,-0.15611111111111112,-0.003148148148148148,-3.7037037037035065e-05
mut_K82N,heme,93,-4.4,-0.1474074074074074,-0.0059259259259259265,-3.7037037037035065e-05
mut_K82N,heme,94,-4.28,-0.14,-0.010925925925925926,-3.7037037037035065e-05
mut_K82N,heme,95,-4.41,-0.15425925925925926,0.0005555555555555556,-3.7037037037035065e-05
mut_K82N,heme,96,-4.24,-0.14444444444444446,-0.004814814814814815,-3.7037037037035065e-05
mut_K82N,heme,97,-4.82,-0.15648148148148147,-0.00425925925925926,-3.7037037037035065e-05
mut_K82N,heme,98,-6.88,-0.18685185185185185,-0.012962962962962963,-3.7037037037035065e-05
mut_K82N,heme,99,-2.61,-0.11240740740740741,-0.007962962962962963,-3.7037037037035065e-05
mut_K82N,heme,100,-3.82,-0.1325925925925926,-0.01037037037037037,-3.7037037037035065e-05
mut_K82N,heme_Co,1,-3.54,-0.14708333333333334,-0.0008333333333333331,-0.04170833333333333
mut_K82N,heme_Co,2,-3.05,-0.13333333333333333,-0.0043749999999999995,-0.04170833333333333
mut_K82N,heme_Co,3,-3.08,-0.13708333333333333,-0.0014583333333333334,-0.04170833333333333
mut_K82N,heme_Co,4,-4.25,-0.12083333333333333,-0.042083333333333334,-0.04170833333333333
mut_K82N,heme_Co,5,-4.9,-0.16125,-0.014791666666666667,-0.04170833333333333
mut_K82N,heme_Co,6,-2.55,-0.12458333333333334,-0.002916666666666667,-0.04170833333333333
mut_K82N,heme_Co,7,-4.67,-0.13229166666666667,-0.04041666666666667,-0.04170833333333333
mut_K82N,heme_Co,8,-5.41,-0.13583333333333333,-0.051458333333333335,-0.04170833333333333
mut_K82N,heme_Co,9,-4.85,-0.1675,-0.00875,-0.04170833333333333
mut_K82N,heme_Co,10,-5.92,-0.14333333333333334,-0.054375,-0.04170833333333333
mut_K82N,heme_Co,11,-4.09,-0.140625,-0.02,-0.04170833333333333
mut_K82N,heme_Co,12,-4.49,-0.10895833333333334,-0.05875,-0.04170833333333333
mut_K82N,heme_Co,13,-3.51,-0.12208333333333334,-0.024375,-0.04170833333333333
mut_K82N,heme_Co,14,-3.58,-0.12416666666666666,-0.024583333333333332,-0.04170833333333333
mut_K82N,heme_Co,15,-5.09,-0.119375,-0.06083333333333333,-0.04170833333333333
mut_K82N,heme_Co,16,-3.44,-0.13020833333333334,-0.015625,-0.04170833333333333
mut_K82N,heme_Co,17,-5.1,-0.16166666666666668,-0.01958333333333333,-0.04170833333333333
mut_K82N,heme_Co,18,-3.43,-0.09791666666666667,-0.04875,-0.04170833333333333
mut_K82N,heme_Co,19,-7.54,-0.18083333333333335,-0.049375,-0.04170833333333333
mut_K82N,heme_Co,20,-2.6,-0.11604166666666667,-0.012708333333333334,-0.04170833333333333
mut_K82N,heme_Co,21,-2.47,-0.13,0.004583333333333333,-0.04170833333333333
mut_K82N,heme_Co,22,-3.04,-0.138125,0.0,-0.04170833333333333
mut_K82N,heme_Co,23,-2.51,-0.13083333333333333,0.004166666666666667,-0.04170833333333333
mut_K82N,heme_Co,24,-5.01,-0.11958333333333333,-0.06041666666666667,-0.04170833333333333
mut_K82N,heme_Co,25,-3.15,-0.08375,-0.057291666666666664,-0.04170833333333333
mut_K82N,heme_Co,26,-4.61,-0.13125,-0.04,-0.04170833333333333
mut_K82N,heme_Co,27,-4.16,-0.10333333333333333,-0.057291666666666664,-0.04170833333333333
mut_K82N,heme_Co,28,-7.4,-0.17520833333333333,-0.05375,-0.04170833333333333
mut_K82N,heme_Co,29,-6.27,-0.19,-0.015416666666666667,-0.04170833333333333
mut_K82N,heme_Co,30,-4.8,-0.15895833333333334,-0.016458333333333335,-0.04170833333333333
mut_K82N,heme_Co,31,-3.95,-0.14208333333333334,-0.014166666666666668,-0.04170833333333333
mut_K82N,heme_Co,32,-4.45,-0.12291666666666667,-0.044375000000000005,-0.04170833333333333
mut_K82N,heme_Co,33,-3.24,-0.13479166666666667,-0.008125,-0.04170833333333333
mut_K82N,heme_Co,34,-4.73,-0.15687500000000001,-0.014374999999999999,-0.04170833333333333
mut_K82N,heme_Co,35,-7.6,-0.18291666666666667,-0.04958333333333333,-0.04170833333333333
mut_K82N,heme_Co,36,-4.78,-0.12333333333333334,-0.051041666666666666,-0.04170833333333333
mut_K82N,heme_Co,37,-2.84,-0.13479166666666667,0.0010416666666666667,-0.04170833333333333
mut_K82N,heme_Co,38,-3.78,-0.15604166666666666,0.003125,-0.04170833333333333
mut_K82N,heme_Co,39,-4.27,-0.11854166666666667,-0.04541666666666666,-0.04170833333333333
mut_K82N,heme_Co,40,-4.57,-0.12895833333333334,-0.040625,-0.04170833333333333
mut_K82N,heme_Co,41,-4.9,-0.12333333333333334,-0.05291666666666667,-0.04170833333333333
mut_K82N,heme_Co,42,-3.88,-0.14229166666666668,-0.013333333333333334,-0.04170833333333333
mut_K82N,heme_Co,43,-3.39,-0.13625,-0.009166666666666667,-0.04170833333333333
mut_K82N,heme_Co,44,-3.6,-0.099375,-0.05,-0.04170833333333333
mut_K82N,heme_Co,45,-2.9,-0.13125,-0.0031249999999999997,-0.04170833333333333
mut_K82N,heme_Co,46,-2.56,-0.11979166666666667,-0.008333333333333333,-0.04170833333333333
mut_K82N,heme_Co,47,-3.52,-0.14291666666666666,-0.005625,-0.04170833333333333
mut_K82N,heme_Co,48,-2.52,-0.12479166666666666,-0.0020833333333333333,-0.04170833333333333
mut_K82N,heme_Co,49,-5.32,-0.14625,-0.03833333333333334,-0.04170833333333333
mut_K82N,heme_Co,50,-2.25,-0.10458333333333333,-0.017083333333333332,-0.04170833333333333
mut_K82N,heme_Co,51,-6.11,-0.14541666666666667,-0.05666666666666667,-0.04170833333333333
mut_K82N,heme_Co,52,-4.81,-0.13854166666666667,-0.035416666666666666,-0.04170833333333333
mut_K82N,heme_Co,53,-3.85,-0.12229166666666667,-0.03208333333333333,-0.04170833333333333
mut_K82N,heme_Co,54,-2.48,-0.13145833333333334,0.0043749999999999995,-0.04170833333333333
mut_K82N,heme_Co,55,-2.58,-0.11625,-0.013333333333333332,-0.04170833333333333
mut_K82N,heme_Co,56,-3.26,-0.14270833333333333,0.000625,-0.04170833333333333
mut_K82N,heme_Co,57,-2.71,-0.115625,-0.015833333333333335,-0.04170833333333333
mut_K82N,heme_Co,58,-2.34,-0.11812500000000001,-0.005,-0.04170833333333333
mut_K82N,heme_Co,59,-3.45,-0.10770833333333334,-0.03895833333333334,-0.04170833333333333
mut_K82N,heme_Co,60,-5.19,-0.13979166666666668,-0.043125,-0.04170833333333333
mut_K82N,heme_Co,61,-2.65,-0.11145833333333334,-0.018333333333333333,-0.04170833333333333
mut_K82N,heme_Co,62,-2.95,-0.13895833333333332,0.003125,-0.04170833333333333
mut_K82N,heme_Co,63,-4.72,-0.15937500000000002,-0.01375,-0.04170833333333333
mut_K82N,heme_Co,64,-3.04,-0.13895833333333332,0.0010416666666666667,-0.04170833333333333
mut_K82N,heme_Co,65,-3.85,-0.11270833333333334,-0.0425,-0.04170833333333333
mut_K82N,heme_Co,66,-6.24,-0.17875,-0.025833333333333333,-0.04170833333333333
mut_K82N,heme_Co,67,-3.66,-0.10416666666666667,-0.046875,-0.04170833333333333
mut_K82N,heme_Co,68,-3.78,-0.12395833333333334,-0.029791666666666668,-0.04170833333333333
mut_K82N,heme_Co,69,-4.14,-0.15083333333333335,-0.01,-0.04170833333333333
mut_K82N,heme_Co,70,-4.65,-0.134375,-0.038125,-0.04170833333333333
mut_K82N,heme_Co,71,-1.5,-0.104375,-0.0010416666666666667,-0.04170833333333333
mut_K82N,heme_Co,72,-3.37,-0.14604166666666668,0.0008333333333333334,-0.04170833333333333
mut_K82N,heme_Co,73,-4.4,-0.15666666666666668,-0.009791666666666667,-0.04170833333333333
mut_K82N,heme_Co,74,-3.64,-0.12104166666666667,-0.029166666666666667,-0.04170833333333333
mut_K82N,heme_Co,75,-4.07,-0.10895833333333334,-0.049999999999999996,-0.04170833333333333
mut_K82N,heme_Co,76,-5.44,-0.12770833333333334,-0.060625000000000005,-0.04170833333333333
mut_K82N,heme_Co,77,-3.74,-0.13604166666666667,-0.01625,-0.04170833333333333
mut_K82N,heme_Co,78,-5.28,-0.10395833333333333,-0.080625,-0.04170833333333333
mut_K82N,heme_Co,79,-3.17,-0.14083333333333334,0.0014583333333333334,-0.04170833333333333
mut_K82N,heme_Co,80,-3.27,-0.14666666666666667,0.004166666666666667,-0.04170833333333333
mut_K82N,heme_Co,81,-4.18,-0.13729166666666667,-0.025416666666666667,-0.04170833333333333
mut_K82N,heme_Co,82,-5.9,-0.13354166666666667,-0.06458333333333334,-0.04170833333333333
mut_K82N,heme_Co,83,-3.23,-0.14291666666666666,0.0014583333333333334,-0.04170833333333333
mut_K82N,heme_Co,84,-3.82,-0.11041666666666666,-0.042916666666666665,-0.04170833333333333
mut_K82N,heme_Co,85,-5.86,-0.13354166666666667,-0.0625,-0.04170833333333333
mut_K82N,heme_Co,86,-3.44,-0.15666666666666668,0.010624999999999999,-0.04170833333333333
mut_K82N,heme_Co,87,-3.84,-0.14208333333333334,-0.01125,-0.04170833333333333
mut_K82N,heme_Co,88,-3.51,-0.14770833333333333,0.0010416666666666667,-0.04170833333333333
mut_K82N,heme_Co,89,-3.18,-0.13479166666666667,-0.005625,-0.04170833333333333
mut_K82N,heme_Co,90,-4.9,-0.15875,-0.017291666666666667,-0.04170833333333333
mut_K82N,heme_Co,91,-3.42,-0.131875,-0.013958333333333333,-0.04170833333333333
mut_K82N,heme_Co,92,-2.4,-0.12791666666666668,0.003958333333333333,-0.04170833333333333
mut_K82N,heme_Co,93,-4.24,-0.13020833333333334,-0.03229166666666667,-0.04170833333333333
mut_K82N,heme_Co,94,-5.46,-0.13729166666666667,-0.051458333333333335,-0.04170833333333333
mut_K82N,heme_Co,95,-3.67,-0.12895833333333334,-0.022291666666666664,-0.04170833333333333
mut_K82N,heme_Co,96,-2.34,-0.11666666666666667,-0.007083333333333334,-0.04170833333333333
mut_K82N,heme_Co,97,-2.77,-0.133125,0.0014583333333333336,-0.04170833333333333
mut_K82N,heme_Co,98,-7.24,-0.17625,-0.04916666666666667,-0.04170833333333333
mut_K82N,heme_Co,99,-5.76,-0.17541666666666667,-0.018333333333333333,-0.04170833333333333
mut_K82N,heme_Co,100,-2.88,-0.10375,-0.03125,-0.04170833333333333
mut_K82N,heme_Fe,1,-7.67,-0.16555555555555557,-0.07088888888888889,-0.04448888888888889
mut_K82N,heme_Fe,2,-6.98,-0.16244444444444445,-0.05933333333333333,-0.04448888888888889
mut_K82N,heme_Fe,3,-5.14,-0.1731111111111111,-0.0071111111111111115,-0.04448888888888889
mut_K82N,heme_Fe,4,-4.76,-0.18088888888888888,0.008444444444444445,-0.04448888888888889
mut_K82N,heme_Fe,5,-7.08,-0.16555555555555557,-0.058,-0.04448888888888889
mut_K82N,heme_Fe,6,-4.36,-0.15444444444444444,-0.008666666666666666,-0.04448888888888889
mut_K82N,heme_Fe,7,-6.45,-0.13844444444444445,-0.07244444444444445,-0.04448888888888889
mut_K82N,heme_Fe,8,-7.41,-0.17555555555555555,-0.05555555555555555,-0.04448888888888889
mut_K82N,heme_Fe,9,-6.6,-0.22044444444444444,0.007555555555555556,-0.04448888888888889
mut_K82N,heme_Fe,10,-5.73,-0.13777777777777778,-0.05555555555555555,-0.04448888888888889
mut_K82N,heme_Fe,11,-6.1,-0.1328888888888889,-0.06933333333333333,-0.04448888888888889
mut_K82N,heme_Fe,12,-6.2,-0.168,-0.035777777777777776,-0.04448888888888889
mut_K82N,heme_Fe,13,-5.78,-0.17044444444444445,-0.02422222222222222,-0.04448888888888889
mut_K82N,heme_Fe,14,-7.48,-0.16333333333333333,-0.06933333333333333,-0.04448888888888889
mut_K82N,heme_Fe,15,-7.66,-0.16177777777777777,-0.07422222222222223,-0.04448888888888889
mut_K82N,heme_Fe,16,-12.0,-0.276,-0.05688888888888889,-0.04448888888888889
mut_K82N,heme_Fe,17,-6.1,-0.17866666666666667,-0.02377777777777778,-0.04448888888888889
mut_K82N,heme_Fe,18,-7.09,-0.16577777777777777,-0.058666666666666666,-0.04448888888888889
mut_K82N,heme_Fe,19,-5.88,-0.18511111111111112,-0.012222222222222223,-0.04448888888888889
mut_K82N,heme_Fe,20,-6.41,-0.136,-0.07311111111111111,-0.04448888888888889
mut_K82N,heme_Fe,21,-7.83,-0.16955555555555557,-0.07088888888888889,-0.04448888888888889
mut_K82N,heme_Fe,22,-7.56,-0.1622222222222222,-0.07244444444444445,-0.04448888888888889
mut_K82N,heme_Fe,23,-6.24,-0.174,-0.03133333333333334,-0.04448888888888889
mut_K82N,heme_Fe,24,-6.39,-0.18288888888888888,-0.025555555555555557,-0.04448888888888889
mut_K82N,heme_Fe,25,-7.99,-0.18066666666666667,-0.06377777777777778,-0.04448888888888889
mut_K82N,heme_Fe,26,-4.85,-0.148,-0.02711111111111111,-0.04448888888888889
mut_K82N,heme_Fe,27,-7.32,-0.15155555555555555,-0.078,-0.04448888888888889
mut_K82N,heme_Fe,28,-5.18,-0.15044444444444444,-0.030222222222222223,-0.04448888888888889
mut_K82N,heme_Fe,29,-11.67,-0.2942222222222222,-0.03177777777777778,-0.04448888888888889
mut_K82N,heme_Fe,30,-6.62,-0.15355555555555556,-0.05977777777777778,-0.04448888888888889
mut_K82N,heme_Fe,31,-5.29,-0.1748888888888889,-0.008222222222222223,-0.04448888888888889
mut_K82N,heme_Fe,32,-8.02,-0.164,-0.08088888888888889,-0.04448888888888889
mut_K82N,heme_Fe,33,-11.54,-0.2653333333333333,-0.057555555555555554,-0.04448888888888889
mut_K82N,heme_Fe,34,-7.58,-0.15155555555555555,-0.08311111111111111,-0.04448888888888889
mut_K82N,heme_Fe,35,-5.29,-0.17444444444444446,-0.009777777777777778,-0.04448888888888889
mut_K82N,heme_Fe,36,-6.05,-0.17244444444444446,-0.028666666666666667,-0.04448888888888889
mut_K82N,heme_Fe,37,-7.8,-0.20444444444444446,-0.034888888888888886,-0.04448888888888889
mut_K82N,heme_Fe,38,-7.86,-0.1708888888888889,-0.06977777777777777,-0.04448888888888889
mut_K82N,heme_Fe,39,-12.21,-0.2791111111111111,-0.058666666666666666,-0.04448888888888889
mut_K82N,heme_Fe,40,-6.78,-0.17066666666666666,-0.04644444444444444,-0.04448888888888889
mut_K82N,heme_Fe,41,-5.02,-0.1511111111111111,-0.02688888888888889,-0.04448888888888889
mut_K82N,heme_Fe,42,-7.8,-0.16777777777777778,-0.07244444444444445,-0.04448888888888889
mut_K82N,heme_Fe,43,-7.73,-0.16355555555555557,-0.07555555555555556,-0.04448888888888889
mut_K82N,heme_Fe,44,-7.6,-0.186,-0.048888888888888885,-0.04448888888888889
mut_K82N,heme_Fe,45,-7.87,-0.16955555555555557,-0.07155555555555555,-0.04448888888888889
mut_K82N,heme_Fe,46,-5.39,-0.15555555555555556,-0.03,-0.04448888888888889
mut_K82N,heme_Fe,47,-5.49,-0.17644444444444446,-0.011111111111111112,-0.04448888888888889
mut_K82N,heme_Fe,48,-11.87,-0.2668888888888889,-0.0631111111111111,-0.04448888888888889
mut_K82N,heme_Fe,49,-7.41,-0.20666666666666667,-0.024666666666666667,-0.04448888888888889
mut_K82N,heme_Fe,50,-5.9,-0.14422222222222222,-0.05288888888888889,-0.04448888888888889
mut_K82N,heme_Fe,51,-7.4,-0.16733333333333333,-0.06288888888888888,-0.04448888888888889
mut_K82N,heme_Fe,52,-7.55,-0.15022222222222223,-0.08422222222222223,-0.04448888888888889
mut_K82N,heme_Fe,53,-7.56,-0.15422222222222223,-0.08044444444444444,-0.04448888888888889
mut_K82N,heme_Fe,54,-4.85,-0.16311111111111112,-0.010888888888888889,-0.04448888888888889
mut_K82N,heme_Fe,55,-6.96,-0.1708888888888889,-0.050444444444444445,-0.04448888888888889
mut_K82N,heme_Fe,56,-5.0,-0.17622222222222222,-0.001111111111111111,-0.04448888888888889
mut_K82N,heme_Fe,57,-5.78,-0.12755555555555556,-0.06733333333333333,-0.04448888888888889
mut_K82N,heme_Fe,58,-5.68,-0.14355555555555555,-0.049111111111111105,-0.04448888888888889
mut_K82N,heme_Fe,59,-3.86,-0.15022222222222223,-0.0015555555555555557,-0.04448888888888889
mut_K82N,heme_Fe,60,-7.28,-0.16666666666666666,-0.060888888888888895,-0.04448888888888889
mut_K82N,heme_Fe,61,-7.16,-0.17177777777777778,-0.05311111111111111,-0.04448888888888889
mut_K82N,heme_Fe,62,-6.85,-0.1711111111111111,-0.04666666666666667,-0.04448888888888889
mut_K82N,heme_Fe,63,-6.72,-0.162,-0.05377777777777778,-0.04448888888888889
mut_K82N,heme_Fe,64,-6.96,-0.15688888888888888,-0.064,-0.04448888888888889
mut_K82N,heme_Fe,65,-6.49,-0.16577777777777777,-0.04444444444444444,-0.04448888888888889
mut_K82N,heme_Fe,66,-6.01,-0.17933333333333334,-0.020666666666666667,-0.04448888888888889
mut_K82N,heme_Fe,67,-7.07,-0.22466666666666668,0.0015555555555555555,-0.04448888888888889
mut_K82N,heme_Fe,68,-7.98,-0.18288888888888888,-0.06133333333333333,-0.04448888888888889
mut_K82N,heme_Fe,69,-7.99,-0.17577777777777778,-0.068,-0.04448888888888889
mut_K82N,heme_Fe,70,-8.11,-0.18266666666666667,-0.06333333333333334,-0.04448888888888889
mut_K82N,heme_Fe,71,-6.82,-0.1728888888888889,-0.04533333333333333,-0.04448888888888889
mut_K82N,heme_Fe,72,-7.48,-0.16822222222222222,-0.06311111111111112,-0.04448888888888889
mut_K82N,heme_Fe,73,-5.41,-0.17555555555555555,-0.01,-0.04448888888888889
mut_K82N,heme_Fe,74,-7.16,-0.20555555555555555,-0.02022222222222222,-0.04448888888888889
mut_K82N,heme_Fe,75,-7.26,-0.176,-0.052,-0.04448888888888889
mut_K82N,heme_Fe,76,-7.39,-0.16,-0.06977777777777777,-0.04448888888888889
mut_K82N,heme_Fe,77,-7.16,-0.1771111111111111,-0.04733333333333334,-0.04448888888888889
mut_K82N,heme_Fe,78,-6.64,-0.16022222222222224,-0.054,-0.04448888888888889
mut_K82N,heme_Fe,79,-7.52,-0.16977777777777778,-0.06333333333333334,-0.04448888888888889
mut_K82N,heme_Fe,80,-6.58,-0.17177777777777778,-0.040888888888888884,-0.04448888888888889
mut_K82N,heme_Fe,81,-10.07,-0.25555555555555554,-0.03488888888888889,-0.04448888888888889
mut_K82N,heme_Fe,82,-4.61,-0.16777777777777778,-0.0011111111111111111,-0.04448888888888889
mut_K82N,heme_Fe,83,-7.29,-0.16244444444444445,-0.0651111111111111,-0.04448888888888889
mut_K82N,heme_Fe,84,-5.05,-0.16822222222222222,-0.011111111111111112,-0.04448888888888889
mut_K82N,heme_Fe,85,-6.45,-0.1731111111111111,-0.036,-0.04448888888888889
mut_K82N,heme_Fe,86,-5.53,-0.16444444444444445,-0.024,-0.04448888888888889
mut_K82N,heme_Fe,87,-7.08,-0.15355555555555556,-0.07022222222222223,-0.04448888888888889
mut_K82N,heme_Fe,88,-8.27,-0.19333333333333333,-0.05644444444444444,-0.04448888888888889
mut_K82N,heme_Fe,89,-5.86,-0.1711111111111111,-0.025111111111111112,-0.04448888888888889
mut_K82N,heme_Fe,90,-7.9,-0.17333333333333334,-0.06866666666666667,-0.04448888888888889
mut_K82N,heme_Fe,91,-7.66,-0.14955555555555555,-0.08666666666666667,-0.04448888888888889
mut_K82N,heme_Fe,92,-7.65,-0.16133333333333333,-0.076,-0.04448888888888889
mut_K82N,heme_Fe,93,-7.76,-0.1728888888888889,-0.06622222222222222,-0.04448888888888889
mut_K82N,heme_Fe,94,-7.65,-0.16533333333333333,-0.07111111111111111,-0.04448888888888889
mut_K82N,heme_Fe,95,-7.33,-0.15688888888888888,-0.07288888888888889,-0.04448888888888889
mut_K82N,heme_Fe,96,-6.22,-0.15355555555555556,-0.051111111111111114,-0.04448888888888889
mut_K82N,heme_Fe,97,-5.39,-0.19,0.0044444444444444444,-0.04448888888888889
mut_K82N,heme_Fe,98,-7.66,-0.17177777777777778,-0.064,-0.04448888888888889
mut_K82N,heme_Fe,99,-6.85,-0.14822222222222223,-0.07111111111111111,-0.04448888888888889
mut_K82N,heme_Fe,100,-6.35,-0.18044444444444444,-0.02711111111111111,-0.04448888888888889
mut_K82N,heme_O2,1,-3.92,-0.14574468085106385,-0.0012765957446808512,-0.04259574468085106
mut_K82N,heme_O2,2,-4.82,-0.12574468085106383,-0.04042553191489362,-0.04259574468085106
mut_K82N,heme_O2,3,-6.45,-0.13957446808510637,-0.06170212765957447,-0.04259574468085106
mut_K82N,heme_O2,4,-5.85,-0.1702127659574468,-0.01829787234042553,-0.04259574468085106
mut_K82N,heme_O2,5,-6.2,-0.1397872340425532,-0.05638297872340425,-0.04259574468085106
mut_K82N,heme_O2,6,-5.37,-0.16404255319148936,-0.013617021276595746,-0.04259574468085106
mut_K82N,heme_O2,7,-5.0,-0.13382978723404254,-0.035106382978723406,-0.04259574468085106
mut_K82N,heme_O2,8,-3.45,-0.1351063829787234,-0.001702127659574468,-0.04259574468085106
mut_K82N,heme_O2,9,-5.16,-0.1602127659574468,-0.01297872340425532,-0.04259574468085106
mut_K82N,heme_O2,10,-4.34,-0.12148936170212767,-0.03489361702127659,-0.04259574468085106
mut_K82N,heme_O2,11,-4.47,-0.14574468085106382,-0.012340425531914894,-0.04259574468085106
mut_K82N,heme_O2,12,-6.15,-0.19574468085106383,0.0012765957446808508,-0.04259574468085106
mut_K82N,heme_O2,13,-3.54,-0.13595744680851063,-0.0027659574468085106,-0.04259574468085106
mut_K82N,heme_O2,14,-5.14,-0.12638297872340426,-0.04574468085106383,-0.04259574468085106
mut_K82N,heme_O2,15,-5.22,-0.13574468085106384,-0.03872340425531915,-0.04259574468085106
mut_K82N,heme_O2,16,-4.06,-0.11361702127659574,-0.036808510638297876,-0.04259574468085106
mut_K82N,heme_O2,17,-5.3,-0.16361702127659575,-0.01276595744680851,-0.04259574468085106
mut_K82N,heme_O2,18,-5.34,-0.1274468085106383,-0.049999999999999996,-0.04259574468085106
mut_K82N,heme_O2,19,-6.72,-0.1519148936170213,-0.05446808510638298,-0.04259574468085106
mut_K82N,heme_O2,20,-5.89,-0.1697872340425532,-0.01978723404255319,-0.04259574468085106
mut_K82N,heme_O2,21,-7.05,-0.15276595744680851,-0.061702127659574474,-0.04259574468085106
mut_K82N,heme_O2,22,-6.81,-0.1523404255319149,-0.055531914893617015,-0.04259574468085106
mut_K82N,heme_O2,23,-4.54,-0.16042553191489362,0.0010638297872340426,-0.04259574468085106
mut_K82N,heme_O2,24,-13.4,-0.30148936170212765,-0.04723404255319149,-0.04259574468085106
mut_K82N,heme_O2,25,-4.53,-0.13361702127659575,-0.02702127659574468,-0.04259574468085106
mut_K82N,heme_O2,26,-4.31,-0.13872340425531915,-0.01680851063829787,-0.04259574468085106
mut_K82N,heme_O2,27,-5.71,-0.13297872340425532,-0.05127659574468085,-0.04259574468085106
mut_K82N,heme_O2,28,-6.9,-0.18723404255319148,-0.02276595744680851,-0.04259574468085106
mut_K82N,heme_O2,29,-8.11,-0.17553191489361702,-0.06,-0.04259574468085106
mut_K82N,heme_O2,30,-6.34,-0.15127659574468086,-0.047021276595744683,-0.04259574468085106
mut_K82N,heme_O2,31,-4.59,-0.12425531914893617,-0.03723404255319149,-0.04259574468085106
mut_K82N,heme_O2,32,-4.78,-0.1274468085106383,-0.0374468085106383,-0.04259574468085106
mut_K82N,heme_O2,33,-4.62,-0.16085106382978723,-0.000851063829787234,-0.04259574468085106
mut_K82N,heme_O2,34,-8.05,-0.1772340425531915,-0.056595744680851066,-0.04259574468085106
mut_K82N,heme_O2,35,-5.43,-0.16702127659574467,-0.011914893617021277,-0.04259574468085106
mut_K82N,heme_O2,36,-5.82,-0.16425531914893618,-0.022553191489361704,-0.04259574468085106
mut_K82N,heme_O2,37,-5.25,-0.15829787234042553,-0.01702127659574468,-0.04259574468085106
mut_K82N,heme_O2,38,-4.81,-0.154468085106383,-0.01170212765957447,-0.04259574468085106
mut_K82N,heme_O2,39,-4.78,-0.13361702127659575,-0.03234042553191489,-0.04259574468085106
mut_K82N,heme_O2,40,-3.95,-0.12319148936170213,-0.02425531914893617,-0.04259574468085106
mut_K82N,heme_O2,41,-4.74,-0.14361702127659576,-0.020851063829787235,-0.04259574468085106
mut_K82N,heme_O2,42,-4.35,-0.1176595744680851,-0.03787234042553191,-0.04259574468085106
mut_K82N,heme_O2,43,-4.29,-0.13659574468085106,-0.01872340425531915,-0.04259574468085106
mut_K82N,heme_O2,44,-4.45,-0.11319148936170213,-0.04468085106382979,-0.04259574468085106
mut_K82N,heme_O2,45,-5.7,-0.12787234042553192,-0.05680851063829787,-0.04259574468085106
mut_K82N,heme_O2,46,-4.69,-0.1270212765957447,-0.036382978723404256,-0.04259574468085106
mut_K82N,heme_O2,47,-6.63,-0.1753191489361702,-0.02851063829787234,-0.04259574468085106
mut_K82N,heme_O2,48,-5.01,-0.16425531914893618,-0.005106382978723404,-0.04259574468085106
mut_K82N,heme_O2,49,-6.69,-0.18085106382978725,-0.02446808510638298,-0.04259574468085106
mut_K82N,heme_O2,50,-7.05,-0.1574468085106383,-0.05617021276595745,-0.04259574468085106
mut_K82N,heme_O2,51,-4.65,-0.14553191489361703,-0.017659574468085106,-0.04259574468085106
mut_K82N,heme_O2,52,-5.23,-0.16,-0.01446808510638298,-0.04259574468085106
mut_K82N,heme_O2,53,-7.9,-0.17191489361702128,-0.05893617021276596,-0.04259574468085106
mut_K82N,heme_O2,54,-5.43,-0.13787234042553193,-0.041489361702127664,-0.04259574468085106
mut_K82N,heme_O2,55,-7.45,-0.15319148936170213,-0.06829787234042553,-0.04259574468085106
mut_K82N,heme_O2,56,-6.33,-0.13787234042553193,-0.06106382978723404,-0.04259574468085106
mut_K82N,heme_O2,57,-5.17,-0.12319148936170213,-0.05063829787234043,-0.04259574468085106
mut_K82N,heme_O2,58,-5.62,-0.12276595744680852,-0.06106382978723404,-0.04259574468085106
mut_K82N,heme_O2,59,-4.84,-0.14170212765957446,-0.02446808510638298,-0.04259574468085106
mut_K82N,heme_O2,60,-5.78,-0.1778723404255319,-0.008085106382978723,-0.04259574468085106
mut_K82N,heme_O2,61,-5.75,-0.12872340425531914,-0.05851063829787234,-0.04259574468085106
mut_K82N,heme_O2,62,-5.69,-0.13085106382978723,-0.05276595744680851,-0.04259574468085106
mut_K82N,heme_O2,63,-3.46,-0.14042553191489363,0.004468085106382979,-0.04259574468085106
mut_K82N,heme_O2,64,-7.18,-0.15808510638297874,-0.058297872340425536,-0.04259574468085106
mut_K82N,heme_O2,65,-3.47,-0.14106382978723406,0.00425531914893617,-0.04259574468085106
mut_K82N,heme_O2,66,-13.85,-0.3097872340425532,-0.047872340425531915,-0.04259574468085106
mut_K82N,heme_O2,67,-5.77,-0.125531914893617,-0.06042553191489362,-0.04259574468085106
mut_K82N,heme_O2,68,-8.13,-0.18106382978723404,-0.05531914893617021,-0.04259574468085106
mut_K82N,heme_O2,69,-7.37,-0.16191489361702127,-0.05808510638297872,-0.04259574468085106
mut_K82N,heme_O2,70,-4.63,-0.14106382978723406,-0.02127659574468085,-0.04259574468085106
mut_K82N,heme_O2,71,-4.92,-0.12425531914893617,-0.044042553191489364,-0.04259574468085106
mut_K82N,heme_O2,72,-6.66,-0.14382978723404255,-0.06063829787234043,-0.04259574468085106
mut_K82N,heme_O2,73,-6.41,-0.13914893617021276,-0.060851063829787236,-0.04259574468085106
mut_K82N,heme_O2,74,-5.1,-0.15914893617021278,-0.012340425531914894,-0.04259574468085106
mut_K82N,heme_O2,75,-8.01,-0.18127659574468086,-0.05276595744680851,-0.04259574468085106
mut_K82N,heme_O2,76,-4.12,-0.1551063829787234,0.003617021276595745,-0.04259574468085106
mut_K82N,heme_O2,77,-7.37,-0.15893617021276596,-0.06042553191489361,-0.04259574468085106
mut_K82N,heme_O2,78,-6.08,-0.12829787234042553,-0.06446808510638298,-0.04259574468085106
mut_K82N,heme_O2,79,-6.56,-0.15659574468085108,-0.04595744680851064,-0.04259574468085106
mut_K82N,heme_O2,80,-3.79,-0.1427659574468085,-0.0014893617021276596,-0.04259574468085106
mut_K82N,heme_O2,81,-4.64,-0.12468085106382978,-0.03765957446808511,-0.04259574468085106
mut_K82N,heme_O2,82,-5.16,-0.12787234042553192,-0.045744680851063826,-0.04259574468085106
mut_K82N,heme_O2,83,-4.78,-0.13936170212765958,-0.025106382978723404,-0.04259574468085106
mut_K82N,heme_O2,84,-3.69,-0.13808510638297872,-0.003829787234042553,-0.04259574468085106
mut_K82N,heme_O2,85,-4.51,-0.16659574468085106,0.006808510638297872,-0.04259574468085106
mut_K82N,heme_O2,86,-3.8,-0.1376595744680851,-0.00723404255319149,-0.04259574468085106
mut_K82N,heme_O2,87,-5.17,-0.1519148936170213,-0.021063829787234045,-0.04259574468085106
mut_K82N,heme_O2,88,-4.1,-0.13659574468085106,-0.014042553191489362,-0.04259574468085106
mut_K82N,heme_O2,89,-4.96,-0.14063829787234042,-0.02851063829787234,-0.04259574468085106
mut_K82N,heme_O2,90,-6.43,-0.14914893617021277,-0.052127659574468084,-0.04259574468085106
mut_K82N,heme_O2,91,-4.46,-0.1478723404255319,-0.010638297872340425,-0.04259574468085106
mut_K82N,heme_O2,92,-6.46,-0.15148936170212765,-0.04893617021276596,-0.04259574468085106
mut_K82N,heme_O2,93,-7.93,-0.18106382978723404,-0.052127659574468084,-0.04259574468085106
mut_K82N,heme_O2,94,-4.89,-0.1325531914893617,-0.03553191489361702,-0.04259574468085106
mut_K82N,heme_O2,95,-4.92,-0.10893617021276596,-0.05851063829787234,-0.04259574468085106
mut_K82N,heme_O2,96,-3.88,-0.12659574468085108,-0.018936170212765956,-0.04259574468085106
mut_K82N,heme_O2,97,-4.68,-0.10553191489361702,-0.05829787234042553,-0.04259574468085106
mut_K82N,heme_O2,98,-5.23,-0.1595744680851064,-0.014893617021276596,-0.04259574468085106
mut_K82N,heme_O2,99,-6.77,-0.14957446808510638,-0.0574468085106383,-0.04259574468085106
mut_K82N,heme_O2,100,-5.41,-0.1074468085106383,-0.07085106382978724,-0.04259574468085106
mut_K82N,IHP,1,,-0.09645833333333333,-0.0033333333333333335,-0.00012500000000000358
mut_K82N,IHP,2,,-0.08291666666666667,-0.005,-0.00012500000000000358
mut_K82N,IHP,3,,-0.09708333333333333,-0.01,-0.00012500000000000358
mut_K82N,IHP,4,,-0.07333333333333333,0.00020833333333333335,-0.00012500000000000358
mut_K82N,IHP,5,,-0.08145833333333334,-0.0008333333333333335,-0.00012500000000000358
mut_K82N,IHP,6,,-0.06666666666666667,-0.0010416666666666669,-0.00012500000000000358
mut_K82N,IHP,7,,-0.07458333333333333,-0.0022916666666666667,-0.00012500000000000358
mut_K82N,IHP,8,,-0.07791666666666666,-0.00875,-0.00012500000000000358
mut_K82N,IHP,9,,-0.11083333333333334,-0.004791666666666666,-0.00012500000000000358
mut_K82N,IHP,10,,-0.07354166666666667,-0.004166666666666666,-0.00012500000000000358
mut_K82N,IHP,11,,-0.0775,-0.006458333333333334,-0.00012500000000000358
mut_K82N,IHP,12,,-0.09145833333333334,-0.013958333333333333,-0.00012500000000000358
mut_K82N,IHP,13,,-0.07479166666666666,-0.0014583333333333334,-0.00012500000000000358
mut_K82N,IHP,14,,-0.10854166666666666,-0.0006250000000000004,-0.00012500000000000358
mut_K82N,IHP,15,,-0.12166666666666667,-0.01625,-0.00012500000000000358
mut_K82N,IHP,16,,-0.09979166666666667,-0.008333333333333333,-0.00012500000000000358
mut_K82N,IHP,17,,-0.08833333333333333,-0.007916666666666666,-0.00012500000000000358
mut_K82N,IHP,18,,-0.08583333333333333,0.0006249999999999994,-0.00012500000000000358
mut_K82N,IHP,19,,-0.09979166666666667,-0.005416666666666665,-0.00012500000000000358
mut_K82N,IHP,20,,-0.108125,-0.008125,-0.00012500000000000358
mut_K82N,IHP,21,,-0.08145833333333333,-0.0014583333333333336,-0.00012500000000000358
mut_K82N,IHP,22,,-0.07458333333333333,-0.004791666666666667,-0.00012500000000000358
mut_K82N,IHP,23,,-0.05666666666666667,0.0012499999999999998,-0.00012500000000000358
mut_K82N,IHP,24,,-0.08541666666666667,-0.011250000000000001,-0.00012500000000000358
mut_K82N,IHP,25,,-0.085,-0.005208333333333332,-0.00012500000000000358
mut_K82N,IHP,26,,-0.10791666666666666,-0.0008333333333333343,-0.00012500000000000358
mut_K82N,IHP,27,,-0.07708333333333334,-0.007291666666666668,-0.00012500000000000358
mut_K82N,IHP,28,,-0.10124999999999999,-0.015208333333333332,-0.00012500000000000358
mut_K82N,IHP,29,,-0.11416666666666667,-0.004166666666666667,-0.00012500000000000358
mut_K82N,IHP,30,,-0.10229166666666667,-0.00875,-0.00012500000000000358
mut_K82N,IHP,31,,-0.10791666666666667,-0.006666666666666666,-0.00012500000000000358
mut_K82N,IHP,32,,-0.1025,-0.005000000000000002,-0.00012500000000000358
mut_K82N,IHP,33,,-0.07520833333333334,-0.010208333333333333,-0.00012500000000000358
mut_K82N,IHP,34,,-0.07708333333333334,-0.0010416666666666669,-0.00012500000000000358
mut_K82N,IHP,35,,-0.10625,-0.006875,-0.00012500000000000358
mut_K82N,IHP,36,,-0.11208333333333334,-0.0060416666666666665,-0.00012500000000000358
mut_K82N,IHP,37,,-0.109375,-0.005833333333333334,-0.00012500000000000358
mut_K82N,IHP,38,,-0.08979166666666667,-0.00020833333333333275,-0.00012500000000000358
mut_K82N,IHP,39,,-0.11229166666666666,-0.008749999999999999,-0.00012500000000000358
mut_K82N,IHP,40,,-0.094375,-0.0012500000000000002,-0.00012500000000000358
mut_K82N,IHP,41,,-0.06104166666666667,-0.0012499999999999998,-0.00012500000000000358
mut_K82N,IHP,42,,-0.04729166666666667,-0.0077083333333333335,-0.00012500000000000358
mut_K82N,IHP,43,,-0.064375,0.000416666666666667,-0.00012500000000000358
mut_K82N,IHP,44,,-0.105,0.0004166666666666665,-0.00012500000000000358
mut_K82N,IHP,45,,-0.09520833333333334,-0.0077083333333333335,-0.00012500000000000358
mut_K82N,IHP,46,,-0.1,-0.001874999999999999,-0.00012500000000000358
mut_K82N,IHP,47,,-0.08833333333333333,-0.002916666666666666,-0.00012500000000000358
mut_K82N,IHP,48,,-0.07416666666666667,-0.011250000000000001,-0.00012500000000000358
mut_K82N,IHP,49,,-0.085,-0.00375,-0.00012500000000000358
mut_K82N,IHP,50,,-0.08145833333333333,-0.012499999999999999,-0.00012500000000000358
mut_K82N,IHP,51,,-0.09333333333333334,-0.0031250000000000015,-0.00012500000000000358
mut_K82N,IHP,52,,-0.066875,0.0014583333333333336,-0.00012500000000000358
mut_K82N,IHP,53,,-0.11291666666666667,-0.0043749999999999995,-0.00012500000000000358
mut_K82N,IHP,54,,-0.09229166666666667,-0.0008333333333333331,-0.00012500000000000358
mut_K82N,IHP,55,,-0.11833333333333333,-0.009166666666666667,-0.00012500000000000358
mut_K82N,IHP,56,,-0.12625,-0.0027083333333333334,-0.00012500000000000358
mut_K82N,IHP,57,,-0.09416666666666666,-0.004999999999999999,-0.00012500000000000358
mut_K82N,IHP,58,,-0.11270833333333333,-0.0062499999999999995,-0.00012500000000000358
mut_K82N,IHP,59,,-0.111875,-0.003958333333333333,-0.00012500000000000358
mut_K82N,IHP,60,,-0.11729166666666667,-0.0024999999999999996,-0.00012500000000000358
mut_K82N,IHP,61,,-0.0925,-0.0004166666666666667,-0.00012500000000000358
mut_K82N,IHP,62,,-0.08583333333333333,-0.0041666666666666675,-0.00012500000000000358
mut_K82N,IHP,63,,-0.10270833333333333,-0.0012500000000000002,-0.00012500000000000358
mut_K82N,IHP,64,,-0.08625000000000001,-0.01,-0.00012500000000000358
mut_K82N,IHP,65,,-0.11208333333333334,-0.003125,-0.00012500000000000358
mut_K82N,IHP,66,,-0.111875,-0.0012499999999999998,-0.00012500000000000358
mut_K82N,IHP,67,,-0.12125,-0.002083333333333332,-0.00012500000000000358
mut_K82N,IHP,68,,-0.10458333333333333,-0.005625,-0.00012500000000000358
mut_K82N,IHP,69,,-0.09395833333333334,-0.0022916666666666662,-0.00012500000000000358
mut_K82N,IHP,70,,-0.09291666666666666,-0.0056250000000000015,-0.00012500000000000358
mut_K82N,IHP,71,,-0.06895833333333333,-0.0027083333333333334,-0.00012500000000000358
mut_K82N,IHP,72,,-0.10208333333333333,-0.007500000000000001,-0.00012500000000000358
mut_K82N,IHP,73,,-0.08395833333333333,-0.0037500000000000007,-0.00012500000000000358
mut_K82N,IHP,74,,-0.08458333333333333,-0.002083333333333333,-0.00012500000000000358
mut_K82N,IHP,75,,-0.07,0.0012500000000000002,-0.00012500000000000358
mut_K82N,IHP,76,,-0.09,-0.007291666666666668,-0.00012500000000000358
mut_K82N,IHP,77,,-0.05125,-0.011875,-0.00012500000000000358
mut_K82N,IHP,78,,-0.1025,-0.003125,-0.00012500000000000358
mut_K82N,IHP,79,,-0.12854166666666667,-0.00375,-0.00012500000000000358
mut_K82N,IHP,80,,-0.12020833333333333,-0.004375,-0.00012500000000000358
mut_K82N,IHP,81,,-0.09333333333333334,-0.002916666666666667,-0.00012500000000000358
mut_K82N,IHP,82,,-0.09145833333333334,-0.003541666666666667,-0.00012500000000000358
mut_K82N,IHP,83,,-0.06791666666666667,0.00020833333333333346,-0.00012500000000000358
mut_K82N,IHP,84,,-0.08833333333333333,-0.0037500000000000003,-0.00012500000000000358
mut_K82N,IHP,85,,-0.07791666666666666,-0.0016666666666666672,-0.00012500000000000358
mut_K82N,IHP,86,,-0.096875,-0.0012500000000000002,-0.00012500000000000358
mut_K82N,IHP,87,,-0.1075,-0.007291666666666668,-0.00012500000000000358
mut_K82N,IHP,88,,-0.103125,-0.003333333333333333,-0.00012500000000000358
mut_K82N,IHP,89,,-0.09666666666666666,-0.0006250000000000002,-0.00012500000000000358
mut_K82N,IHP,90,,-0.074375,-0.0016666666666666657,-0.00012500000000000358
mut_K82N,IHP,91,,-0.09979166666666667,-0.006875,-0.00012500000000000358
mut_K82N,IHP,92,,-0.07729166666666666,-0.007708333333333334,-0.00012500000000000358
mut_K82N,IHP,93,,-0.12416666666666668,-0.007916666666666667,-0.00012500000000000358
mut_K82N,IHP,94,,-0.07291666666666667,-0.001666666666666667,-0.00012500000000000358
mut_K82N,IHP,95,,-0.08229166666666667,-0.0010416666666666664,-0.00012500000000000358
mut_K82N,IHP,96,,-0.06729166666666667,-0.004583333333333333,-0.00012500000000000358
mut_K82N,IHP,97,,-0.07270833333333333,0.0014583333333333332,-0.00012500000000000358
mut_K82N,IHP,98,,-0.08583333333333333,-0.007500000000000001,-0.00012500000000000358
mut_K82N,IHP,99,,-0.063125,-0.005625,-0.00012500000000000358
mut_K82N,IHP,100,,-0.07458333333333333,-0.006041666666666665,-0.00012500000000000358
mut_D99N,2_3_BPG,1,-9.71,-0.3586666666666667,-0.40800000000000003,-0.33066666666666666
mut_D99N,2_3_BPG,2,-9.57,-0.2806666666666667,-0.47733333333333333,-0.33066666666666666
mut_D99N,2_3_BPG,3,-9.25,-0.25466666666666665,-0.48333333333333334,-0.33066666666666666
mut_D99N,2_3_BPG,4,-8.85,-0.24466666666666667,-0.46599999999999997,-0.33066666666666666
mut_D99N,2_3_BPG,5,-9.06,-0.24733333333333332,-0.47600000000000003,-0.33066666666666666
mut_D99N,2_3_BPG,6,-9.53,-0.334,-0.4206666666666667,-0.33066666666666666
mut_D99N,2_3_BPG,7,-9.23,-0.25466666666666665,-0.48,-0.33066666666666666
mut_D99N,2_3_BPG,8,-8.91,-0.26866666666666666,-0.444,-0.33066666666666666
mut_D99N,2_3_BPG,9,-9.6,-0.33066666666666666,-0.428,-0.33066666666666666
mut_D99N,2_3_BPG,10,-9.34,-0.21133333333333332,-0.5313333333333333,-0.33066666666666666
mut_D99N,2_3_BPG,11,-9.35,-0.262,-0.48133333333333334,-0.33066666666666666
mut_D99N,2_3_BPG,12,-9.56,-0.2866666666666667,-0.4706666666666667,-0.33066666666666666
mut_D99N,2_3_BPG,13,-9.21,-0.3106666666666667,-0.4226666666666667,-0.33066666666666666
mut_D99N,2_3_BPG,14,-9.61,-0.25133333333333335,-0.508,-0.33066666666666666
mut_D99N,2_3_BPG,15,-8.7,-0.222,-0.4786666666666667,-0.33066666666666666
mut_D99N,2_3_BPG,16,-9.74,-0.27,-0.49666666666666665,-0.33066666666666666
mut_D99N,2_3_BPG,17,-9.41,-0.23666666666666666,-0.512,-0.33066666666666666
mut_D99N,2_3_BPG,18,-8.99,-0.24866666666666667,-0.4713333333333333,-0.33066666666666666
mut_D99N,2_3_BPG,19,-8.85,-0.21666666666666667,-0.49333333333333335,-0.33066666666666666
mut_D99N,2_3_BPG,20,-9.27,-0.30933333333333335,-0.428,-0.33066666666666666
mut_D99N,2_3_BPG,21,-9.7,-0.30866666666666664,-0.45866666666666667,-0.33066666666666666
mut_D99N,2_3_BPG,22,-10.16,-0.3406666666666667,-0.45533333333333337,-0.33066666666666666
mut_D99N,2_3_BPG,23,-9.32,-0.28400000000000003,-0.4553333333333333,-0.33066666666666666
mut_D99N,2_3_BPG,24,-9.2,-0.26,-0.47,-0.33066666666666666
mut_D99N,2_3_BPG,25,-9.44,-0.26,-0.488,-0.33066666666666666
mut_D99N,2_3_BPG,26,-9.36,-0.21333333333333335,-0.528,-0.33066666666666666
mut_D99N,2_3_BPG,27,-9.65,-0.302,-0.4613333333333333,-0.33066666666666666
mut_D99N,2_3_BPG,28,-10.07,-0.346,-0.44333333333333336,-0.33066666666666666
mut_D99N,2_3_BPG,29,-9.09,-0.22066666666666665,-0.5046666666666667,-0.33066666666666666
mut_D99N,2_3_BPG,30,-9.35,-0.23600000000000002,-0.5086666666666667,-0.33066666666666666
mut_D99N,2_3_BPG,31,-9.26,-0.25333333333333335,-0.4826666666666667,-0.33066666666666666
mut_D99N,2_3_BPG,32,-9.12,-0.25333333333333335,-0.474,-0.33066666666666666
mut_D99N,2_3_BPG,33,-9.21,-0.274,-0.46,-0.33066666666666666
mut_D99N,2_3_BPG,34,-9.14,-0.24333333333333335,-0.486,-0.33066666666666666
mut_D99N,2_3_BPG,35,-8.91,-0.21133333333333335,-0.5,-0.33066666666666666
mut_D99N,2_3_BPG,36,-9.02,-0.24866666666666667,-0.4706666666666667,-0.33066666666666666
mut_D99N,2_3_BPG,37,-8.94,-0.308,-0.406,-0.33066666666666666
mut_D99N,2_3_BPG,38,-9.1,-0.258,-0.466,-0.33066666666666666
mut_D99N,2_3_BPG,39,-8.92,-0.3006666666666667,-0.414,-0.33066666666666666
mut_D99N,2_3_BPG,40,-8.69,-0.22266666666666668,-0.47533333333333333,-0.33066666666666666
mut_D99N,2_3_BPG,41,-9.6,-0.3373333333333333,-0.41933333333333334,-0.33066666666666666
mut_D99N,2_3_BPG,42,-9.77,-0.298,-0.47200000000000003,-0.33066666666666666
mut_D99N,2_3_BPG,43,-8.88,-0.29,-0.42133333333333334,-0.33066666666666666
mut_D99N,2_3_BPG,44,-9.02,-0.198,-0.5226666666666667,-0.33066666666666666
mut_D99N,2_3_BPG,45,-9.5,-0.304,-0.448,-0.33066666666666666
mut_D99N,2_3_BPG,46,-9.45,-0.30466666666666664,-0.44533333333333336,-0.33066666666666666
mut_D99N,2_3_BPG,47,-9.68,-0.25066666666666665,-0.5133333333333333,-0.33066666666666666
mut_D99N,2_3_BPG,48,-9.14,-0.262,-0.4673333333333333,-0.33066666666666666
mut_D99N,2_3_BPG,49,-8.98,-0.23733333333333334,-0.48333333333333334,-0.33066666666666666
mut_D99N,2_3_BPG,50,-8.8,-0.2866666666666667,-0.41933333333333334,-0.33066666666666666
mut_D99N,2_3_BPG,51,-9.55,-0.26866666666666666,-0.48533333333333334,-0.33066666666666666
mut_D99N,2_3_BPG,52,-9.2,-0.23266666666666666,-0.5013333333333333,-0.33066666666666666
mut_D99N,2_3_BPG,53,-8.88,-0.20333333333333334,-0.5093333333333333,-0.33066666666666666
mut_D99N,2_3_BPG,54,-9.54,-0.26066666666666666,-0.49266666666666664,-0.33066666666666666
mut_D99N,2_3_BPG,55,-9.22,-0.2653333333333333,-0.468,-0.33066666666666666
mut_D99N,2_3_BPG,56,-9.5,-0.25266666666666665,-0.5,-0.33066666666666666
mut_D99N,2_3_BPG,57,-8.74,-0.25533333333333336,-0.4453333333333333,-0.33066666666666666
mut_D99N,2_3_BPG,58,-9.86,-0.33666666666666667,-0.44,-0.33066666666666666
mut_D99N,2_3_BPG,59,-9.08,-0.24866666666666667,-0.4766666666666667,-0.33066666666666666
mut_D99N,2_3_BPG,60,-9.37,-0.258,-0.4866666666666667,-0.33066666666666666
mut_D99N,2_3_BPG,61,-8.55,-0.25266666666666665,-0.436,-0.33066666666666666
mut_D99N,2_3_BPG,62,-8.87,-0.3,-0.41133333333333333,-0.33066666666666666
mut_D99N,2_3_BPG,63,-9.28,-0.288,-0.44866666666666666,-0.33066666666666666
mut_D99N,2_3_BPG,64,-8.86,-0.238,-0.47,-0.33066666666666666
mut_D99N,2_3_BPG,65,-8.93,-0.21533333333333335,-0.5,-0.33066666666666666
mut_D99N,2_3_BPG,66,-8.65,-0.24533333333333335,-0.4493333333333333,-0.33066666666666666
mut_D99N,2_3_BPG,67,-9.96,-0.32466666666666666,-0.45866666666666667,-0.33066666666666666
mut_D99N,2_3_BPG,68,-8.96,-0.214,-0.504,-0.33066666666666666
mut_D99N,2_3_BPG,69,-8.68,-0.272,-0.42533333333333334,-0.33066666666666666
mut_D99N,2_3_BPG,70,-8.5,-0.24533333333333335,-0.442,-0.33066666666666666
mut_D99N,2_3_BPG,71,-9.36,-0.21933333333333335,-0.524,-0.33066666666666666
mut_D99N,2_3_BPG,72,-9.11,-0.25266666666666665,-0.47333333333333333,-0.33066666666666666
mut_D99N,2_3_BPG,73,-8.81,-0.226,-0.4806666666666667,-0.33066666666666666
mut_D99N,2_3_BPG,74,-9.48,-0.24266666666666667,-0.51,-0.33066666666666666
mut_D99N,2_3_BPG,75,-9.34,-0.23666666666666666,-0.506,-0.33066666666666666
mut_D99N,2_3_BPG,76,-8.91,-0.264,-0.44866666666666666,-0.33066666666666666
mut_D99N,2_3_BPG,77,-9.15,-0.21533333333333332,-0.5126666666666667,-0.33066666666666666
mut_D99N,2_3_BPG,78,-8.42,-0.22933333333333333,-0.45066666666666666,-0.33066666666666666
mut_D99N,2_3_BPG,79,-9.49,-0.32866666666666666,-0.4226666666666667,-0.33066666666666666
mut_D99N,2_3_BPG,80,-9.34,-0.22333333333333333,-0.5186666666666666,-0.33066666666666666
mut_D99N,2_3_BPG,81,-9.2,-0.262,-0.4706666666666667,-0.33066666666666666
mut_D99N,2_3_BPG,82,-9.41,-0.26866666666666666,-0.48000000000000004,-0.33066666666666666
mut_D99N,2_3_BPG,83,-8.7,-0.24866666666666667,-0.45066666666666666,-0.33066666666666666
mut_D99N,2_3_BPG,84,-9.56,-0.32266666666666666,-0.43333333333333335,-0.33066666666666666
mut_D99N,2_3_BPG,85,-8.81,-0.276,-0.4306666666666667,-0.33066666666666666
mut_D99N,2_3_BPG,86,-8.76,-0.22933333333333333,-0.4726666666666667,-0.33066666666666666
mut_D99N,2_3_BPG,87,-9.03,-0.304,-0.4186666666666667,-0.33066666666666666
mut_D99N,2_3_BPG,88,-10.3,-0.35733333333333334,-0.448,-0.33066666666666666
mut_D99N,2_3_BPG,89,-9.44,-0.23399999999999999,-0.5146666666666667,-0.33066666666666666
mut_D99N,2_3_BPG,90,-9.31,-0.31266666666666665,-0.4286666666666667,-0.33066666666666666
mut_D99N,2_3_BPG,91,-9.42,-0.2773333333333333,-0.4693333333333333,-0.33066666666666666
mut_D99N,2_3_BPG,92,-9.2,-0.21866666666666668,-0.514,-0.33066666666666666
mut_D99N,2_3_BPG,93,-9.39,-0.25133333333333335,-0.494,-0.33066666666666666
mut_D99N,2_3_BPG,94,-9.24,-0.266,-0.4693333333333333,-0.33066666666666666
mut_D99N,2_3_BPG,95,-8.79,-0.198,-0.506,-0.33066666666666666
mut_D99N,2_3_BPG,96,-9.43,-0.314,-0.43333333333333335,-0.33066666666666666
mut_D99N,2_3_BPG,97,-9.11,-0.2866666666666667,-0.44133333333333336,-0.33066666666666666
mut_D99N,2_3_BPG,98,-9.12,-0.25533333333333336,-0.4726666666666667,-0.33066666666666666
mut_D99N,2_3_BPG,99,-9.78,-0.308,-0.4633333333333334,-0.33066666666666666
mut_D99N,2_3_BPG,100,-9.26,-0.25,-0.48666666666666664,-0.33066666666666666
mut_D99N,heme,1,-4.18,-0.14,-0.00851851851851852,-3.7037037037035065e-05
mut_D99N,heme,2,-5.53,-0.17,-0.004629629629629629,-3.7037037037035065e-05
mut_D99N,heme,3,-4.4,-0.1514814814814815,-0.0016666666666666666,-3.7037037037035065e-05
mut_D99N,heme,4,-3.88,-0.14296296296296296,-0.0009259259259259257,-3.7037037037035065e-05
mut_D99N,heme,5,-4.31,-0.1451851851851852,-0.005925925925925926,-3.7037037037035065e-05
mut_D99N,heme,6,-3.41,-0.13185185185185186,-0.003148148148148148,-3.7037037037035065e-05
mut_D99N,heme,7,-4.77,-0.14981481481481482,-0.01037037037037037,-3.7037037037035065e-05
mut_D99N,heme,8,-3.94,-0.13648148148148148,-0.008333333333333333,-3.7037037037035065e-05
mut_D99N,heme,9,-4.4,-0.14722222222222223,-0.006296296296296296,-3.7037037037035065e-05
mut_D99N,heme,10,-3.88,-0.14351851851851852,-0.0007407407407407396,-3.7037037037035065e-05
mut_D99N,heme,11,-4.22,-0.14185185185185187,-0.0077777777777777776,-3.7037037037035065e-05
mut_D99N,heme,12,-5.86,-0.17462962962962963,-0.005000000000000001,-3.7037037037035065e-05
mut_D99N,heme,13,-4.96,-0.15462962962962962,-0.008703703703703705,-3.7037037037035065e-05
mut_D99N,heme,14,-3.76,-0.13796296296296295,-0.004074074074074075,-3.7037037037035065e-05
mut_D99N,heme,15,-3.58,-0.13703703703703704,-0.0003703703703703705,-3.7037037037035065e-05
mut_D99N,heme,16,-2.75,-0.12,-0.0024074074074074076,-3.7037037037035065e-05
mut_D99N,heme,17,-6.28,-0.1724074074074074,-0.01537037037037037,-3.7037037037035065e-05
mut_D99N,heme,18,-6.97,-0.18851851851851853,-0.011851851851851855,-3.7037037037035065e-05
mut_D99N,heme,19,-4.86,-0.15574074074074074,-0.005555555555555556,-3.7037037037035065e-05
mut_D99N,heme,20,-3.56,-0.13648148148148148,-0.0014814814814814816,-3.7037037037035065e-05
mut_D99N,heme,21,-2.69,-0.11907407407407407,-0.0020370370370370373,-3.7037037037035065e-05
mut_D99N,heme,22,-5.41,-0.16666666666666666,-0.005555555555555556,-3.7037037037035065e-05
mut_D99N,heme,23,-3.37,-0.13166666666666668,-0.002777777777777778,-3.7037037037035065e-05
mut_D99N,heme,24,-3.07,-0.12555555555555556,-0.0033333333333333335,-3.7037037037035065e-05
mut_D99N,heme,25,-5.0,-0.15407407407407409,-0.010740740740740742,-3.7037037037035065e-05
mut_D99N,heme,26,-3.63,-0.13555555555555557,-0.00388888888888889,-3.7037037037035065e-05
mut_D99N,heme,27,-4.73,-0.14814814814814814,-0.011666666666666665,-3.7037037037035065e-05
mut_D99N,heme,28,-6.52,-0.18,-0.012962962962962963,-3.7037037037035065e-05
mut_D99N,heme,29,-4.6,-0.1527777777777778,-0.0042592592592592595,-3.7037037037035065e-05
mut_D99N,heme,30,-4.82,-0.15296296296296297,-0.008148148148148147,-3.7037037037035065e-05
mut_D99N,heme,31,-6.56,-0.17314814814814816,-0.020370370370370372,-3.7037037037035065e-05
mut_D99N,heme,32,-3.0,-0.11814814814814814,-0.009074074074074073,-3.7037037037035065e-05
mut_D99N,heme,33,-3.75,-0.13592592592592592,-0.005555555555555556,-3.7037037037035065e-05
mut_D99N,heme,34,-7.46,-0.19166666666666668,-0.01888888888888889,-3.7037037037035065e-05
mut_D99N,heme,35,-3.83,-0.13777777777777778,-0.004444444444444445,-3.7037037037035065e-05
mut_D99N,heme,36,-4.43,-0.1464814814814815,-0.007407407407407407,-3.7037037037035065e-05
mut_D99N,heme,37,-3.29,-0.1322222222222222,-0.0012962962962962963,-3.7037037037035065e-05
mut_D99N,heme,38,-6.15,-0.1812962962962963,-0.005925925925925926,-3.7037037037035065e-05
mut_D99N,heme,39,-4.68,-0.15462962962962962,-0.004999999999999998,-3.7037037037035065e-05
mut_D99N,heme,40,-5.37,-0.16518518518518518,-0.0061111111111111106,-3.7037037037035065e-05
mut_D99N,heme,41,-5.0,-0.1575925925925926,-0.005555555555555557,-3.7037037037035065e-05
mut_D99N,heme,42,-3.11,-0.12962962962962962,0.0005555555555555558,-3.7037037037035065e-05
mut_D99N,heme,43,-2.82,-0.12074074074074075,-0.0038888888888888888,-3.7037037037035065e-05
mut_D99N,heme,44,-4.91,-0.15388888888888888,-0.009074074074074075,-3.7037037037035065e-05
mut_D99N,heme,45,-7.71,-0.19592592592592592,-0.017222222222222226,-3.7037037037035065e-05
mut_D99N,heme,46,-3.89,-0.13870370370370372,-0.005370370370370371,-3.7037037037035065e-05
mut_D99N,heme,47,-7.39,-0.1922222222222222,-0.01611111111111111,-3.7037037037035065e-05
mut_D99N,heme,48,-5.52,-0.15981481481481483,-0.014444444444444446,-3.7037037037035065e-05
mut_D99N,heme,49,-6.3,-0.18,-0.008518518518518519,-3.7037037037035065e-05
mut_D99N,heme,50,-4.75,-0.1587037037037037,-0.0022222222222222222,-3.7037037037035065e-05
mut_D99N,heme,51,-4.21,-0.13833333333333334,-0.010925925925925927,-3.7037037037035065e-05
mut_D99N,heme,52,-6.14,-0.18333333333333335,-0.0022222222222222222,-3.7037037037035065e-05
mut_D99N,heme,53,-4.11,-0.14296296296296296,-0.005185185185185185,-3.7037037037035065e-05
mut_D99N,heme,54,-4.3,-0.14425925925925925,-0.007222222222222223,-3.7037037037035065e-05
mut_D99N,heme,55,-6.92,-0.18833333333333332,-0.011481481481481481,-3.7037037037035065e-05
mut_D99N,heme,56,-6.77,-0.18333333333333335,-0.013888888888888888,-3.7037037037035065e-05
mut_D99N,heme,57,-3.83,-0.13462962962962963,-0.008518518518518519,-3.7037037037035065e-05
mut_D99N,heme,58,-7.23,-0.18981481481481483,-0.015740740740740743,-3.7037037037035065e-05
mut_D99N,heme,59,-4.82,-0.1587037037037037,-0.0022222222222222222,-3.7037037037035065e-05
mut_D99N,heme,60,-4.3,-0.13925925925925925,-0.011851851851851851,-3.7037037037035065e-05
mut_D99N,heme,61,-3.7,-0.1375925925925926,-0.002777777777777778,-3.7037037037035065e-05
mut_D99N,heme,62,-2.97,-0.12574074074074074,-0.00018518518518518512,-3.7037037037035065e-05
mut_D99N,heme,63,-4.1,-0.14425925925925925,-0.0042592592592592595,-3.7037037037035065e-05
mut_D99N,heme,64,-4.55,-0.14833333333333334,-0.00685185185185185,-3.7037037037035065e-05
mut_D99N,heme,65,-5.8,-0.17222222222222222,-0.007222222222222223,-3.7037037037035065e-05
mut_D99N,heme,66,-3.07,-0.1274074074074074,-0.0007407407407407408,-3.7037037037035065e-05
mut_D99N,heme,67,-5.77,-0.1701851851851852,-0.009074074074074073,-3.7037037037035065e-05
mut_D99N,heme,68,-3.01,-0.1262962962962963,-0.0016666666666666666,-3.7037037037035065e-05
mut_D99N,heme,69,-3.88,-0.13518518518518519,-0.008703703703703703,-3.7037037037035065e-05
mut_D99N,heme,70,-6.96,-0.1890740740740741,-0.012037037037037037,-3.7037037037035065e-05
mut_D99N,heme,71,-6.86,-0.18814814814814815,-0.010555555555555556,-3.7037037037035065e-05
mut_D99N,heme,72,-3.14,-0.13074074074074074,0.000555555555555555,-3.7037037037035065e-05
mut_D99N,heme,73,-5.49,-0.1612962962962963,-0.01074074074074074,-3.7037037037035065e-05
mut_D99N,heme,74,-6.35,-0.1862962962962963,-0.003703703703703704,-3.7037037037035065e-05
mut_D99N,heme,75,-4.7,-0.14814814814814814,-0.011111111111111112,-3.7037037037035065e-05
mut_D99N,heme,76,-4.88,-0.15814814814814815,-0.004074074074074075,-3.7037037037035065e-05
mut_D99N,heme,77,-6.17,-0.18296296296296297,-0.0031481481481481477,-3.7037037037035065e-05
mut_D99N,heme,78,-3.91,-0.13796296296296295,-0.006111111111111112,-3.7037037037035065e-05
mut_D99N,heme,79,-4.64,-0.1511111111111111,-0.0061111111111111106,-3.7037037037035065e-05
mut_D99N,heme,80,-6.63,-0.1875925925925926,-0.006851851851851853,-3.7037037037035065e-05
mut_D99N,heme,81,-3.59,-0.1375925925925926,-0.0011111111111111115,-3.7037037037035065e-05
mut_D99N,heme,82,-5.62,-0.17444444444444446,-0.002407407407407407,-3.7037037037035065e-05
mut_D99N,heme,83,-3.3,-0.1312962962962963,-0.0014814814814814812,-3.7037037037035065e-05
mut_D99N,heme,84,-6.5,-0.18333333333333335,-0.008703703703703703,-3.7037037037035065e-05
mut_D99N,heme,85,-3.87,-0.1388888888888889,-0.004074074074074074,-3.7037037037035065e-05
mut_D99N,heme,86,-3.61,-0.13314814814814815,-0.005555555555555555,-3.7037037037035065e-05
mut_D99N,heme,87,-6.78,-0.17666666666666667,-0.019999999999999997,-3.7037037037035065e-05
mut_D99N,heme,88,-5.69,-0.1698148148148148,-0.0075925925925925935,-3.7037037037035065e-05
mut_D99N,heme,89,-3.95,-0.14203703703703704,-0.0033333333333333335,-3.7037037037035065e-05
mut_D99N,heme,90,-3.09,-0.12592592592592594,-0.003148148148148148,-3.7037037037035065e-05
mut_D99N,heme,91,-4.63,-0.15462962962962962,-0.0022222222222222222,-3.7037037037035065e-05
mut_D99N,heme,92,-3.96,-0.14,-0.005370370370370372,-3.7037037037035065e-05
mut_D99N,heme,93,-3.99,-0.14314814814814816,-0.0018518518518518517,-3.7037037037035065e-05
mut_D99N,heme,94,-3.23,-0.12907407407407406,-0.002777777777777778,-3.7037037037035065e-05
mut_D99N,heme,95,-2.88,-0.12518518518518518,0.0011111111111111111,-3.7037037037035065e-05
mut_D99N,heme,96,-5.14,-0.14962962962962964,-0.017222222222222222,-3.7037037037035065e-05
mut_D99N,heme,97,-4.45,-0.1537037037037037,-0.0014814814814814818,-3.7037037037035065e-05
mut_D99N,heme,98,-3.11,-0.1262962962962963,-0.0038888888888888888,-3.7037037037035065e-05
mut_D99N,heme,99,-5.28,-0.16351851851851854,-0.007222222222222223,-3.7037037037035065e-05
mut_D99N,heme,100,-2.98,-0.12666666666666668,-0.000555555555555556,-3.7037037037035065e-05
mut_D99N,heme_Co,1,-2.08,-0.10833333333333334,-0.009791666666666667,-0.04170833333333333
mut_D99N,heme_Co,2,-3.4,-0.12520833333333334,-0.020625,-0.04170833333333333
mut_D99N,heme_Co,3,-4.69,-0.13145833333333334,-0.04145833333333333,-0.04170833333333333
mut_D99N,heme_Co,4,-3.15,-0.12333333333333334,-0.016458333333333332,-0.04170833333333333
mut_D99N,heme_Co,5,-4.24,-0.10229166666666667,-0.06041666666666666,-0.04170833333333333
mut_D99N,heme_Co,6,-4.63,-0.12875,-0.042499999999999996,-0.04170833333333333
mut_D99N,heme_Co,7,-3.07,-0.10395833333333333,-0.034166666666666665,-0.04170833333333333
mut_D99N,heme_Co,8,-4.53,-0.14708333333333334,-0.022083333333333337,-0.04170833333333333
mut_D99N,heme_Co,9,-3.13,-0.079375,-0.060833333333333336,-0.04170833333333333
mut_D99N,heme_Co,10,-4.63,-0.131875,-0.03958333333333334,-0.04170833333333333
mut_D99N,heme_Co,11,-3.45,-0.14770833333333333,0.0020833333333333333,-0.04170833333333333
mut_D99N,heme_Co,12,-3.18,-0.115625,-0.025,-0.04170833333333333
mut_D99N,heme_Co,13,-3.63,-0.11270833333333334,-0.03833333333333333,-0.04170833333333333
mut_D99N,heme_Co,14,-4.13,-0.10645833333333334,-0.05458333333333333,-0.04170833333333333
mut_D99N,heme_Co,15,-3.5,-0.11479166666666667,-0.03270833333333333,-0.04170833333333333
mut_D99N,heme_Co,16,-7.36,-0.16645833333333335,-0.060625,-0.04170833333333333
mut_D99N,heme_Co,17,-4.35,-0.144375,-0.020208333333333335,-0.04170833333333333
mut_D99N,heme_Co,18,-5.14,-0.1375,-0.04395833333333333,-0.04170833333333333
mut_D99N,heme_Co,19,-2.74,-0.13145833333333334,-0.0008333333333333335,-0.04170833333333333
mut_D99N,heme_Co,20,-2.32,-0.12125,-0.0014583333333333334,-0.04170833333333333
mut_D99N,heme_Co,21,-4.8,-0.11708333333333333,-0.05729166666666667,-0.04170833333333333
mut_D99N,heme_Co,22,-2.55,-0.13020833333333334,0.0027083333333333334,-0.04170833333333333
mut_D99N,heme_Co,23,-4.68,-0.15583333333333332,-0.015,-0.04170833333333333
mut_D99N,heme_Co,24,-3.66,-0.143125,-0.008125,-0.04170833333333333
mut_D99N,heme_Co,25,-3.76,-0.1075,-0.04645833333333334,-0.04170833333333333
mut_D99N,heme_Co,26,-2.39,-0.12166666666666667,-0.001875,-0.04170833333333333
mut_D99N,heme_Co,27,-3.77,-0.16020833333333334,0.007083333333333334,-0.04170833333333333
mut_D99N,heme_Co,28,-7.65,-0.17395833333333333,-0.06104166666666667,-0.04170833333333333
mut_D99N,heme_Co,29,-4.68,-0.11708333333333333,-0.05520833333333333,-0.04170833333333333
mut_D99N,heme_Co,30,-3.81,-0.10729166666666667,-0.046875,-0.04170833333333333
mut_D99N,heme_Co,31,-3.93,-0.14229166666666668,-0.015000000000000001,-0.04170833333333333
mut_D99N,heme_Co,32,-3.77,-0.15166666666666667,-0.0020833333333333333,-0.04170833333333333
mut_D99N,heme_Co,33,-5.05,-0.12666666666666668,-0.05354166666666667,-0.04170833333333333
mut_D99N,heme_Co,34,-4.74,-0.13229166666666667,-0.041666666666666664,-0.04170833333333333
mut_D99N,heme_Co,35,-3.42,-0.13083333333333333,-0.015208333333333334,-0.04170833333333333
mut_D99N,heme_Co,36,-5.01,-0.13020833333333334,-0.049791666666666665,-0.04170833333333333
mut_D99N,heme_Co,37,-3.93,-0.11645833333333333,-0.04,-0.04170833333333333
mut_D99N,heme_Co,38,-4.38,-0.14291666666666666,-0.022708333333333334,-0.04170833333333333
mut_D99N,heme_Co,39,-5.35,-0.12854166666666667,-0.057916666666666665,-0.04170833333333333
mut_D99N,heme_Co,40,-3.72,-0.13104166666666667,-0.021458333333333333,-0.04170833333333333
mut_D99N,heme_Co,41,-4.91,-0.11708333333333333,-0.05958333333333333,-0.04170833333333333
mut_D99N,heme_Co,42,-3.11,-0.09541666666666666,-0.04479166666666667,-0.04170833333333333
mut_D99N,heme_Co,43,-4.72,-0.11541666666666667,-0.057291666666666664,-0.04170833333333333
mut_D99N,heme_Co,44,-4.71,-0.14354166666666668,-0.028541666666666667,-0.04170833333333333
mut_D99N,heme_Co,45,-3.36,-0.12875,-0.01625,-0.04170833333333333
mut_D99N,heme_Co,46,-5.37,-0.146875,-0.04041666666666666,-0.04170833333333333
mut_D99N,heme_Co,47,-2.29,-0.11916666666666667,-0.0031249999999999997,-0.04170833333333333
mut_D99N,heme_Co,48,-3.31,-0.14229166666666668,-0.0004166666666666668,-0.04170833333333333
mut_D99N,heme_Co,49,-4.2,-0.11812500000000001,-0.043541666666666666,-0.04170833333333333
mut_D99N,heme_Co,50,-3.31,-0.11104166666666666,-0.03125,-0.04170833333333333
mut_D99N,heme_Co,51,-4.83,-0.13770833333333335,-0.038125,-0.04170833333333333
mut_D99N,heme_Co,52,-4.18,-0.10166666666666667,-0.06,-0.04170833333333333
mut_D99N,heme_Co,53,-6.02,-0.12854166666666667,-0.07104166666666667,-0.04170833333333333
mut_D99N,heme_Co,54,-4.13,-0.09145833333333334,-0.06979166666666667,-0.04170833333333333
mut_D99N,heme_Co,55,-3.78,-0.11479166666666667,-0.03833333333333333,-0.04170833333333333
mut_D99N,heme_Co,56,-3.66,-0.14354166666666668,-0.007500000000000001,-0.04170833333333333
mut_D99N,heme_Co,57,-4.0,-0.13104166666666667,-0.02625,-0.04170833333333333
mut_D99N,heme_Co,58,-2.91,-0.12770833333333334,-0.0075,-0.04170833333333333
mut_D99N,heme_Co,59,-2.45,-0.12708333333333333,0.0016666666666666666,-0.04170833333333333
mut_D99N,heme_Co,60,-4.29,-0.11875,-0.04604166666666667,-0.04170833333333333
mut_D99N,heme_Co,61,-4.69,-0.14416666666666667,-0.028125,-0.04170833333333333
mut_D99N,heme_Co,62,-4.7,-0.123125,-0.04958333333333333,-0.04170833333333333
mut_D99N,heme_Co,63,-4.34,-0.11625,-0.04833333333333333,-0.04170833333333333
mut_D99N,heme_Co,64,-3.06,-0.11145833333333334,-0.027708333333333335,-0.04170833333333333
mut_D99N,heme_Co,65,-3.89,-0.11812500000000001,-0.03625,-0.04170833333333333
mut_D99N,heme_Co,66,-4.66,-0.12125,-0.049791666666666665,-0.04170833333333333
mut_D99N,heme_Co,67,-3.76,-0.09625,-0.05708333333333333,-0.04170833333333333
mut_D99N,heme_Co,68,-2.89,-0.058333333333333334,-0.0775,-0.04170833333333333
mut_D99N,heme_Co,69,-2.64,-0.12416666666666668,-0.0060416666666666665,-0.04170833333333333
mut_D99N,heme_Co,70,-3.46,-0.13458333333333333,-0.011666666666666667,-0.04170833333333333
mut_D99N,heme_Co,71,-2.56,-0.13,0.0027083333333333334,-0.04170833333333333
mut_D99N,heme_Co,72,-4.88,-0.15854166666666666,-0.017291666666666667,-0.04170833333333333
mut_D99N,heme_Co,73,-3.56,-0.11833333333333333,-0.03,-0.04170833333333333
mut_D99N,heme_Co,74,-4.25,-0.10520833333333333,-0.058124999999999996,-0.04170833333333333
mut_D99N,heme_Co,75,-4.88,-0.14125000000000001,-0.035416666666666666,-0.04170833333333333
mut_D99N,heme_Co,76,-4.31,-0.123125,-0.042083333333333334,-0.04170833333333333
mut_D99N,heme_Co,77,-2.8,-0.10479166666666667,-0.02770833333333333,-0.04170833333333333
mut_D99N,heme_Co,78,-4.54,-0.12,-0.04791666666666666,-0.04170833333333333
mut_D99N,heme_Co,79,-5.22,-0.13145833333333334,-0.0525,-0.04170833333333333
mut_D99N,heme_Co,80,-7.44,-0.17666666666666667,-0.05375,-0.04170833333333333
mut_D99N,heme_Co,81,-3.46,-0.11104166666666666,-0.035625,-0.04170833333333333
mut_D99N,heme_Co,82,-4.26,-0.1125,-0.051041666666666666,-0.04170833333333333
mut_D99N,heme_Co,83,-4.56,-0.13270833333333334,-0.036458333333333336,-0.04170833333333333
mut_D99N,heme_Co,84,-2.85,-0.13479166666666667,0.00020833333333333348,-0.04170833333333333
mut_D99N,heme_Co,85,-4.03,-0.1325,-0.025833333333333333,-0.04170833333333333
mut_D99N,heme_Co,86,-2.55,-0.12687500000000002,-0.0010416666666666667,-0.04170833333333333
mut_D99N,heme_Co,87,-4.49,-0.16833333333333333,0.0002083333333333328,-0.04170833333333333
mut_D99N,heme_Co,88,-5.27,-0.11125,-0.07416666666666667,-0.04170833333333333
mut_D99N,heme_Co,89,-4.26,-0.11375,-0.04895833333333333,-0.04170833333333333
mut_D99N,heme_Co,90,-5.52,-0.13270833333333334,-0.056875,-0.04170833333333333
mut_D99N,heme_Co,91,-5.42,-0.14583333333333334,-0.04166666666666667,-0.04170833333333333
mut_D99N,heme_Co,92,-6.48,-0.14666666666666667,-0.06229166666666667,-0.04170833333333333
mut_D99N,heme_Co,93,-3.79,-0.14166666666666666,-0.012499999999999999,-0.04170833333333333
mut_D99N,heme_Co,94,-4.5,-0.135,-0.032916666666666664,-0.04170833333333333
mut_D99N,heme_Co,95,-5.06,-0.12458333333333334,-0.05520833333333333,-0.04170833333333333
mut_D99N,heme_Co,96,-4.65,-0.14208333333333334,-0.028541666666666667,-0.04170833333333333
mut_D99N,heme_Co,97,-3.7,-0.11354166666666667,-0.03833333333333333,-0.04170833333333333
mut_D99N,heme_Co,98,-3.59,-0.11083333333333334,-0.03833333333333334,-0.04170833333333333
mut_D99N,heme_Co,99,-4.55,-0.14375,-0.025625,-0.04170833333333333
mut_D99N,heme_Co,100,-3.22,-0.14208333333333334,0.0004166666666666667,-0.04170833333333333
mut_D99N,heme_Fe,1,-7.32,-0.16755555555555557,-0.06266666666666668,-0.04448888888888889
mut_D99N,heme_Fe,2,-10.25,-0.28844444444444445,-0.005555555555555556,-0.04448888888888889
mut_D99N,heme_Fe,3,-7.05,-0.15622222222222223,-0.06555555555555556,-0.04448888888888889
mut_D99N,heme_Fe,4,-13.08,-0.294,-0.06288888888888888,-0.04448888888888889
mut_D99N,heme_Fe,5,-12.78,-0.31777777777777777,-0.03222222222222222,-0.04448888888888889
mut_D99N,heme_Fe,6,-7.1,-0.1837777777777778,-0.04088888888888889,-0.04448888888888889
mut_D99N,heme_Fe,7,-11.69,-0.32,-0.006222222222222223,-0.04448888888888889
mut_D99N,heme_Fe,8,-13.01,-0.29488888888888887,-0.060444444444444446,-0.04448888888888889
mut_D99N,heme_Fe,9,-5.33,-0.164,-0.020666666666666667,-0.04448888888888889
mut_D99N,heme_Fe,10,-6.15,-0.1428888888888889,-0.05977777777777778,-0.04448888888888889
mut_D99N,heme_Fe,11,-7.07,-0.1771111111111111,-0.04533333333333334,-0.04448888888888889
mut_D99N,heme_Fe,12,-12.84,-0.30377777777777776,-0.04777777777777778,-0.04448888888888889
mut_D99N,heme_Fe,13,-13.24,-0.31022222222222223,-0.04888888888888889,-0.04448888888888889
mut_D99N,heme_Fe,14,-13.02,-0.30244444444444446,-0.05222222222222222,-0.04448888888888889
mut_D99N,heme_Fe,15,-12.43,-0.2837777777777778,-0.05888888888888889,-0.04448888888888889
mut_D99N,heme_Fe,16,-7.25,-0.1448888888888889,-0.08222222222222222,-0.04448888888888889
mut_D99N,heme_Fe,17,-6.53,-0.17377777777777778,-0.03822222222222222,-0.04448888888888889
mut_D99N,heme_Fe,18,-11.12,-0.3048888888888889,-0.0077777777777777776,-0.04448888888888889
mut_D99N,heme_Fe,19,-12.7,-0.3031111111111111,-0.04555555555555556,-0.04448888888888889
mut_D99N,heme_Fe,20,-12.03,-0.2897777777777778,-0.04377777777777778,-0.04448888888888889
mut_D99N,heme_Fe,21,-5.74,-0.12688888888888888,-0.06666666666666667,-0.04448888888888889
mut_D99N,heme_Fe,22,-12.44,-0.3011111111111111,-0.042222222222222223,-0.04448888888888889
mut_D99N,heme_Fe,23,-12.2,-0.2862222222222222,-0.05111111111111111,-0.04448888888888889
mut_D99N,heme_Fe,24,-12.05,-0.2897777777777778,-0.044,-0.04448888888888889
mut_D99N,heme_Fe,25,-7.4,-0.15844444444444444,-0.07222222222222223,-0.04448888888888889
mut_D99N,heme_Fe,26,-6.23,-0.13555555555555557,-0.06888888888888889,-0.04448888888888889
mut_D99N,heme_Fe,27,-6.66,-0.12955555555555556,-0.08377777777777777,-0.04448888888888889
mut_D99N,heme_Fe,28,-12.58,-0.2891111111111111,-0.05666666666666667,-0.04448888888888889
mut_D99N,heme_Fe,29,-13.19,-0.30822222222222223,-0.04977777777777778,-0.04448888888888889
mut_D99N,heme_Fe,30,-5.87,-0.15466666666666667,-0.043111111111111114,-0.04448888888888889
mut_D99N,heme_Fe,31,-5.19,-0.15644444444444444,-0.024444444444444446,-0.04448888888888889
mut_D99N,heme_Fe,32,-4.77,-0.0951111111111111,-0.0768888888888889,-0.04448888888888889
mut_D99N,heme_Fe,33,-12.69,-0.2866666666666667,-0.06177777777777778,-0.04448888888888889
mut_D99N,heme_Fe,34,-12.2,-0.31022222222222223,-0.02822222222222222,-0.04448888888888889
mut_D99N,heme_Fe,35,-6.85,-0.18866666666666668,-0.030444444444444444,-0.04448888888888889
mut_D99N,heme_Fe,36,-12.36,-0.2871111111111111,-0.05422222222222222,-0.04448888888888889
mut_D99N,heme_Fe,37,-6.42,-0.1808888888888889,-0.027777777777777776,-0.04448888888888889
mut_D99N,heme_Fe,38,-7.37,-0.15933333333333333,-0.07044444444444445,-0.04448888888888889
mut_D99N,heme_Fe,39,-7.02,-0.16044444444444445,-0.0631111111111111,-0.04448888888888889
mut_D99N,heme_Fe,40,-6.37,-0.13977777777777778,-0.06822222222222221,-0.04448888888888889
mut_D99N,heme_Fe,41,-5.6,-0.15444444444444444,-0.036222222222222225,-0.04448888888888889
mut_D99N,heme_Fe,42,-6.24,-0.17022222222222222,-0.034666666666666665,-0.04448888888888889
mut_D99N,heme_Fe,43,-7.71,-0.2157777777777778,-0.021333333333333336,-0.04448888888888889
mut_D99N,heme_Fe,44,-7.56,-0.16577777777777777,-0.068,-0.04448888888888889
mut_D99N,heme_Fe,45,-12.18,-0.2922222222222222,-0.044,-0.04448888888888889
mut_D99N,heme_Fe,46,-4.62,-0.1688888888888889,0.0,-0.04448888888888889
mut_D99N,heme_Fe,47,-5.15,-0.17155555555555554,-0.009777777777777778,-0.04448888888888889
mut_D99N,heme_Fe,48,-11.99,-0.284,-0.048222222222222215,-0.04448888888888889
mut_D99N,heme_Fe,49,-12.91,-0.286,-0.06644444444444444,-0.04448888888888889
mut_D99N,heme_Fe,50,-7.13,-0.20377777777777778,-0.020444444444444446,-0.04448888888888889
mut_D99N,heme_Fe,51,-11.77,-0.2826666666666667,-0.04488888888888889,-0.04448888888888889
mut_D99N,heme_Fe,52,-8.41,-0.2068888888888889,-0.04622222222222222,-0.04448888888888889
mut_D99N,heme_Fe,53,-10.31,-0.29,-0.0057777777777777775,-0.04448888888888889
mut_D99N,heme_Fe,54,-7.53,-0.17222222222222222,-0.06155555555555556,-0.04448888888888889
mut_D99N,heme_Fe,55,-7.35,-0.168,-0.06222222222222223,-0.04448888888888889
mut_D99N,heme_Fe,56,-4.67,-0.14444444444444443,-0.025333333333333333,-0.04448888888888889
mut_D99N,heme_Fe,57,-10.88,-0.2771111111111111,-0.029777777777777778,-0.04448888888888889
mut_D99N,heme_Fe,58,-11.96,-0.28933333333333333,-0.044,-0.04448888888888889
mut_D99N,heme_Fe,59,-6.97,-0.14444444444444443,-0.07711111111111112,-0.04448888888888889
mut_D99N,heme_Fe,60,-5.95,-0.17200000000000001,-0.026444444444444444,-0.04448888888888889
mut_D99N,heme_Fe,61,-13.23,-0.3071111111111111,-0.05177777777777778,-0.04448888888888889
mut_D99N,heme_Fe,62,-13.23,-0.3091111111111111,-0.050666666666666665,-0.04448888888888889
mut_D99N,heme_Fe,63,-6.52,-0.12488888888888888,-0.08644444444444445,-0.04448888888888889
mut_D99N,heme_Fe,64,-12.36,-0.3,-0.03977777777777777,-0.04448888888888889
mut_D99N,heme_Fe,65,-4.79,-0.17155555555555554,-0.002444444444444445,-0.04448888888888889
mut_D99N,heme_Fe,66,-13.38,-0.30244444444444446,-0.06155555555555556,-0.04448888888888889
mut_D99N,heme_Fe,67,-5.36,-0.1797777777777778,-0.0064444444444444445,-0.04448888888888889
mut_D99N,heme_Fe,68,-11.24,-0.28933333333333333,-0.02733333333333333,-0.04448888888888889
mut_D99N,heme_Fe,69,-7.48,-0.20955555555555555,-0.022444444444444444,-0.04448888888888889
mut_D99N,heme_Fe,70,-7.36,-0.18755555555555556,-0.04111111111111111,-0.04448888888888889
mut_D99N,heme_Fe,71,-10.88,-0.26955555555555555,-0.03866666666666667,-0.04448888888888889
mut_D99N,heme_Fe,72,-12.0,-0.29088888888888886,-0.04022222222222222,-0.04448888888888889
mut_D99N,heme_Fe,73,-4.25,-0.15488888888888888,-0.005333333333333333,-0.04448888888888889
mut_D99N,heme_Fe,74,-11.44,-0.288,-0.032,-0.04448888888888889
mut_D99N,heme_Fe,75,-6.99,-0.156,-0.06577777777777777,-0.04448888888888889
mut_D99N,heme_Fe,76,-12.56,-0.30244444444444446,-0.041999999999999996,-0.04448888888888889
mut_D99N,heme_Fe,77,-7.08,-0.16555555555555557,-0.058666666666666666,-0.04448888888888889
mut_D99N,heme_Fe,78,-13.06,-0.302,-0.05488888888888889,-0.04448888888888889
mut_D99N,heme_Fe,79,-5.79,-0.12266666666666667,-0.07266666666666667,-0.04448888888888889
mut_D99N,heme_Fe,80,-6.92,-0.15644444444444444,-0.06422222222222222,-0.04448888888888889
mut_D99N,heme_Fe,81,-13.22,-0.29733333333333334,-0.06266666666666666,-0.04448888888888889
mut_D99N,heme_Fe,82,-6.87,-0.15044444444444444,-0.06866666666666667,-0.04448888888888889
mut_D99N,heme_Fe,83,-12.77,-0.29933333333333334,-0.050444444444444445,-0.04448888888888889
mut_D99N,heme_Fe,84,-12.96,-0.2962222222222222,-0.058,-0.04448888888888889
mut_D99N,heme_Fe,85,-7.68,-0.168,-0.06933333333333333,-0.04448888888888889
mut_D99N,heme_Fe,86,-7.27,-0.2091111111111111,-0.018666666666666668,-0.04448888888888889
mut_D99N,heme_Fe,87,-4.8,-0.16355555555555557,-0.01,-0.04448888888888889
mut_D99N,heme_Fe,88,-13.18,-0.302,-0.05733333333333333,-0.04448888888888889
mut_D99N,heme_Fe,89,-5.91,-0.11266666666666666,-0.08466666666666667,-0.04448888888888889
mut_D99N,heme_Fe,90,-7.23,-0.15533333333333332,-0.07155555555555555,-0.04448888888888889
mut_D99N,heme_Fe,91,-7.57,-0.21355555555555555,-0.02,-0.04448888888888889
mut_D99N,heme_Fe,92,-6.28,-0.15044444444444444,-0.05533333333333334,-0.04448888888888889
mut_D99N,heme_Fe,93,-10.28,-0.28444444444444444,-0.009999999999999998,-0.04448888888888889
mut_D99N,heme_Fe,94,-5.06,-0.14822222222222223,-0.030444444444444444,-0.04448888888888889
mut_D99N,heme_Fe,95,-7.94,-0.20577777777777778,-0.03711111111111111,-0.04448888888888889
mut_D99N,heme_Fe,96,-7.23,-0.17355555555555555,-0.05333333333333333,-0.04448888888888889
mut_D99N,heme_Fe,97,-13.37,-0.3015555555555556,-0.061111111111111116,-0.04448888888888889
mut_D99N,heme_Fe,98,-11.21,-0.2866666666666667,-0.028444444444444446,-0.04448888888888889
mut_D99N,heme_Fe,99,-9.91,-0.2833333333333333,-0.0035555555555555557,-0.04448888888888889
mut_D99N,heme_Fe,100,-13.44,-0.31044444444444447,-0.05333333333333333,-0.04448888888888889
mut_D99N,heme_O2,1,-6.43,-0.1519148936170213,-0.048723404255319146,-0.04259574468085106
mut_D99N,heme_O2,2,-6.72,-0.14170212765957446,-0.06340425531914894,-0.04259574468085106
mut_D99N,heme_O2,3,-5.21,-0.15127659574468086,-0.023617021276595745,-0.04259574468085106
mut_D99N,heme_O2,4,-4.03,-0.10872340425531915,-0.04,-0.04259574468085106
mut_D99N,heme_O2,5,-6.06,-0.14446808510638298,-0.048297872340425534,-0.04259574468085106
mut_D99N,heme_O2,6,-4.98,-0.13425531914893618,-0.03574468085106383,-0.04259574468085106
mut_D99N,heme_O2,7,-6.37,-0.14319148936170212,-0.05617021276595745,-0.04259574468085106
mut_D99N,heme_O2,8,-4.68,-0.16936170212765958,0.006808510638297871,-0.04259574468085106
mut_D99N,heme_O2,9,-6.76,-0.15553191489361703,-0.051702127659574465,-0.04259574468085106
mut_D99N,heme_O2,10,-5.52,-0.14127659574468085,-0.039361702127659576,-0.04259574468085106
mut_D99N,heme_O2,11,-7.28,-0.19297872340425531,-0.02595744680851064,-0.04259574468085106
mut_D99N,heme_O2,12,-6.17,-0.17319148936170212,-0.021063829787234045,-0.04259574468085106
mut_D99N,heme_O2,13,-4.9,-0.14297872340425533,-0.025319148936170214,-0.04259574468085106
mut_D99N,heme_O2,14,-4.84,-0.12212765957446808,-0.043617021276595745,-0.04259574468085106
mut_D99N,heme_O2,15,-5.1,-0.12893617021276596,-0.043617021276595745,-0.04259574468085106
mut_D99N,heme_O2,16,-6.09,-0.13957446808510637,-0.05425531914893617,-0.04259574468085106
mut_D99N,heme_O2,17,-5.44,-0.1225531914893617,-0.05531914893617021,-0.04259574468085106
mut_D99N,heme_O2,18,-6.07,-0.15531914893617021,-0.03787234042553191,-0.04259574468085106
mut_D99N,heme_O2,19,-5.3,-0.16382978723404257,-0.014255319148936171,-0.04259574468085106
mut_D99N,heme_O2,20,-4.79,-0.16319148936170214,-0.001276595744680851,-0.04259574468085106
mut_D99N,heme_O2,21,-5.46,-0.13319148936170214,-0.04595744680851064,-0.04259574468085106
mut_D99N,heme_O2,22,-6.39,-0.12404255319148937,-0.07617021276595745,-0.04259574468085106
mut_D99N,heme_O2,23,-3.4,-0.10319148936170212,-0.0325531914893617,-0.04259574468085106
mut_D99N,heme_O2,24,-6.97,-0.14574468085106382,-0.06638297872340425,-0.04259574468085106
mut_D99N,heme_O2,25,-7.65,-0.1746808510638298,-0.05170212765957447,-0.04259574468085106
mut_D99N,heme_O2,26,-13.1,-0.3159574468085106,-0.026170212765957445,-0.04259574468085106
mut_D99N,heme_O2,27,-6.77,-0.12595744680851065,-0.08170212765957446,-0.04259574468085106
mut_D99N,heme_O2,28,-5.4,-0.14914893617021277,-0.029148936170212768,-0.04259574468085106
mut_D99N,heme_O2,29,-4.13,-0.11085106382978724,-0.04021276595744681,-0.04259574468085106
mut_D99N,heme_O2,30,-5.43,-0.1574468085106383,-0.020851063829787235,-0.04259574468085106
mut_D99N,heme_O2,31,-5.95,-0.13702127659574467,-0.05361702127659575,-0.04259574468085106
mut_D99N,heme_O2,32,-4.22,-0.13808510638297872,-0.01446808510638298,-0.04259574468085106
mut_D99N,heme_O2,33,-13.05,-0.3048936170212766,-0.035531914893617025,-0.04259574468085106
mut_D99N,heme_O2,34,-4.12,-0.11404255319148937,-0.03808510638297872,-0.04259574468085106
mut_D99N,heme_O2,35,-6.2,-0.15021276595744681,-0.0451063829787234,-0.04259574468085106
mut_D99N,heme_O2,36,-5.62,-0.15659574468085108,-0.02468085106382979,-0.04259574468085106
mut_D99N,heme_O2,37,-5.49,-0.1548936170212766,-0.0248936170212766,-0.04259574468085106
mut_D99N,heme_O2,38,-4.97,-0.15553191489361703,-0.013617021276595746,-0.04259574468085106
mut_D99N,heme_O2,39,-6.21,-0.11787234042553192,-0.0774468085106383,-0.04259574468085106
mut_D99N,heme_O2,40,-4.89,-0.1446808510638298,-0.02425531914893617,-0.04259574468085106
mut_D99N,heme_O2,41,-5.13,-0.12638297872340426,-0.04638297872340426,-0.04259574468085106
mut_D99N,heme_O2,42,-6.2,-0.11319148936170213,-0.08297872340425531,-0.04259574468085106
mut_D99N,heme_O2,43,-7.85,-0.16936170212765958,-0.061276595744680855,-0.04259574468085106
mut_D99N,heme_O2,44,-6.06,-0.11787234042553191,-0.07510638297872341,-0.04259574468085106
mut_D99N,heme_O2,45,-5.43,-0.13595744680851063,-0.043617021276595745,-0.04259574468085106
mut_D99N,heme_O2,46,-13.58,-0.308936170212766,-0.043191489361702126,-0.04259574468085106
mut_D99N,heme_O2,47,-4.43,-0.15212765957446808,-0.005957446808510639,-0.04259574468085106
mut_D99N,heme_O2,48,-4.41,-0.14319148936170212,-0.014893617021276596,-0.04259574468085106
mut_D99N,heme_O2,49,-5.35,-0.13851063829787236,-0.03829787234042553,-0.04259574468085106
mut_D99N,heme_O2,50,-4.08,-0.14319148936170212,-0.00702127659574468,-0.04259574468085106
mut_D99N,heme_O2,51,-4.88,-0.12531914893617022,-0.04297872340425532,-0.04259574468085106
mut_D99N,heme_O2,52,-5.87,-0.09787234042553192,-0.09085106382978723,-0.04259574468085106
mut_D99N,heme_O2,53,-5.58,-0.15021276595744681,-0.03212765957446809,-0.04259574468085106
mut_D99N,heme_O2,54,-7.98,-0.17212765957446807,-0.060851063829787236,-0.04259574468085106
mut_D99N,heme_O2,55,-4.28,-0.15361702127659574,-0.0002127659574468085,-0.04259574468085106
mut_D99N,heme_O2,56,-5.04,-0.11872340425531915,-0.05148936170212766,-0.04259574468085106
mut_D99N,heme_O2,57,-6.19,-0.14127659574468085,-0.05425531914893617,-0.04259574468085106
mut_D99N,heme_O2,58,-5.35,-0.09297872340425532,-0.08446808510638297,-0.04259574468085106
mut_D99N,heme_O2,59,-7.66,-0.16914893617021276,-0.05659574468085106,-0.04259574468085106
mut_D99N,heme_O2,60,-4.88,-0.15574468085106383,-0.01148936170212766,-0.04259574468085106
mut_D99N,heme_O2,61,-5.05,-0.13617021276595745,-0.03531914893617021,-0.04259574468085106
mut_D99N,heme_O2,62,-6.62,-0.14425531914893616,-0.060425531914893624,-0.04259574468085106
mut_D99N,heme_O2,63,-5.58,-0.15021276595744681,-0.03191489361702128,-0.04259574468085106
mut_D99N,heme_O2,64,-6.36,-0.1423404255319149,-0.05723404255319149,-0.04259574468085106
mut_D99N,heme_O2,65,-5.95,-0.1372340425531915,-0.0523404255319149,-0.04259574468085106
mut_D99N,heme_O2,66,-6.28,-0.12829787234042553,-0.06851063829787234,-0.04259574468085106
mut_D99N,heme_O2,67,-5.29,-0.14170212765957446,-0.03404255319148936,-0.04259574468085106
mut_D99N,heme_O2,68,-5.28,-0.13872340425531915,-0.03787234042553191,-0.04259574468085106
mut_D99N,heme_O2,69,-6.58,-0.1472340425531915,-0.05553191489361702,-0.04259574468085106
mut_D99N,heme_O2,70,-3.4,-0.13659574468085106,0.001276595744680851,-0.04259574468085106
mut_D99N,heme_O2,71,-4.94,-0.15595744680851065,-0.012127659574468085,-0.04259574468085106
mut_D99N,heme_O2,72,-6.51,-0.1497872340425532,-0.052127659574468084,-0.04259574468085106
mut_D99N,heme_O2,73,-5.66,-0.09617021276595746,-0.0876595744680851,-0.04259574468085106
mut_D99N,heme_O2,74,-7.29,-0.14617021276595746,-0.07234042553191489,-0.04259574468085106
mut_D99N,heme_O2,75,-6.97,-0.17425531914893616,-0.03723404255319149,-0.04259574468085106
mut_D99N,heme_O2,76,-6.05,-0.16234042553191488,-0.029787234042553193,-0.04259574468085106
mut_D99N,heme_O2,77,-6.21,-0.13489361702127659,-0.061489361702127654,-0.04259574468085106
mut_D99N,heme_O2,78,-13.11,-0.31382978723404253,-0.028085106382978724,-0.04259574468085106
mut_D99N,heme_O2,79,-3.91,-0.14851063829787234,0.002127659574468085,-0.04259574468085106
mut_D99N,heme_O2,80,-12.36,-0.3040425531914894,-0.022127659574468085,-0.04259574468085106
mut_D99N,heme_O2,81,-6.61,-0.1474468085106383,-0.05702127659574468,-0.04259574468085106
mut_D99N,heme_O2,82,-6.08,-0.12808510638297874,-0.06531914893617022,-0.04259574468085106
mut_D99N,heme_O2,83,-13.5,-0.2995744680851064,-0.05042553191489362,-0.04259574468085106
mut_D99N,heme_O2,84,-5.61,-0.15893617021276596,-0.023829787234042554,-0.04259574468085106
mut_D99N,heme_O2,85,-5.49,-0.14170212765957446,-0.03851063829787234,-0.04259574468085106
mut_D99N,heme_O2,86,-5.39,-0.11170212765957446,-0.06659574468085107,-0.04259574468085106
mut_D99N,heme_O2,87,-4.42,-0.15276595744680851,-0.005106382978723404,-0.04259574468085106
mut_D99N,heme_O2,88,-5.81,-0.15680851063829787,-0.03,-0.04259574468085106
mut_D99N,heme_O2,89,-5.44,-0.17361702127659576,-0.005106382978723405,-0.04259574468085106
mut_D99N,heme_O2,90,-5.16,-0.16553191489361702,-0.007872340425531916,-0.04259574468085106
mut_D99N,heme_O2,91,-7.93,-0.1753191489361702,-0.05723404255319149,-0.04259574468085106
mut_D99N,heme_O2,92,-4.07,-0.08446808510638298,-0.06531914893617022,-0.04259574468085106
mut_D99N,heme_O2,93,-4.84,-0.10382978723404256,-0.06319148936170213,-0.04259574468085106
mut_D99N,heme_O2,94,-5.78,-0.1570212765957447,-0.029787234042553193,-0.04259574468085106
mut_D99N,heme_O2,95,-5.57,-0.12319148936170213,-0.05914893617021277,-0.04259574468085106
mut_D99N,heme_O2,96,-5.58,-0.09638297872340426,-0.08659574468085106,-0.04259574468085106
mut_D99N,heme_O2,97,-3.57,-0.13872340425531915,-0.0006382978723404255,-0.04259574468085106
mut_D99N,heme_O2,98,-3.91,-0.13702127659574467,-0.008723404255319148,-0.04259574468085106
mut_D99N,heme_O2,99,-4.18,-0.1519148936170213,-0.0008510638297872341,-0.04259574468085106
mut_D99N,heme_O2,100,-4.97,-0.10319148936170212,-0.06680851063829787,-0.04259574468085106
mut_D99N,IHP,1,,-0.07625,-0.0010416666666666669,-0.00012500000000000358
mut_D99N,IHP,2,,-0.07041666666666667,-0.006041666666666667,-0.00012500000000000358
mut_D99N,IHP,3,,-0.11083333333333334,-0.002083333333333332,-0.00012500000000000358
mut_D99N,IHP,4,,-0.08229166666666667,-0.013333333333333334,-0.00012500000000000358
mut_D99N,IHP,5,,-0.10729166666666667,0.0006249999999999996,-0.00012500000000000358
mut_D99N,IHP,6,,-0.09125,-0.003541666666666667,-0.00012500000000000358
mut_D99N,IHP,7,,-0.09604166666666666,-0.006458333333333333,-0.00012500000000000358
mut_D99N,IHP,8,,-0.11145833333333334,-0.0029166666666666672,-0.00012500000000000358
mut_D99N,IHP,9,,-0.07895833333333334,-0.009583333333333334,-0.00012500000000000358
mut_D99N,IHP,10,,-0.05791666666666667,-0.001875,-0.00012500000000000358
mut_D99N,IHP,11,,-0.07479166666666667,-0.0002083333333333333,-0.00012500000000000358
mut_D99N,IHP,12,,-0.09875,0.001666666666666667,-0.00012500000000000358
mut_D99N,IHP,13,,-0.121875,-0.003124999999999999,-0.00012500000000000358
mut_D99N,IHP,14,,-0.0975,-0.0006250000000000003,-0.00012500000000000358
mut_D99N,IHP,15,,-0.0675,-0.004375,-0.00012500000000000358
mut_D99N,IHP,16,,-0.06645833333333333,-0.0016666666666666668,-0.00012500000000000358
mut_D99N,IHP,17,,-0.07770833333333334,-0.004166666666666667,-0.00012500000000000358
mut_D99N,IHP,18,,-0.09604166666666666,-0.0020833333333333333,-0.00012500000000000358
mut_D99N,IHP,19,,-0.098125,-0.005625,-0.00012500000000000358
mut_D99N,IHP,20,,-0.08375,-0.0022916666666666662,-0.00012500000000000358
mut_D99N,IHP,21,,-0.11416666666666667,-0.0031250000000000006,-0.00012500000000000358
mut_D99N,IHP,22,,-0.04,-0.014583333333333334,-0.00012500000000000358
mut_D99N,IHP,23,,-0.10354166666666667,-0.003541666666666667,-0.00012500000000000358
mut_D99N,IHP,24,,-0.11791666666666667,0.0006250000000000006,-0.00012500000000000358
mut_D99N,IHP,25,,-0.05375,-0.006666666666666665,-0.00012500000000000358
mut_D99N,IHP,26,,-0.11125,-0.0029166666666666664,-0.00012500000000000358
mut_D99N,IHP,27,,-0.08229166666666667,-0.000833333333333333,-0.00012500000000000358
mut_D99N,IHP,28,,-0.07229166666666667,-0.013541666666666667,-0.00012500000000000358
mut_D99N,IHP,29,,-0.07666666666666666,-0.012083333333333335,-0.00012500000000000358
mut_D99N,IHP,30,,-0.08604166666666667,-0.006666666666666668,-0.00012500000000000358
mut_D99N,IHP,31,,-0.07541666666666667,-0.00125,-0.00012500000000000358
mut_D99N,IHP,32,,-0.10895833333333334,-0.0037500000000000003,-0.00012500000000000358
mut_D99N,IHP,33,,-0.059583333333333335,-0.009583333333333333,-0.00012500000000000358
mut_D99N,IHP,34,,-0.0625,-0.009583333333333334,-0.00012500000000000358
mut_D99N,IHP,35,,-0.07833333333333334,0.0002083333333333336,-0.00012500000000000358
mut_D99N,IHP,36,,-0.074375,-0.0037500000000000007,-0.00012500000000000358
mut_D99N,IHP,37,,-0.08020833333333334,-0.010833333333333334,-0.00012500000000000358
mut_D99N,IHP,38,,-0.09833333333333334,-0.014166666666666668,-0.00012500000000000358
mut_D99N,IHP,39,,-0.094375,-0.012708333333333334,-0.00012500000000000358
mut_D99N,IHP,40,,-0.07333333333333333,0.00041666666666666664,-0.00012500000000000358
mut_D99N,IHP,41,,-0.03375,-0.001875,-0.00012500000000000358
mut_D99N,IHP,42,,-0.09395833333333334,-0.005416666666666666,-0.00012500000000000358
mut_D99N,IHP,43,,-0.09645833333333333,-0.0024999999999999996,-0.00012500000000000358
mut_D99N,IHP,44,,-0.07708333333333334,-0.0016666666666666668,-0.00012500000000000358
mut_D99N,IHP,45,,-0.13729166666666667,-0.007708333333333334,-0.00012500000000000358
mut_D99N,IHP,46,,-0.08020833333333334,-0.008125,-0.00012500000000000358
mut_D99N,IHP,47,,-0.08333333333333333,-0.005625000000000001,-0.00012500000000000358
mut_D99N,IHP,48,,-0.12562500000000001,-0.0033333333333333327,-0.00012500000000000358
mut_D99N,IHP,49,,-0.074375,-0.0020833333333333337,-0.00012500000000000358
mut_D99N,IHP,50,,-0.058125,-0.00020833333333333316,-0.00012500000000000358
mut_D99N,IHP,51,,-0.07520833333333334,-0.0045833333333333325,-0.00012500000000000358
mut_D99N,IHP,52,,-0.08958333333333333,0.001041666666666667,-0.00012500000000000358
mut_D99N,IHP,53,,-0.080625,-0.011875,-0.00012500000000000358
mut_D99N,IHP,54,,-0.0625,-0.004166666666666666,-0.00012500000000000358
mut_D99N,IHP,55,,-0.09145833333333334,-0.007083333333333334,-0.00012500000000000358
mut_D99N,IHP,56,,-0.0725,-0.008541666666666668,-0.00012500000000000358
mut_D99N,IHP,57,,-0.11104166666666666,-0.006458333333333335,-0.00012500000000000358
mut_D99N,IHP,58,,-0.064375,-0.003541666666666667,-0.00012500000000000358
mut_D99N,IHP,59,,-0.07916666666666666,-0.000833333333333333,-0.00012500000000000358
mut_D99N,IHP,60,,-0.11166666666666666,-0.016666666666666666,-0.00012500000000000358
mut_D99N,IHP,61,,-0.05375,-0.0031249999999999984,-0.00012500000000000358
mut_D99N,IHP,62,,-0.09041666666666667,-0.005624999999999999,-0.00012500000000000358
mut_D99N,IHP,63,,-0.11145833333333334,-0.010000000000000002,-0.00012500000000000358
mut_D99N,IHP,64,,-0.060833333333333336,-0.003958333333333334,-0.00012500000000000358
mut_D99N,IHP,65,,-0.09104166666666667,-0.0006249999999999998,-0.00012500000000000358
mut_D99N,IHP,66,,-0.11333333333333334,-0.001875,-0.00012500000000000358
mut_D99N,IHP,67,,-0.12208333333333334,-0.00875,-0.00012500000000000358
mut_D99N,IHP,68,,-0.08375,-0.005208333333333334,-0.00012500000000000358
mut_D99N,IHP,69,,-0.11458333333333333,-0.0024999999999999996,-0.00012500000000000358
mut_D99N,IHP,70,,-0.105625,-0.0029166666666666664,-0.00012500000000000358
mut_D99N,IHP,71,-0.44,-0.15,-0.00875,-0.00012500000000000358
mut_D99N,IHP,72,,-0.10770833333333334,-0.010416666666666668,-0.00012500000000000358
mut_D99N,IHP,73,,-0.09208333333333334,-0.002083333333333333,-0.00012500000000000358
mut_D99N,IHP,74,,-0.08541666666666667,-0.0004166666666666669,-0.00012500000000000358
mut_D99N,IHP,75,,-0.08958333333333333,-0.01145833333333333,-0.00012500000000000358
mut_D99N,IHP,76,,-0.06416666666666666,-0.0016666666666666672,-0.00012500000000000358
mut_D99N,IHP,77,,-0.11791666666666667,-0.0016666666666666674,-0.00012500000000000358
mut_D99N,IHP,78,,-0.10104166666666667,-0.004375,-0.00012500000000000358
mut_D99N,IHP,79,,-0.07854166666666666,-1.4456028966473392e-19,-0.00012500000000000358
mut_D99N,IHP,80,,-0.129375,-0.018333333333333333,-0.00012500000000000358
mut_D99N,IHP,81,,-0.041666666666666664,-0.011250000000000001,-0.00012500000000000358
mut_D99N,IHP,82,,-0.12833333333333333,-0.008125,-0.00012500000000000358
mut_D99N,IHP,83,,-0.10375,-0.007916666666666666,-0.00012500000000000358
mut_D99N,IHP,84,,-0.075,-0.012291666666666668,-0.00012500000000000358
mut_D99N,IHP,85,,-0.11270833333333334,-0.00625,-0.00012500000000000358
mut_D99N,IHP,86,,-0.06916666666666667,-0.0027083333333333334,-0.00012500000000000358
mut_D99N,IHP,87,,-0.129375,-0.009791666666666666,-0.00012500000000000358
mut_D99N,IHP,88,,-0.043541666666666666,-0.004583333333333333,-0.00012500000000000358
mut_D99N,IHP,89,,-0.09,-0.0014583333333333336,-0.00012500000000000358
mut_D99N,IHP,90,,-0.0625,-0.0029166666666666664,-0.00012500000000000358
mut_D99N,IHP,91,,-0.106875,-0.007083333333333333,-0.00012500000000000358
mut_D99N,IHP,92,,-0.098125,-0.004583333333333333,-0.00012500000000000358
mut_D99N,IHP,93,,-0.10291666666666667,-0.004583333333333333,-0.00012500000000000358
mut_D99N,IHP,94,,-0.12125,-0.0031249999999999997,-0.00012500000000000358
mut_D99N,IHP,95,,-0.096875,-0.008125,-0.00012500000000000358
mut_D99N,IHP,96,,-0.07125000000000001,-0.014583333333333334,-0.00012500000000000358
mut_D99N,IHP,97,,-0.07979166666666666,-0.011041666666666667,-0.00012500000000000358
mut_D99N,IHP,98,,-0.06916666666666667,-0.0125,-0.00012500000000000358
mut_D99N,IHP,99,,-0.0575,-0.004583333333333333,-0.00012500000000000358
mut_D99N,IHP,100,,-0.07020833333333333,-0.0018749999999999995,-0.00012500000000000358
AncMH_nat,2_3_BPG,1,-8.63,-0.146,-0.548,-0.33066666666666666
AncMH_nat,2_3_BPG,2,-8.7,-0.18666666666666668,-0.5133333333333333,-0.33066666666666666
AncMH_nat,2_3_BPG,3,-8.21,-0.16666666666666666,-0.49933333333333335,-0.33066666666666666
AncMH_nat,2_3_BPG,4,-8.49,-0.19,-0.496,-0.33066666666666666
AncMH_nat,2_3_BPG,5,-8.81,-0.14133333333333334,-0.5646666666666667,-0.33066666666666666
AncMH_nat,2_3_BPG,6,-8.96,-0.22333333333333333,-0.49333333333333335,-0.33066666666666666
AncMH_nat,2_3_BPG,7,-9.23,-0.246,-0.488,-0.33066666666666666
AncMH_nat,2_3_BPG,8,-8.45,-0.19999999999999998,-0.48333333333333334,-0.33066666666666666
AncMH_nat,2_3_BPG,9,-9.09,-0.208,-0.5186666666666666,-0.33066666666666666
AncMH_nat,2_3_BPG,10,-9.02,-0.21333333333333332,-0.5066666666666667,-0.33066666666666666
AncMH_nat,2_3_BPG,11,-9.25,-0.22933333333333333,-0.5066666666666667,-0.33066666666666666
AncMH_nat,2_3_BPG,12,-8.44,-0.19933333333333333,-0.48333333333333334,-0.33066666666666666
AncMH_nat,2_3_BPG,13,-8.47,-0.216,-0.4666666666666667,-0.33066666666666666
AncMH_nat,2_3_BPG,14,-8.88,-0.20133333333333334,-0.51,-0.33066666666666666
AncMH_nat,2_3_BPG,15,-9.12,-0.25066666666666665,-0.476,-0.33066666666666666
AncMH_nat,2_3_BPG,16,-9.06,-0.25,-0.4746666666666667,-0.33066666666666666
AncMH_nat,2_3_BPG,17,-8.45,-0.14466666666666667,-0.5393333333333333,-0.33066666666666666
AncMH_nat,2_3_BPG,18,-9.17,-0.22266666666666668,-0.5086666666666667,-0.33066666666666666
AncMH_nat,2_3_BPG,19,-9.24,-0.20133333333333334,-0.5333333333333333,-0.33066666666666666
AncMH_nat,2_3_BPG,20,-9.14,-0.226,-0.5026666666666667,-0.33066666666666666
AncMH_nat,2_3_BPG,21,-8.62,-0.18133333333333332,-0.5133333333333333,-0.33066666666666666
AncMH_nat,2_3_BPG,22,-9.28,-0.26066666666666666,-0.47733333333333333,-0.33066666666666666
AncMH_nat,2_3_BPG,23,-8.6,-0.16533333333333333,-0.5286666666666666,-0.33066666666666666
AncMH_nat,2_3_BPG,24,-8.74,-0.172,-0.53,-0.33066666666666666
AncMH_nat,2_3_BPG,25,-9.21,-0.226,-0.5066666666666667,-0.33066666666666666
AncMH_nat,2_3_BPG,26,-8.84,-0.154,-0.554,-0.33066666666666666
AncMH_nat,2_3_BPG,27,-8.47,-0.164,-0.52,-0.33066666666666666
AncMH_nat,2_3_BPG,28,-9.15,-0.24133333333333334,-0.48933333333333334,-0.33066666666666666
AncMH_nat,2_3_BPG,29,-8.26,-0.19,-0.4806666666666667,-0.33066666666666666
AncMH_nat,2_3_BPG,30,-9.32,-0.24133333333333334,-0.498,-0.33066666666666666
AncMH_nat,2_3_BPG,31,-9.32,-0.224,-0.5186666666666667,-0.33066666666666666
AncMH_nat,2_3_BPG,32,-8.99,-0.204,-0.5146666666666666,-0.33066666666666666
AncMH_nat,2_3_BPG,33,-9.22,-0.21666666666666667,-0.5173333333333333,-0.33066666666666666
AncMH_nat,2_3_BPG,34,-9.2,-0.20866666666666667,-0.5246666666666667,-0.33066666666666666
AncMH_nat,2_3_BPG,35,-8.88,-0.21,-0.5033333333333333,-0.33066666666666666
AncMH_nat,2_3_BPG,36,-8.37,-0.16733333333333333,-0.5113333333333333,-0.33066666666666666
AncMH_nat,2_3_BPG,37,-9.37,-0.22933333333333333,-0.5153333333333333,-0.33066666666666666
AncMH_nat,2_3_BPG,38,-8.54,-0.18666666666666668,-0.5006666666666667,-0.33066666666666666
AncMH_nat,2_3_BPG,39,-9.31,-0.214,-0.526,-0.33066666666666666
AncMH_nat,2_3_BPG,40,-8.77,-0.18733333333333332,-0.516,-0.33066666666666666
AncMH_nat,2_3_BPG,41,-9.31,-0.22466666666666668,-0.5146666666666667,-0.33066666666666666
AncMH_nat,2_3_BPG,42,-9.23,-0.24733333333333335,-0.488,-0.33066666666666666
AncMH_nat,2_3_BPG,43,-9.0,-0.20666666666666667,-0.5133333333333333,-0.33066666666666666
AncMH_nat,2_3_BPG,44,-9.3,-0.24333333333333335,-0.498,-0.33066666666666666
AncMH_nat,2_3_BPG,45,-8.97,-0.22133333333333333,-0.494,-0.33066666666666666
AncMH_nat,2_3_BPG,46,-9.37,-0.22466666666666668,-0.5173333333333333,-0.33066666666666666
AncMH_nat,2_3_BPG,47,-9.31,-0.2306666666666667,-0.5093333333333333,-0.33066666666666666
AncMH_nat,2_3_BPG,48,-8.93,-0.20666666666666667,-0.5086666666666667,-0.33066666666666666
AncMH_nat,2_3_BPG,49,-8.91,-0.21066666666666667,-0.5026666666666667,-0.33066666666666666
AncMH_nat,2_3_BPG,50,-8.88,-0.24466666666666667,-0.4673333333333333,-0.33066666666666666
AncMH_nat,2_3_BPG,51,-8.7,-0.18666666666666668,-0.5126666666666667,-0.33066666666666666
AncMH_nat,2_3_BPG,52,-9.35,-0.22266666666666668,-0.5193333333333333,-0.33066666666666666
AncMH_nat,2_3_BPG,53,-8.48,-0.18466666666666667,-0.49933333333333335,-0.33066666666666666
AncMH_nat,2_3_BPG,54,-9.42,-0.23,-0.516,-0.33066666666666666
AncMH_nat,2_3_BPG,55,-8.26,-0.146,-0.5233333333333333,-0.33066666666666666
AncMH_nat,2_3_BPG,56,-8.72,-0.18266666666666667,-0.5173333333333333,-0.33066666666666666
AncMH_nat,2_3_BPG,57,-8.56,-0.18333333333333332,-0.506,-0.33066666666666666
AncMH_nat,2_3_BPG,58,-9.34,-0.24733333333333335,-0.496,-0.33066666666666666
AncMH_nat,2_3_BPG,59,-8.23,-0.16333333333333333,-0.506,-0.33066666666666666
AncMH_nat,2_3_BPG,60,-9.22,-0.23466666666666666,-0.5,-0.33066666666666666
AncMH_nat,2_3_BPG,61,-9.07,-0.24066666666666667,-0.48533333333333334,-0.33066666666666666
AncMH_nat,2_3_BPG,62,-8.3,-0.134,-0.5386666666666666,-0.33066666666666666
AncMH_nat,2_3_BPG,63,-8.88,-0.17266666666666666,-0.5393333333333333,-0.33066666666666666
AncMH_nat,2_3_BPG,64,-8.75,-0.21,-0.4933333333333333,-0.33066666666666666
AncMH_nat,2_3_BPG,65,-8.86,-0.198,-0.5126666666666667,-0.33066666666666666
AncMH_nat,2_3_BPG,66,-9.31,-0.23333333333333334,-0.506,-0.33066666666666666
AncMH_nat,2_3_BPG,67,-8.4,-0.15466666666666667,-0.5233333333333333,-0.33066666666666666
AncMH_nat,2_3_BPG,68,-8.67,-0.148,-0.5473333333333333,-0.33066666666666666
AncMH_nat,2_3_BPG,69,-8.59,-0.17533333333333334,-0.5153333333333333,-0.33066666666666666
AncMH_nat,2_3_BPG,70,-8.95,-0.22333333333333333,-0.492,-0.33066666666666666
AncMH_nat,2_3_BPG,71,-8.54,-0.13666666666666666,-0.5513333333333333,-0.33066666666666666
AncMH_nat,2_3_BPG,72,-8.85,-0.20133333333333334,-0.5093333333333333,-0.33066666666666666
AncMH_nat,2_3_BPG,73,-9.36,-0.24533333333333332,-0.4993333333333333,-0.33066666666666666
AncMH_nat,2_3_BPG,74,-8.8,-0.13666666666666666,-0.5693333333333334,-0.33066666666666666
AncMH_nat,2_3_BPG,75,-8.75,-0.19133333333333333,-0.5113333333333333,-0.33066666666666666
AncMH_nat,2_3_BPG,76,-9.39,-0.23266666666666666,-0.514,-0.33066666666666666
AncMH_nat,2_3_BPG,77,-8.43,-0.16733333333333333,-0.516,-0.33066666666666666
AncMH_nat,2_3_BPG,78,-9.1,-0.22133333333333333,-0.5053333333333333,-0.33066666666666666
AncMH_nat,2_3_BPG,79,-8.88,-0.138,-0.574,-0.33066666666666666
AncMH_nat,2_3_BPG,80,-9.0,-0.20466666666666666,-0.5133333333333333,-0.33066666666666666
AncMH_nat,2_3_BPG,81,-9.19,-0.23933333333333334,-0.49266666666666664,-0.33066666666666666
AncMH_nat,2_3_BPG,82,-9.25,-0.24466666666666667,-0.49066666666666664,-0.33066666666666666
AncMH_nat,2_3_BPG,83,-8.39,-0.164,-0.514,-0.33066666666666666
AncMH_nat,2_3_BPG,84,-8.61,-0.18466666666666667,-0.5086666666666667,-0.33066666666666666
AncMH_nat,2_3_BPG,85,-8.57,-0.19133333333333333,-0.49866666666666665,-0.33066666666666666
AncMH_nat,2_3_BPG,86,-8.97,-0.20533333333333334,-0.5133333333333333,-0.33066666666666666
AncMH_nat,2_3_BPG,87,-9.07,-0.192,-0.5333333333333333,-0.33066666666666666
AncMH_nat,2_3_BPG,88,-9.14,-0.248,-0.48133333333333334,-0.33066666666666666
AncMH_nat,2_3_BPG,89,-8.66,-0.19733333333333333,-0.49933333333333335,-0.33066666666666666
AncMH_nat,2_3_BPG,90,-9.22,-0.22066666666666668,-0.514,-0.33066666666666666
AncMH_nat,2_3_BPG,91,-8.91,-0.22066666666666668,-0.492,-0.33066666666666666
AncMH_nat,2_3_BPG,92,-9.27,-0.24933333333333332,-0.48866666666666664,-0.33066666666666666
AncMH_nat,2_3_BPG,93,-8.83,-0.19133333333333333,-0.5153333333333333,-0.33066666666666666
AncMH_nat,2_3_BPG,94,-9.0,-0.18933333333333333,-0.5286666666666666,-0.33066666666666666
AncMH_nat,2_3_BPG,95,-8.75,-0.17733333333333334,-0.5273333333333333,-0.33066666666666666
AncMH_nat,2_3_BPG,96,-9.47,-0.24266666666666667,-0.5086666666666667,-0.33066666666666666
AncMH_nat,2_3_BPG,97,-8.37,-0.15466666666666667,-0.522,-0.33066666666666666
AncMH_nat,2_3_BPG,98,-9.26,-0.222,-0.514,-0.33066666666666666
AncMH_nat,2_3_BPG,99,-9.37,-0.22933333333333333,-0.5126666666666667,-0.33066666666666666
AncMH_nat,2_3_BPG,100,-9.32,-0.22133333333333333,-0.5206666666666667,-0.33066666666666666
AncMH_nat,heme,1,-4.64,-0.15166666666666667,-0.00648148148148148,-3.7037037037035065e-05
AncMH_nat,heme,2,-3.74,-0.12722222222222224,-0.013148148148148148,-3.7037037037035065e-05
AncMH_nat,heme,3,-4.93,-0.15666666666666668,-0.005925925925925926,-3.7037037037035065e-05
AncMH_nat,heme,4,-4.55,-0.14185185185185184,-0.014074074074074074,-3.7037037037035065e-05
AncMH_nat,heme,5,-2.93,-0.11944444444444445,-0.007037037037037039,-3.7037037037035065e-05
AncMH_nat,heme,6,-4.32,-0.1474074074074074,-0.0044444444444444444,-3.7037037037035065e-05
AncMH_nat,heme,7,-3.65,-0.13092592592592592,-0.007962962962962963,-3.7037037037035065e-05
AncMH_nat,heme,8,-5.15,-0.1448148148148148,-0.022592592592592595,-3.7037037037035065e-05
AncMH_nat,heme,9,-3.69,-0.13166666666666665,-0.008703703703703703,-3.7037037037035065e-05
AncMH_nat,heme,10,-4.82,-0.1527777777777778,-0.00814814814814815,-3.7037037037035065e-05
AncMH_nat,heme,11,-5.21,-0.1524074074074074,-0.01611111111111111,-3.7037037037035065e-05
AncMH_nat,heme,12,-4.51,-0.1514814814814815,-0.0044444444444444444,-3.7037037037035065e-05
AncMH_nat,heme,13,-3.65,-0.13685185185185186,-0.0027777777777777783,-3.7037037037035065e-05
AncMH_nat,heme,14,-6.13,-0.17777777777777778,-0.007222222222222222,-3.7037037037035065e-05
AncMH_nat,heme,15,-5.17,-0.14814814814814814,-0.020925925925925924,-3.7037037037035065e-05
AncMH_nat,heme,16,-5.22,-0.16592592592592592,-0.0024074074074074067,-3.7037037037035065e-05
AncMH_nat,heme,17,-6.12,-0.17444444444444446,-0.010555555555555558,-3.7037037037035065e-05
AncMH_nat,heme,18,-3.69,-0.13314814814814815,-0.00814814814814815,-3.7037037037035065e-05
AncMH_nat,heme,19,-5.69,-0.16648148148148148,-0.009629629629629629,-3.7037037037035065e-05
AncMH_nat,heme,20,-3.13,-0.1275925925925926,-0.002962962962962962,-3.7037037037035065e-05
AncMH_nat,heme,21,-5.97,-0.16518518518518518,-0.01648148148148148,-3.7037037037035065e-05
AncMH_nat,heme,22,-2.87,-0.12537037037037038,-0.00037037037037037073,-3.7037037037035065e-05
AncMH_nat,heme,23,-4.73,-0.14222222222222222,-0.017037037037037038,-3.7037037037035065e-05
AncMH_nat,heme,24,-4.69,-0.15648148148148147,-0.0027777777777777775,-3.7037037037035065e-05
AncMH_nat,heme,25,-3.13,-0.12537037037037038,-0.00425925925925926,-3.7037037037035065e-05
AncMH_nat,heme,26,-5.57,-0.16055555555555556,-0.01388888888888889,-3.7037037037035065e-05
AncMH_nat,heme,27,-3.44,-0.1322222222222222,-0.0035185185185185185,-3.7037037037035065e-05
AncMH_nat,heme,28,-3.19,-0.12962962962962962,-0.0003703703703703705,-3.7037037037035065e-05
AncMH_nat,heme,29,-5.86,-0.16666666666666666,-0.013703703703703704,-3.7037037037035065e-05
AncMH_nat,heme,30,-4.61,-0.15648148148148147,-0.0009259259259259264,-3.7037037037035065e-05
AncMH_nat,heme,31,-4.64,-0.15537037037037038,-0.0024074074074074076,-3.7037037037035065e-05
AncMH_nat,heme,32,-4.57,-0.14277777777777778,-0.013148148148148148,-3.7037037037035065e-05
AncMH_nat,heme,33,-5.33,-0.16240740740740742,-0.007962962962962963,-3.7037037037035065e-05
AncMH_nat,heme,34,-5.54,-0.15851851851851853,-0.015555555555555555,-3.7037037037035065e-05
AncMH_nat,heme,35,-3.04,-0.12277777777777778,-0.004814814814814814,-3.7037037037035065e-05
AncMH_nat,heme,36,-3.61,-0.13203703703703704,-0.007407407407407408,-3.7037037037035065e-05
AncMH_nat,heme,37,-3.05,-0.125,-0.002222222222222222,-3.7037037037035065e-05
AncMH_nat,heme,38,-3.49,-0.12555555555555556,-0.010555555555555556,-3.7037037037035065e-05
AncMH_nat,heme,39,-6.1,-0.16240740740740742,-0.021666666666666667,-3.7037037037035065e-05
AncMH_nat,heme,40,-4.88,-0.15444444444444444,-0.006851851851851851,-3.7037037037035065e-05
AncMH_nat,heme,41,-6.35,-0.17148148148148148,-0.018333333333333333,-3.7037037037035065e-05
AncMH_nat,heme,42,-6.53,-0.18259259259259258,-0.010185185185185186,-3.7037037037035065e-05
AncMH_nat,heme,43,-3.84,-0.12777777777777777,-0.01574074074074074,-3.7037037037035065e-05
AncMH_nat,heme,44,-4.3,-0.1438888888888889,-0.007962962962962965,-3.7037037037035065e-05
AncMH_nat,heme,45,-3.27,-0.12185185185185185,-0.01,-3.7037037037035065e-05
AncMH_nat,heme,46,-5.89,-0.16166666666666668,-0.018518518518518517,-3.7037037037035065e-05
AncMH_nat,heme,47,-3.8,-0.1348148148148148,-0.006296296296296297,-3.7037037037035065e-05
AncMH_nat,heme,48,-5.25,-0.16777777777777778,-0.0018518518518518521,-3.7037037037035065e-05
AncMH_nat,heme,49,-4.1,-0.13870370370370372,-0.010555555555555556,-3.7037037037035065e-05
AncMH_nat,heme,50,-5.97,-0.1751851851851852,-0.007777777777777778,-3.7037037037035065e-05
AncMH_nat,heme,51,-5.03,-0.14703703703703705,-0.01814814814814815,-3.7037037037035065e-05
AncMH_nat,heme,52,-3.89,-0.13611111111111113,-0.00814814814814815,-3.7037037037035065e-05
AncMH_nat,heme,53,-5.74,-0.15962962962962962,-0.01814814814814815,-3.7037037037035065e-05
AncMH_nat,heme,54,-5.52,-0.15333333333333335,-0.02037037037037037,-3.7037037037035065e-05
AncMH_nat,heme,55,-5.52,-0.15425925925925926,-0.019444444444444445,-3.7037037037035065e-05
AncMH_nat,heme,56,-4.44,-0.1464814814814815,-0.007222222222222222,-3.7037037037035065e-05
AncMH_nat,heme,57,-4.3,-0.14407407407407408,-0.006666666666666667,-3.7037037037035065e-05
AncMH_nat,heme,58,-4.65,-0.14574074074074075,-0.011851851851851853,-3.7037037037035065e-05
AncMH_nat,heme,59,-3.82,-0.13203703703703704,-0.010185185185185184,-3.7037037037035065e-05
AncMH_nat,heme,60,-5.33,-0.16277777777777777,-0.00814814814814815,-3.7037037037035065e-05
AncMH_nat,heme,61,-6.08,-0.17925925925925926,-0.004814814814814815,-3.7037037037035065e-05
AncMH_nat,heme,62,-5.37,-0.16425925925925927,-0.006481481481481482,-3.7037037037035065e-05
AncMH_nat,heme,63,-6.9,-0.18592592592592594,-0.014074074074074074,-3.7037037037035065e-05
AncMH_nat,heme,64,-3.61,-0.1303703703703704,-0.008703703703703703,-3.7037037037035065e-05
AncMH_nat,heme,65,-4.29,-0.14074074074074075,-0.010740740740740742,-3.7037037037035065e-05
AncMH_nat,heme,66,-3.11,-0.12907407407407406,-0.0007407407407407407,-3.7037037037035065e-05
AncMH_nat,heme,67,-4.44,-0.13907407407407407,-0.015555555555555557,-3.7037037037035065e-05
AncMH_nat,heme,68,-3.91,-0.1424074074074074,-0.002037037037037037,-3.7037037037035065e-05
AncMH_nat,heme,69,-6.16,-0.17,-0.0162962962962963,-3.7037037037035065e-05
AncMH_nat,heme,70,-3.43,-0.13111111111111112,-0.004074074074074074,-3.7037037037035065e-05
AncMH_nat,heme,71,-4.2,-0.1425925925925926,-0.005740740740740741,-3.7037037037035065e-05
AncMH_nat,heme,72,-3.48,-0.1325925925925926,-0.004444444444444445,-3.7037037037035065e-05
AncMH_nat,heme,73,-3.44,-0.12962962962962962,-0.006296296296296296,-3.7037037037035065e-05
AncMH_nat,heme,74,-2.86,-0.12240740740740741,-0.0018518518518518521,-3.7037037037035065e-05
AncMH_nat,heme,75,-4.05,-0.14055555555555554,-0.006296296296296296,-3.7037037037035065e-05
AncMH_nat,heme,76,-3.74,-0.13666666666666666,-0.004259259259259258,-3.7037037037035065e-05
AncMH_nat,heme,77,-5.34,-0.16462962962962963,-0.0059259259259259265,-3.7037037037035065e-05
AncMH_nat,heme,78,-3.34,-0.13537037037037036,0.0012962962962962963,-3.7037037037035065e-05
AncMH_nat,heme,79,-3.22,-0.11907407407407408,-0.012222222222222221,-3.7037037037035065e-05
AncMH_nat,heme,80,-4.62,-0.14685185185185184,-0.01037037037037037,-3.7037037037035065e-05
AncMH_nat,heme,81,-2.65,-0.12185185185185185,0.0011111111111111105,-3.7037037037035065e-05
AncMH_nat,heme,82,-1.96,-0.1075925925925926,-0.0005555555555555561,-3.7037037037035065e-05
AncMH_nat,heme,83,-6.09,-0.15611111111111112,-0.028333333333333335,-3.7037037037035065e-05
AncMH_nat,heme,84,-4.47,-0.15314814814814814,-0.0009259259259259256,-3.7037037037035065e-05
AncMH_nat,heme,85,-5.01,-0.1514814814814815,-0.013518518518518518,-3.7037037037035065e-05
AncMH_nat,heme,86,-5.11,-0.15814814814814815,-0.008148148148148147,-3.7037037037035065e-05
AncMH_nat,heme,87,-3.62,-0.1238888888888889,-0.01537037037037037,-3.7037037037035065e-05
AncMH_nat,heme,88,-6.23,-0.1725925925925926,-0.013703703703703702,-3.7037037037035065e-05
AncMH_nat,heme,89,-3.37,-0.1312962962962963,-0.0012962962962962967,-3.7037037037035065e-05
AncMH_nat,heme,90,-6.03,-0.17037037037037037,-0.01296296296296296,-3.7037037037035065e-05
AncMH_nat,heme,91,-5.0,-0.16203703703703703,-0.0025925925925925917,-3.7037037037035065e-05
AncMH_nat,heme,92,-3.73,-0.1374074074074074,-0.0035185185185185185,-3.7037037037035065e-05
AncMH_nat,heme,93,-6.72,-0.17462962962962963,-0.0212962962962963,-3.7037037037035065e-05
AncMH_nat,heme,94,-4.11,-0.1412962962962963,-0.007222222222222222,-3.7037037037035065e-05
AncMH_nat,heme,95,-3.89,-0.1322222222222222,-0.012037037037037039,-3.7037037037035065e-05
AncMH_nat,heme,96,-5.66,-0.17148148148148148,-0.004629629629629629,-3.7037037037035065e-05
AncMH_nat,heme,97,-6.03,-0.165,-0.018333333333333333,-3.7037037037035065e-05
AncMH_nat,heme,98,-5.44,-0.16870370370370372,-0.003518518518518519,-3.7037037037035065e-05
AncMH_nat,heme,99,-3.78,-0.13518518518518519,-0.00648148148148148,-3.7037037037035065e-05
AncMH_nat,heme,100,-2.73,-0.11648148148148148,-0.0062962962962962955,-3.7037037037035065e-05
AncMH_nat,heme_Co,1,-5.22,-0.13833333333333334,-0.04479166666666667,-0.04170833333333333
AncMH_nat,heme_Co,2,-4.57,-0.13125,-0.03895833333333334,-0.04170833333333333
AncMH_nat,heme_Co,3,-2.98,-0.14395833333333333,0.007291666666666667,-0.04170833333333333
AncMH_nat,heme_Co,4,-2.73,-0.08895833333333333,-0.0425,-0.04170833333333333
AncMH_nat,heme_Co,5,-3.82,-0.13416666666666666,-0.02,-0.04170833333333333
AncMH_nat,heme_Co,6,-6.05,-0.13916666666666666,-0.06145833333333334,-0.04170833333333333
AncMH_nat,heme_Co,7,-4.11,-0.11395833333333334,-0.04708333333333333,-0.04170833333333333
AncMH_nat,heme_Co,8,-4.08,-0.11104166666666666,-0.04833333333333333,-0.04170833333333333
AncMH_nat,heme_Co,9,-6.31,-0.15229166666666666,-0.05375,-0.04170833333333333
AncMH_nat,heme_Co,10,-6.38,-0.15020833333333333,-0.058124999999999996,-0.04170833333333333
AncMH_nat,heme_Co,11,-6.27,-0.146875,-0.057708333333333334,-0.04170833333333333
AncMH_nat,heme_Co,12,-7.57,-0.21354166666666666,-0.018958333333333334,-0.04170833333333333
AncMH_nat,heme_Co,13,-4.46,-0.13666666666666666,-0.031041666666666665,-0.04170833333333333
AncMH_nat,heme_Co,14,-6.42,-0.1675,-0.042083333333333334,-0.04170833333333333
AncMH_nat,heme_Co,15,-5.67,-0.12645833333333334,-0.06625,-0.04170833333333333
AncMH_nat,heme_Co,16,-5.13,-0.15583333333333332,-0.025625,-0.04170833333333333
AncMH_nat,heme_Co,17,-5.71,-0.13416666666666666,-0.059166666666666666,-0.04170833333333333
AncMH_nat,heme_Co,18,-4.79,-0.08916666666666667,-0.085625,-0.04170833333333333
AncMH_nat,heme_Co,19,-5.49,-0.106875,-0.083125,-0.04170833333333333
AncMH_nat,heme_Co,20,-5.22,-0.12333333333333334,-0.05979166666666667,-0.04170833333333333
AncMH_nat,heme_Co,21,-5.3,-0.145,-0.04020833333333334,-0.04170833333333333
AncMH_nat,heme_Co,22,-6.52,-0.14520833333333333,-0.06541666666666666,-0.04170833333333333
AncMH_nat,heme_Co,23,-5.31,-0.10020833333333333,-0.08458333333333333,-0.04170833333333333
AncMH_nat,heme_Co,24,-6.36,-0.14208333333333334,-0.06541666666666666,-0.04170833333333333
AncMH_nat,heme_Co,25,-3.44,-0.116875,-0.02916666666666667,-0.04170833333333333
AncMH_nat,heme_Co,26,-8.93,-0.19104166666666667,-0.069375,-0.04170833333333333
AncMH_nat,heme_Co,27,-8.83,-0.18145833333333333,-0.07666666666666666,-0.04170833333333333
AncMH_nat,heme_Co,28,-8.72,-0.205,-0.051666666666666666,-0.04170833333333333
AncMH_nat,heme_Co,29,-5.34,-0.100625,-0.084375,-0.04170833333333333
AncMH_nat,heme_Co,30,-4.58,-0.13229166666666667,-0.03791666666666667,-0.04170833333333333
AncMH_nat,heme_Co,31,-5.52,-0.149375,-0.03979166666666667,-0.04170833333333333
AncMH_nat,heme_Co,32,-5.95,-0.12979166666666667,-0.06791666666666667,-0.04170833333333333
AncMH_nat,heme_Co,33,-7.78,-0.21,-0.02625,-0.04170833333333333
AncMH_nat,heme_Co,34,-5.6,-0.144375,-0.04666666666666667,-0.04170833333333333
AncMH_nat,heme_Co,35,-5.82,-0.13104166666666667,-0.06520833333333334,-0.04170833333333333
AncMH_nat,heme_Co,36,-4.53,-0.13791666666666666,-0.030416666666666668,-0.04170833333333333
AncMH_nat,heme_Co,37,-8.26,-0.18270833333333333,-0.064375,-0.04170833333333333
AncMH_nat,heme_Co,38,-3.21,-0.103125,-0.03916666666666666,-0.04170833333333333
AncMH_nat,heme_Co,39,-6.2,-0.13770833333333335,-0.06666666666666667,-0.04170833333333333
AncMH_nat,heme_Co,40,-4.66,-0.13375,-0.039375,-0.04170833333333333
AncMH_nat,heme_Co,41,-5.62,-0.128125,-0.06395833333333334,-0.04170833333333333
AncMH_nat,heme_Co,42,-3.64,-0.121875,-0.028749999999999998,-0.04170833333333333
AncMH_nat,heme_Co,43,-4.4,-0.09270833333333334,-0.073125,-0.04170833333333333
AncMH_nat,heme_Co,44,-6.6,-0.164375,-0.04875,-0.04170833333333333
AncMH_nat,heme_Co,45,-5.8,-0.13291666666666668,-0.06333333333333332,-0.04170833333333333
AncMH_nat,heme_Co,46,-3.24,-0.15145833333333333,0.009583333333333333,-0.04170833333333333
AncMH_nat,heme_Co,47,-6.07,-0.13395833333333335,-0.06729166666666667,-0.04170833333333333
AncMH_nat,heme_Co,48,-5.18,-0.11166666666666666,-0.070625,-0.04170833333333333
AncMH_nat,heme_Co,49,-2.87,-0.11833333333333333,-0.016458333333333335,-0.04170833333333333
AncMH_nat,heme_Co,50,-6.8,-0.155,-0.06166666666666667,-0.04170833333333333
AncMH_nat,heme_Co,51,-3.35,-0.12166666666666667,-0.02375,-0.04170833333333333
AncMH_nat,heme_Co,52,-4.48,-0.12895833333333334,-0.03875,-0.04170833333333333
AncMH_nat,heme_Co,53,-2.86,-0.13270833333333334,-0.0016666666666666668,-0.04170833333333333
AncMH_nat,heme_Co,54,-5.75,-0.14229166666666668,-0.05270833333333333,-0.04170833333333333
AncMH_nat,heme_Co,55,-6.02,-0.14645833333333333,-0.05395833333333333,-0.04170833333333333
AncMH_nat,heme_Co,56,-5.92,-0.135,-0.06229166666666667,-0.04170833333333333
AncMH_nat,heme_Co,57,-5.86,-0.14729166666666668,-0.04958333333333333,-0.04170833333333333
AncMH_nat,heme_Co,58,-4.15,-0.13083333333333333,-0.03125,-0.04170833333333333
AncMH_nat,heme_Co,59,-5.7,-0.11708333333333333,-0.07583333333333334,-0.04170833333333333
AncMH_nat,heme_Co,60,-3.01,-0.14479166666666668,0.007083333333333333,-0.04170833333333333
AncMH_nat,heme_Co,61,-5.36,-0.119375,-0.06604166666666667,-0.04170833333333333
AncMH_nat,heme_Co,62,-5.41,-0.12166666666666666,-0.06625,-0.04170833333333333
AncMH_nat,heme_Co,63,-3.6,-0.15833333333333333,0.008541666666666666,-0.04170833333333333
AncMH_nat,heme_Co,64,-4.22,-0.12583333333333332,-0.03666666666666667,-0.04170833333333333
AncMH_nat,heme_Co,65,-5.45,-0.12583333333333332,-0.0625,-0.04170833333333333
AncMH_nat,heme_Co,66,-4.9,-0.1375,-0.038125,-0.04170833333333333
AncMH_nat,heme_Co,67,-4.45,-0.1225,-0.045208333333333336,-0.04170833333333333
AncMH_nat,heme_Co,68,-5.69,-0.145625,-0.048125,-0.04170833333333333
AncMH_nat,heme_Co,69,-5.86,-0.15229166666666666,-0.045000000000000005,-0.04170833333333333
AncMH_nat,heme_Co,70,-4.87,-0.09895833333333333,-0.07645833333333334,-0.04170833333333333
AncMH_nat,heme_Co,71,-4.38,-0.11395833333333334,-0.05270833333333333,-0.04170833333333333
AncMH_nat,heme_Co,72,-3.81,-0.12291666666666667,-0.030833333333333334,-0.04170833333333333
AncMH_nat,heme_Co,73,-5.74,-0.14520833333333333,-0.04958333333333333,-0.04170833333333333
AncMH_nat,heme_Co,74,-6.0,-0.134375,-0.06479166666666666,-0.04170833333333333
AncMH_nat,heme_Co,75,-3.73,-0.15104166666666666,-0.001875,-0.04170833333333333
AncMH_nat,heme_Co,76,-6.24,-0.14041666666666666,-0.064375,-0.04170833333333333
AncMH_nat,heme_Co,77,-5.46,-0.12770833333333334,-0.06145833333333333,-0.04170833333333333
AncMH_nat,heme_Co,78,-3.71,-0.10375,-0.048124999999999994,-0.04170833333333333
AncMH_nat,heme_Co,79,-5.01,-0.12020833333333333,-0.058333333333333334,-0.04170833333333333
AncMH_nat,heme_Co,80,-2.24,-0.12833333333333333,0.006666666666666667,-0.04170833333333333
AncMH_nat,heme_Co,81,-5.4,-0.12625,-0.06083333333333333,-0.04170833333333333
AncMH_nat,heme_Co,82,-4.08,-0.11854166666666667,-0.04020833333333333,-0.04170833333333333
AncMH_nat,heme_Co,83,-4.69,-0.10645833333333334,-0.065625,-0.04170833333333333
AncMH_nat,heme_Co,84,-3.18,-0.11270833333333334,-0.026874999999999996,-0.04170833333333333
AncMH_nat,heme_Co,85,-2.6,-0.13583333333333333,0.006458333333333333,-0.04170833333333333
AncMH_nat,heme_Co,86,-6.55,-0.13125,-0.08020833333333334,-0.04170833333333333
AncMH_nat,heme_Co,87,-5.44,-0.1425,-0.04520833333333333,-0.04170833333333333
AncMH_nat,heme_Co,88,-6.2,-0.14291666666666666,-0.06041666666666667,-0.04170833333333333
AncMH_nat,heme_Co,89,-4.94,-0.12125,-0.056666666666666664,-0.04170833333333333
AncMH_nat,heme_Co,90,-5.65,-0.14291666666666666,-0.04895833333333333,-0.04170833333333333
AncMH_nat,heme_Co,91,-4.4,-0.09604166666666666,-0.07145833333333333,-0.04170833333333333
AncMH_nat,heme_Co,92,-4.45,-0.11416666666666667,-0.05333333333333333,-0.04170833333333333
AncMH_nat,heme_Co,93,-5.98,-0.138125,-0.06041666666666666,-0.04170833333333333
AncMH_nat,heme_Co,94,-5.98,-0.12895833333333334,-0.06958333333333333,-0.04170833333333333
AncMH_nat,heme_Co,95,-3.31,-0.08895833333333333,-0.05479166666666666,-0.04170833333333333
AncMH_nat,heme_Co,96,-6.07,-0.139375,-0.060833333333333336,-0.04170833333333333
AncMH_nat,heme_Co,97,-5.09,-0.11708333333333333,-0.06375,-0.04170833333333333
AncMH_nat,heme_Co,98,-5.37,-0.12354166666666667,-0.06270833333333334,-0.04170833333333333
AncMH_nat,heme_Co,99,-4.33,-0.100625,-0.064375,-0.04170833333333333
AncMH_nat,heme_Co,100,-4.39,-0.11166666666666666,-0.055,-0.04170833333333333
AncMH_nat,heme_Fe,1,-10.83,-0.22955555555555557,-0.07622222222222222,-0.04448888888888889
AncMH_nat,heme_Fe,2,-10.26,-0.21666666666666667,-0.07844444444444444,-0.04448888888888889
AncMH_nat,heme_Fe,3,-9.74,-0.21466666666666667,-0.06822222222222223,-0.04448888888888889
AncMH_nat,heme_Fe,4,-12.03,-0.2637777777777778,-0.06822222222222223,-0.04448888888888889
AncMH_nat,heme_Fe,5,-10.92,-0.23577777777777778,-0.07444444444444444,-0.04448888888888889
AncMH_nat,heme_Fe,6,-9.44,-0.2771111111111111,0.0017777777777777779,-0.04448888888888889
AncMH_nat,heme_Fe,7,-10.81,-0.22844444444444445,-0.07733333333333334,-0.04448888888888889
AncMH_nat,heme_Fe,8,-9.96,-0.20822222222222223,-0.08,-0.04448888888888889
AncMH_nat,heme_Fe,9,-9.74,-0.20333333333333334,-0.08022222222222222,-0.04448888888888889
AncMH_nat,heme_Fe,10,-10.8,-0.22577777777777777,-0.08,-0.04448888888888889
AncMH_nat,heme_Fe,11,-11.66,-0.26155555555555554,-0.06333333333333332,-0.04448888888888889
AncMH_nat,heme_Fe,12,-10.25,-0.214,-0.07977777777777778,-0.04448888888888889
AncMH_nat,heme_Fe,13,-11.21,-0.234,-0.08177777777777778,-0.04448888888888889
AncMH_nat,heme_Fe,14,-9.88,-0.20155555555555554,-0.08511111111111111,-0.04448888888888889
AncMH_nat,heme_Fe,15,-9.84,-0.2228888888888889,-0.06244444444444444,-0.04448888888888889
AncMH_nat,heme_Fe,16,-12.48,-0.2762222222222222,-0.06844444444444445,-0.04448888888888889
AncMH_nat,heme_Fe,17,-10.25,-0.21866666666666668,-0.07622222222222222,-0.04448888888888889
AncMH_nat,heme_Fe,18,-10.8,-0.2268888888888889,-0.07977777777777778,-0.04448888888888889
AncMH_nat,heme_Fe,19,-9.6,-0.20844444444444443,-0.07133333333333333,-0.04448888888888889
AncMH_nat,heme_Fe,20,-10.66,-0.2248888888888889,-0.07866666666666668,-0.04448888888888889
AncMH_nat,heme_Fe,21,-10.51,-0.21422222222222223,-0.08555555555555555,-0.04448888888888889
AncMH_nat,heme_Fe,22,-10.22,-0.21977777777777777,-0.07377777777777778,-0.04448888888888889
AncMH_nat,heme_Fe,23,-10.87,-0.22222222222222224,-0.08511111111111111,-0.04448888888888889
AncMH_nat,heme_Fe,24,-12.6,-0.2797777777777778,-0.06555555555555555,-0.04448888888888889
AncMH_nat,heme_Fe,25,-10.35,-0.22088888888888888,-0.07577777777777778,-0.04448888888888889
AncMH_nat,heme_Fe,26,-6.88,-0.16422222222222221,-0.05511111111111111,-0.04448888888888889
AncMH_nat,heme_Fe,27,-10.7,-0.21755555555555556,-0.08644444444444445,-0.04448888888888889
AncMH_nat,heme_Fe,28,-10.22,-0.21088888888888888,-0.08333333333333333,-0.04448888888888889
AncMH_nat,heme_Fe,29,-9.94,-0.22133333333333333,-0.06555555555555556,-0.04448888888888889
AncMH_nat,heme_Fe,30,-5.67,-0.162,-0.030444444444444448,-0.04448888888888889
AncMH_nat,heme_Fe,31,-9.72,-0.2131111111111111,-0.06977777777777777,-0.04448888888888889
AncMH_nat,heme_Fe,32,-9.54,-0.21511111111111111,-0.0628888888888889,-0.04448888888888889
AncMH_nat,heme_Fe,33,-11.53,-0.23177777777777778,-0.09111111111111111,-0.04448888888888889
AncMH_nat,heme_Fe,34,-9.98,-0.21155555555555555,-0.0771111111111111,-0.04448888888888889
AncMH_nat,heme_Fe,35,-10.02,-0.216,-0.07355555555555555,-0.04448888888888889
AncMH_nat,heme_Fe,36,-10.67,-0.2268888888888889,-0.076,-0.04448888888888889
AncMH_nat,heme_Fe,37,-10.55,-0.22844444444444445,-0.07244444444444445,-0.04448888888888889
AncMH_nat,heme_Fe,38,-9.71,-0.20155555555555557,-0.08088888888888889,-0.04448888888888889
AncMH_nat,heme_Fe,39,-10.55,-0.2291111111111111,-0.072,-0.04448888888888889
AncMH_nat,heme_Fe,40,-10.75,-0.22555555555555556,-0.08066666666666666,-0.04448888888888889
AncMH_nat,heme_Fe,41,-8.87,-0.19333333333333333,-0.07066666666666667,-0.04448888888888889
AncMH_nat,heme_Fe,42,-11.14,-0.23577777777777778,-0.07844444444444444,-0.04448888888888889
AncMH_nat,heme_Fe,43,-8.7,-0.19311111111111112,-0.06644444444444444,-0.04448888888888889
AncMH_nat,heme_Fe,44,-8.64,-0.16133333333333333,-0.09777777777777778,-0.04448888888888889
AncMH_nat,heme_Fe,45,-10.59,-0.22355555555555556,-0.0768888888888889,-0.04448888888888889
AncMH_nat,heme_Fe,46,-10.85,-0.22777777777777777,-0.07955555555555556,-0.04448888888888889
AncMH_nat,heme_Fe,47,-6.41,-0.14822222222222223,-0.06088888888888889,-0.04448888888888889
AncMH_nat,heme_Fe,48,-10.16,-0.21088888888888888,-0.082,-0.04448888888888889
AncMH_nat,heme_Fe,49,-10.99,-0.23622222222222222,-0.0748888888888889,-0.04448888888888889
AncMH_nat,heme_Fe,50,-9.94,-0.21066666666666667,-0.07777777777777778,-0.04448888888888889
AncMH_nat,heme_Fe,51,-9.9,-0.2051111111111111,-0.08155555555555556,-0.04448888888888889
AncMH_nat,heme_Fe,52,-7.34,-0.17355555555555555,-0.05622222222222222,-0.04448888888888889
AncMH_nat,heme_Fe,53,-11.02,-0.22733333333333333,-0.08333333333333333,-0.04448888888888889
AncMH_nat,heme_Fe,54,-6.96,-0.15333333333333335,-0.06644444444444444,-0.04448888888888889
AncMH_nat,heme_Fe,55,-9.99,-0.2088888888888889,-0.08,-0.04448888888888889
AncMH_nat,heme_Fe,56,-10.15,-0.21866666666666668,-0.074,-0.04448888888888889
AncMH_nat,heme_Fe,57,-6.38,-0.15733333333333333,-0.05133333333333333,-0.04448888888888889
AncMH_nat,heme_Fe,58,-10.84,-0.222,-0.08555555555555555,-0.04448888888888889
AncMH_nat,heme_Fe,59,-11.82,-0.25577777777777777,-0.07288888888888889,-0.04448888888888889
AncMH_nat,heme_Fe,60,-9.91,-0.21355555555555555,-0.072,-0.04448888888888889
AncMH_nat,heme_Fe,61,-10.67,-0.22822222222222222,-0.07533333333333334,-0.04448888888888889
AncMH_nat,heme_Fe,62,-4.74,-0.11711111111111111,-0.05444444444444444,-0.04448888888888889
AncMH_nat,heme_Fe,63,-9.85,-0.20955555555555555,-0.076,-0.04448888888888889
AncMH_nat,heme_Fe,64,-10.26,-0.21844444444444444,-0.07688888888888888,-0.04448888888888889
AncMH_nat,heme_Fe,65,-9.69,-0.2137777777777778,-0.06911111111111111,-0.04448888888888889
AncMH_nat,heme_Fe,66,-10.34,-0.21533333333333332,-0.0811111111111111,-0.04448888888888889
AncMH_nat,heme_Fe,67,-9.72,-0.2157777777777778,-0.06688888888888889,-0.04448888888888889
AncMH_nat,heme_Fe,68,-9.75,-0.20466666666666666,-0.07844444444444444,-0.04448888888888889
AncMH_nat,heme_Fe,69,-10.01,-0.20866666666666667,-0.08044444444444444,-0.04448888888888889
AncMH_nat,heme_Fe,70,-11.71,-0.2604444444444444,-0.066,-0.04448888888888889
AncMH_nat,heme_Fe,71,-10.43,-0.21955555555555556,-0.07888888888888888,-0.04448888888888889
AncMH_nat,heme_Fe,72,-11.78,-0.32511111111111113,-0.0026666666666666666,-0.04448888888888889
AncMH_nat,heme_Fe,73,-10.84,-0.22022222222222224,-0.08644444444444445,-0.04448888888888889
AncMH_nat,heme_Fe,74,-5.56,-0.1411111111111111,-0.04777777777777778,-0.04448888888888889
AncMH_nat,heme_Fe,75,-10.56,-0.22066666666666668,-0.08155555555555556,-0.04448888888888889
AncMH_nat,heme_Fe,76,-11.16,-0.23133333333333334,-0.08333333333333333,-0.04448888888888889
AncMH_nat,heme_Fe,77,-10.19,-0.21955555555555556,-0.07444444444444444,-0.04448888888888889
AncMH_nat,heme_Fe,78,-10.18,-0.21466666666666667,-0.07866666666666666,-0.04448888888888889
AncMH_nat,heme_Fe,79,-9.94,-0.20355555555555555,-0.08311111111111111,-0.04448888888888889
AncMH_nat,heme_Fe,80,-11.02,-0.21466666666666667,-0.0948888888888889,-0.04448888888888889
AncMH_nat,heme_Fe,81,-10.77,-0.22933333333333333,-0.07644444444444444,-0.04448888888888889
AncMH_nat,heme_Fe,82,-10.02,-0.2157777777777778,-0.07311111111111111,-0.04448888888888889
AncMH_nat,heme_Fe,83,-9.87,-0.20533333333333334,-0.08022222222222222,-0.04448888888888889
AncMH_nat,heme_Fe,84,-9.79,-0.21711111111111112,-0.06866666666666667,-0.04448888888888889
AncMH_nat,heme_Fe,85,-6.87,-0.16622222222222222,-0.05333333333333333,-0.04448888888888889
AncMH_nat,heme_Fe,86,-11.73,-0.2611111111111111,-0.06555555555555555,-0.04448888888888889
AncMH_nat,heme_Fe,87,-9.97,-0.20555555555555555,-0.08266666666666667,-0.04448888888888889
AncMH_nat,heme_Fe,88,-6.53,-0.146,-0.06555555555555556,-0.04448888888888889
AncMH_nat,heme_Fe,89,-9.99,-0.21688888888888888,-0.07177777777777777,-0.04448888888888889
AncMH_nat,heme_Fe,90,-9.62,-0.21533333333333332,-0.06511111111111112,-0.04448888888888889
AncMH_nat,heme_Fe,91,-11.69,-0.26466666666666666,-0.06177777777777777,-0.04448888888888889
AncMH_nat,heme_Fe,92,-12.3,-0.2995555555555556,-0.04,-0.04448888888888889
AncMH_nat,heme_Fe,93,-5.17,-0.12933333333333333,-0.05177777777777778,-0.04448888888888889
AncMH_nat,heme_Fe,94,-10.41,-0.22555555555555556,-0.072,-0.04448888888888889
AncMH_nat,heme_Fe,95,-11.91,-0.26222222222222225,-0.06866666666666667,-0.04448888888888889
AncMH_nat,heme_Fe,96,-9.94,-0.2108888888888889,-0.07822222222222222,-0.04448888888888889
AncMH_nat,heme_Fe,97,-11.82,-0.2597777777777778,-0.06888888888888889,-0.04448888888888889
AncMH_nat,heme_Fe,98,-10.6,-0.2348888888888889,-0.06644444444444444,-0.04448888888888889
AncMH_nat,heme_Fe,99,-10.72,-0.22088888888888888,-0.08422222222222223,-0.04448888888888889
AncMH_nat,heme_Fe,100,-9.78,-0.20355555555555555,-0.08,-0.04448888888888889
AncMH_nat,heme_O2,1,-13.65,-0.2976595744680851,-0.05638297872340425,-0.04259574468085106
AncMH_nat,heme_O2,2,-4.1,-0.15723404255319148,0.006170212765957446,-0.04259574468085106
AncMH_nat,heme_O2,3,-7.97,-0.15680851063829787,-0.07617021276595745,-0.04259574468085106
AncMH_nat,heme_O2,4,-5.95,-0.13531914893617022,-0.05531914893617021,-0.04259574468085106
AncMH_nat,heme_O2,5,-7.53,-0.1427659574468085,-0.08,-0.04259574468085106
AncMH_nat,heme_O2,6,-8.54,-0.1848936170212766,-0.06,-0.04259574468085106
AncMH_nat,heme_O2,7,-6.0,-0.1472340425531915,-0.044893617021276595,-0.04259574468085106
AncMH_nat,heme_O2,8,-13.09,-0.29595744680851066,-0.045319148936170214,-0.04259574468085106
AncMH_nat,heme_O2,9,-9.45,-0.19106382978723405,-0.07382978723404256,-0.04259574468085106
AncMH_nat,heme_O2,10,-6.33,-0.1202127659574468,-0.07851063829787233,-0.04259574468085106
AncMH_nat,heme_O2,11,-8.98,-0.22063829787234043,-0.03468085106382979,-0.04259574468085106
AncMH_nat,heme_O2,12,-9.27,-0.1870212765957447,-0.07340425531914893,-0.04259574468085106
AncMH_nat,heme_O2,13,-5.14,-0.11914893617021277,-0.05361702127659574,-0.04259574468085106
AncMH_nat,heme_O2,14,-12.98,-0.284468085106383,-0.05531914893617021,-0.04259574468085106
AncMH_nat,heme_O2,15,-10.18,-0.23148936170212767,-0.04872340425531915,-0.04259574468085106
AncMH_nat,heme_O2,16,-9.05,-0.17659574468085107,-0.08042553191489361,-0.04259574468085106
AncMH_nat,heme_O2,17,-10.11,-0.20808510638297872,-0.07063829787234042,-0.04259574468085106
AncMH_nat,heme_O2,18,-13.41,-0.29106382978723405,-0.05829787234042553,-0.04259574468085106
AncMH_nat,heme_O2,19,-8.72,-0.17957446808510638,-0.06893617021276596,-0.04259574468085106
AncMH_nat,heme_O2,20,-7.12,-0.1672340425531915,-0.04872340425531915,-0.04259574468085106
AncMH_nat,heme_O2,21,-8.82,-0.1804255319148936,-0.07042553191489362,-0.04259574468085106
AncMH_nat,heme_O2,22,-11.91,-0.2753191489361702,-0.04170212765957447,-0.04259574468085106
AncMH_nat,heme_O2,23,-6.14,-0.11765957446808512,-0.07617021276595744,-0.04259574468085106
AncMH_nat,heme_O2,24,-5.13,-0.11702127659574468,-0.0551063829787234,-0.04259574468085106
AncMH_nat,heme_O2,25,-8.0,-0.16808510638297872,-0.06680851063829787,-0.04259574468085106
AncMH_nat,heme_O2,26,-9.26,-0.18170212765957447,-0.07829787234042554,-0.04259574468085106
AncMH_nat,heme_O2,27,-6.68,-0.12446808510638298,-0.08,-0.04259574468085106
AncMH_nat,heme_O2,28,-13.58,-0.3131914893617021,-0.03957446808510638,-0.04259574468085106
AncMH_nat,heme_O2,29,-12.92,-0.2872340425531915,-0.05148936170212766,-0.04259574468085106
AncMH_nat,heme_O2,30,-6.35,-0.13297872340425532,-0.06510638297872341,-0.04259574468085106
AncMH_nat,heme_O2,31,-6.45,-0.11936170212765958,-0.08170212765957446,-0.04259574468085106
AncMH_nat,heme_O2,32,-5.63,-0.1072340425531915,-0.07723404255319148,-0.04259574468085106
AncMH_nat,heme_O2,33,-13.53,-0.3131914893617021,-0.03787234042553192,-0.04259574468085106
AncMH_nat,heme_O2,34,-5.63,-0.12446808510638298,-0.05829787234042553,-0.04259574468085106
AncMH_nat,heme_O2,35,-8.06,-0.21106382978723404,-0.023829787234042554,-0.04259574468085106
AncMH_nat,heme_O2,36,-9.2,-0.1825531914893617,-0.07659574468085106,-0.04259574468085106
AncMH_nat,heme_O2,37,-7.46,-0.16127659574468084,-0.06148936170212766,-0.04259574468085106
AncMH_nat,heme_O2,38,-8.76,-0.18808510638297873,-0.06234042553191489,-0.04259574468085106
AncMH_nat,heme_O2,39,-5.36,-0.12361702127659574,-0.054255319148936165,-0.04259574468085106
AncMH_nat,heme_O2,40,-9.98,-0.22638297872340427,-0.049574468085106384,-0.04259574468085106
AncMH_nat,heme_O2,41,-6.45,-0.11702127659574468,-0.08276595744680851,-0.04259574468085106
AncMH_nat,heme_O2,42,-8.97,-0.1819148936170213,-0.0721276595744681,-0.04259574468085106
AncMH_nat,heme_O2,43,-7.92,-0.17553191489361702,-0.05723404255319149,-0.04259574468085106
AncMH_nat,heme_O2,44,-8.4,-0.17170212765957446,-0.07042553191489362,-0.04259574468085106
AncMH_nat,heme_O2,45,-14.14,-0.3025531914893617,-0.0625531914893617,-0.04259574468085106
AncMH_nat,heme_O2,46,-6.09,-0.1372340425531915,-0.055106382978723396,-0.04259574468085106
AncMH_nat,heme_O2,47,-8.15,-0.18319148936170213,-0.05382978723404255,-0.04259574468085106
AncMH_nat,heme_O2,48,-8.64,-0.18,-0.06680851063829787,-0.04259574468085106
AncMH_nat,heme_O2,49,-8.84,-0.19617021276595745,-0.05638297872340426,-0.04259574468085106
AncMH_nat,heme_O2,50,-12.9,-0.2957446808510638,-0.04212765957446809,-0.04259574468085106
AncMH_nat,heme_O2,51,-13.03,-0.3017021276595745,-0.03851063829787234,-0.04259574468085106
AncMH_nat,heme_O2,52,-7.22,-0.1651063829787234,-0.050851063829787234,-0.04259574468085106
AncMH_nat,heme_O2,53,-9.9,-0.22659574468085106,-0.047446808510638296,-0.04259574468085106
AncMH_nat,heme_O2,54,-13.8,-0.29085106382978726,-0.06617021276595744,-0.04259574468085106
AncMH_nat,heme_O2,55,-7.21,-0.15085106382978725,-0.06659574468085107,-0.04259574468085106
AncMH_nat,heme_O2,56,-7.08,-0.14,-0.07510638297872341,-0.04259574468085106
AncMH_nat,heme_O2,57,-10.53,-0.2893617021276596,0.0025531914893617016,-0.04259574468085106
AncMH_nat,heme_O2,58,-8.08,-0.1948936170212766,-0.04021276595744681,-0.04259574468085106
AncMH_nat,heme_O2,59,-4.53,-0.11382978723404255,-0.04553191489361702,-0.04259574468085106
AncMH_nat,heme_O2,60,-5.71,-0.10170212765957447,-0.08297872340425531,-0.04259574468085106
AncMH_nat,heme_O2,61,-14.0,-0.32361702127659575,-0.03595744680851064,-0.04259574468085106
AncMH_nat,heme_O2,62,-5.1,-0.12808510638297874,-0.044042553191489364,-0.04259574468085106
AncMH_nat,heme_O2,63,-8.46,-0.18553191489361703,-0.05787234042553192,-0.04259574468085106
AncMH_nat,heme_O2,64,-13.78,-0.2946808510638298,-0.062127659574468086,-0.04259574468085106
AncMH_nat,heme_O2,65,-5.97,-0.14,-0.04978723404255319,-0.04259574468085106
AncMH_nat,heme_O2,66,-7.52,-0.12914893617021278,-0.09404255319148937,-0.04259574468085106
AncMH_nat,heme_O2,67,-8.05,-0.18382978723404256,-0.05021276595744681,-0.04259574468085106
AncMH_nat,heme_O2,68,-13.15,-0.28808510638297874,-0.05553191489361702,-0.04259574468085106
AncMH_nat,heme_O2,69,-5.93,-0.1025531914893617,-0.08787234042553192,-0.04259574468085106
AncMH_nat,heme_O2,70,-11.39,-0.26340425531914896,-0.04127659574468085,-0.04259574468085106
AncMH_nat,heme_O2,71,-7.45,-0.15936170212765957,-0.0627659574468085,-0.04259574468085106
AncMH_nat,heme_O2,72,-9.96,-0.22595744680851063,-0.05021276595744681,-0.04259574468085106
AncMH_nat,heme_O2,73,-9.67,-0.19191489361702127,-0.0772340425531915,-0.04259574468085106
AncMH_nat,heme_O2,74,-8.01,-0.17851063829787234,-0.05659574468085106,-0.04259574468085106
AncMH_nat,heme_O2,75,-7.8,-0.16617021276595745,-0.06340425531914894,-0.04259574468085106
AncMH_nat,heme_O2,76,-13.74,-0.3131914893617021,-0.04234042553191489,-0.04259574468085106
AncMH_nat,heme_O2,77,-13.09,-0.28617021276595744,-0.05574468085106383,-0.04259574468085106
AncMH_nat,heme_O2,78,-6.87,-0.11872340425531915,-0.09106382978723404,-0.04259574468085106
AncMH_nat,heme_O2,79,-10.17,-0.20638297872340425,-0.07340425531914893,-0.04259574468085106
AncMH_nat,heme_O2,80,-5.24,-0.09787234042553192,-0.07702127659574468,-0.04259574468085106
AncMH_nat,heme_O2,81,-12.39,-0.29340425531914893,-0.03234042553191489,-0.04259574468085106
AncMH_nat,heme_O2,82,-6.87,-0.1425531914893617,-0.06723404255319149,-0.04259574468085106
AncMH_nat,heme_O2,83,-13.05,-0.29638297872340424,-0.044468085106382976,-0.04259574468085106
AncMH_nat,heme_O2,84,-6.97,-0.17148936170212767,-0.04085106382978723,-0.04259574468085106
AncMH_nat,heme_O2,85,-8.21,-0.1753191489361702,-0.06425531914893617,-0.04259574468085106
AncMH_nat,heme_O2,86,-14.11,-0.30127659574468085,-0.06297872340425531,-0.04259574468085106
AncMH_nat,heme_O2,87,-13.77,-0.29914893617021276,-0.05680851063829787,-0.04259574468085106
AncMH_nat,heme_O2,88,-14.18,-0.3197872340425532,-0.04468085106382979,-0.04259574468085106
AncMH_nat,heme_O2,89,-13.66,-0.29914893617021276,-0.055319148936170216,-0.04259574468085106
AncMH_nat,heme_O2,90,-7.92,-0.15127659574468086,-0.08106382978723405,-0.04259574468085106
AncMH_nat,heme_O2,91,-13.57,-0.29914893617021276,-0.05404255319148936,-0.04259574468085106
AncMH_nat,heme_O2,92,-13.71,-0.30957446808510636,-0.04425531914893617,-0.04259574468085106
AncMH_nat,heme_O2,93,-7.66,-0.1895744680851064,-0.03659574468085106,-0.04259574468085106
AncMH_nat,heme_O2,94,-7.34,-0.14170212765957446,-0.07765957446808511,-0.04259574468085106
AncMH_nat,heme_O2,95,-6.34,-0.11127659574468085,-0.08702127659574468,-0.04259574468085106
AncMH_nat,heme_O2,96,-7.23,-0.13170212765957448,-0.08617021276595745,-0.04259574468085106
AncMH_nat,heme_O2,97,-6.05,-0.1376595744680851,-0.05468085106382979,-0.04259574468085106
AncMH_nat,heme_O2,98,-13.25,-0.2946808510638298,-0.050851063829787234,-0.04259574468085106
AncMH_nat,heme_O2,99,-13.79,-0.2917021276595745,-0.06531914893617022,-0.04259574468085106
AncMH_nat,heme_O2,100,-6.25,-0.16936170212765958,-0.027872340425531914,-0.04259574468085106
AncMH_nat,IHP,1,,-0.090625,-0.002916666666666667,-0.00012500000000000358
AncMH_nat,IHP,2,,-0.08291666666666667,-0.006875,-0.00012500000000000358
AncMH_nat,IHP,3,,-0.06791666666666667,-0.0037500000000000003,-0.00012500000000000358
AncMH_nat,IHP,4,,-0.085,-0.007916666666666667,-0.00012500000000000358
AncMH_nat,IHP,5,,-0.10312500000000001,-0.005624999999999999,-0.00012500000000000358
AncMH_nat,IHP,6,,-0.06979166666666667,-0.023125,-0.00012500000000000358
AncMH_nat,IHP,7,,-0.06666666666666667,-0.0012499999999999996,-0.00012500000000000358
AncMH_nat,IHP,8,,-0.10895833333333334,-0.005,-0.00012500000000000358
AncMH_nat,IHP,9,,-0.05395833333333334,-0.006458333333333334,-0.00012500000000000358
AncMH_nat,IHP,10,,-0.11291666666666667,-0.007083333333333333,-0.00012500000000000358
AncMH_nat,IHP,11,,-0.126875,-0.006041666666666667,-0.00012500000000000358
AncMH_nat,IHP,12,,-0.135,-0.001875,-0.00012500000000000358
AncMH_nat,IHP,13,,-0.07541666666666667,-0.0008333333333333334,-0.00012500000000000358
AncMH_nat,IHP,14,,-0.084375,-0.0016666666666666674,-0.00012500000000000358
AncMH_nat,IHP,15,,-0.050416666666666665,-0.006458333333333333,-0.00012500000000000358
AncMH_nat,IHP,16,,-0.07583333333333334,-0.002916666666666667,-0.00012500000000000358
AncMH_nat,IHP,17,,-0.11145833333333334,-0.00625,-0.00012500000000000358
AncMH_nat,IHP,18,,-0.0925,-0.004583333333333333,-0.00012500000000000358
AncMH_nat,IHP,19,,-0.10458333333333333,-0.004166666666666667,-0.00012500000000000358
AncMH_nat,IHP,20,,-0.11583333333333333,-0.010624999999999999,-0.00012500000000000358
AncMH_nat,IHP,21,,-0.081875,-0.0016666666666666672,-0.00012500000000000358
AncMH_nat,IHP,22,,-0.12625,-0.008333333333333333,-0.00012500000000000358
AncMH_nat,IHP,23,,-0.04083333333333333,-0.0020833333333333333,-0.00012500000000000358
AncMH_nat,IHP,24,,-0.103125,-0.006458333333333332,-0.00012500000000000358
AncMH_nat,IHP,25,,-0.065625,-0.0014583333333333332,-0.00012500000000000358
AncMH_nat,IHP,26,,-0.1225,-0.004166666666666667,-0.00012500000000000358
AncMH_nat,IHP,27,,-0.12625,-0.021041666666666667,-0.00012500000000000358
AncMH_nat,IHP,28,,-0.07020833333333333,-0.011666666666666665,-0.00012500000000000358
AncMH_nat,IHP,29,,-0.083125,-0.018958333333333334,-0.00012500000000000358
AncMH_nat,IHP,30,,-0.10875,-0.012083333333333333,-0.00012500000000000358
AncMH_nat,IHP,31,,-0.13604166666666667,-0.0025000000000000005,-0.00012500000000000358
AncMH_nat,IHP,32,,-0.06520833333333333,-0.004375,-0.00012500000000000358
AncMH_nat,IHP,33,,-0.1125,-0.006874999999999999,-0.00012500000000000358
AncMH_nat,IHP,34,,-0.08333333333333333,-0.006458333333333332,-0.00012500000000000358
AncMH_nat,IHP,35,-0.18,-0.14604166666666668,-0.006666666666666667,-0.00012500000000000358
AncMH_nat,IHP,36,,-0.053125,-0.005416666666666667,-0.00012500000000000358
AncMH_nat,IHP,37,,-0.08083333333333334,-0.016666666666666666,-0.00012500000000000358
AncMH_nat,IHP,38,,-0.108125,-0.0033333333333333335,-0.00012500000000000358
AncMH_nat,IHP,39,,-0.10125,-0.003541666666666667,-0.00012500000000000358
AncMH_nat,IHP,40,,-0.06395833333333333,-0.005208333333333333,-0.00012500000000000358
AncMH_nat,IHP,41,-0.65,-0.15270833333333333,-0.010208333333333333,-0.00012500000000000358
AncMH_nat,IHP,42,,-0.08479166666666667,-0.0060416666666666665,-0.00012500000000000358
AncMH_nat,IHP,43,,-0.07833333333333334,-0.004583333333333333,-0.00012500000000000358
AncMH_nat,IHP,44,,-0.08416666666666667,-0.005833333333333333,-0.00012500000000000358
AncMH_nat,IHP,45,,-0.05979166666666667,-0.004791666666666666,-0.00012500000000000358
AncMH_nat,IHP,46,,-0.08708333333333333,-0.016875000000000005,-0.00012500000000000358
AncMH_nat,IHP,47,,-0.09229166666666667,-0.0006249999999999998,-0.00012500000000000358
AncMH_nat,IHP,48,,-0.07229166666666667,-0.011458333333333333,-0.00012500000000000358
AncMH_nat,IHP,49,,-0.08145833333333333,-0.004166666666666667,-0.00012500000000000358
AncMH_nat,IHP,50,,-0.06541666666666666,-0.001875,-0.00012500000000000358
AncMH_nat,IHP,51,,-0.07916666666666666,-0.013749999999999998,-0.00012500000000000358
AncMH_nat,IHP,52,,-0.08708333333333333,-0.006250000000000001,-0.00012500000000000358
AncMH_nat,IHP,53,,-0.06520833333333333,-5.782411586589357e-19,-0.00012500000000000358
AncMH_nat,IHP,54,,-0.051041666666666666,-0.005625000000000001,-0.00012500000000000358
AncMH_nat,IHP,55,,-0.06833333333333333,-0.0022916666666666675,-0.00012500000000000358
AncMH_nat,IHP,56,,-0.10916666666666666,-0.010416666666666668,-0.00012500000000000358
AncMH_nat,IHP,57,,-0.07020833333333333,-0.015,-0.00012500000000000358
AncMH_nat,IHP,58,,-0.095625,-0.011458333333333334,-0.00012500000000000358
AncMH_nat,IHP,59,,-0.05979166666666667,-0.011041666666666667,-0.00012500000000000358
AncMH_nat,IHP,60,,-0.066875,-0.00020833333333333337,-0.00012500000000000358
AncMH_nat,IHP,61,,-0.06958333333333333,-0.005208333333333335,-0.00012500000000000358
AncMH_nat,IHP,62,,-0.07520833333333334,-0.016041666666666662,-0.00012500000000000358
AncMH_nat,IHP,63,,-0.07625,-0.0018749999999999997,-0.00012500000000000358
AncMH_nat,IHP,64,,-0.13,-0.008333333333333333,-0.00012500000000000358
AncMH_nat,IHP,65,,-0.10916666666666666,-0.006666666666666667,-0.00012500000000000358
AncMH_nat,IHP,66,,-0.06895833333333333,-0.007916666666666667,-0.00012500000000000358
AncMH_nat,IHP,67,-0.28,-0.14458333333333334,-0.009583333333333333,-0.00012500000000000358
AncMH_nat,IHP,68,,-0.09166666666666667,-0.004166666666666668,-0.00012500000000000358
AncMH_nat,IHP,69,,-0.09541666666666666,-0.003541666666666667,-0.00012500000000000358
AncMH_nat,IHP,70,,-0.07770833333333334,-0.0077083333333333335,-0.00012500000000000358
AncMH_nat,IHP,71,,-0.12270833333333334,-0.005,-0.00012500000000000358
AncMH_nat,IHP,72,,-0.09333333333333334,-0.005624999999999999,-0.00012500000000000358
AncMH_nat,IHP,73,,-0.09270833333333334,0.0012499999999999998,-0.00012500000000000358
AncMH_nat,IHP,74,,-0.09208333333333334,-0.005208333333333333,-0.00012500000000000358
AncMH_nat,IHP,75,,-0.10354166666666667,-0.012083333333333335,-0.00012500000000000358
AncMH_nat,IHP,76,,-0.081875,-0.015208333333333334,-0.00012500000000000358
AncMH_nat,IHP,77,,-0.10958333333333334,-0.009374999999999998,-0.00012500000000000358
AncMH_nat,IHP,78,,-0.093125,-0.008125,-0.00012500000000000358
AncMH_nat,IHP,79,,-0.06479166666666666,0.0022916666666666654,-0.00012500000000000358
AncMH_nat,IHP,80,,-0.10416666666666667,-0.007083333333333333,-0.00012500000000000358
AncMH_nat,IHP,81,,-0.07770833333333334,-0.0018750000000000008,-0.00012500000000000358
AncMH_nat,IHP,82,,-0.1025,-0.0020833333333333324,-0.00012500000000000358
AncMH_nat,IHP,83,,-0.07104166666666667,-0.015208333333333334,-0.00012500000000000358
AncMH_nat,IHP,84,,-0.09625,-0.0014583333333333334,-0.00012500000000000358
AncMH_nat,IHP,85,,-0.07145833333333333,0.0010416666666666673,-0.00012500000000000358
AncMH_nat,IHP,86,,-0.06833333333333333,-0.0075000000000000015,-0.00012500000000000358
AncMH_nat,IHP,87,,-0.075625,-0.005833333333333333,-0.00012500000000000358
AncMH_nat,IHP,88,,-0.089375,-0.00041666666666666447,-0.00012500000000000358
AncMH_nat,IHP,89,,-0.06395833333333334,-0.013958333333333333,-0.00012500000000000358
AncMH_nat,IHP,90,,-0.08416666666666667,-0.0008333333333333334,-0.00012500000000000358
AncMH_nat,IHP,91,,-0.08895833333333333,-0.001875000000000001,-0.00012500000000000358
AncMH_nat,IHP,92,,-0.12666666666666668,-0.0010416666666666669,-0.00012500000000000358
AncMH_nat,IHP,93,,-0.10333333333333333,-0.005416666666666667,-0.00012500000000000358
AncMH_nat,IHP,94,-0.33,-0.15166666666666667,-0.004791666666666666,-0.00012500000000000358
AncMH_nat,IHP,95,,-0.081875,-0.011458333333333333,-0.00012500000000000358
AncMH_nat,IHP,96,,-0.058958333333333335,-0.0018749999999999997,-0.00012500000000000358
AncMH_nat,IHP,97,,-0.06208333333333334,-0.003333333333333333,-0.00012500000000000358
AncMH_nat,IHP,98,,-0.076875,-0.0035416666666666665,-0.00012500000000000358
AncMH_nat,IHP,99,,-0.08354166666666667,-0.0062499999999999995,-0.00012500000000000358
AncMH_nat,IHP,100,,-0.069375,-0.008333333333333335,-0.00012500000000000358
AncB,2_3_BPG,1,-10.4,-0.20266666666666666,-0.6086666666666667,-0.33066666666666666
AncB,2_3_BPG,2,-11.44,-0.198,-0.684,-0.33066666666666666
AncB,2_3_BPG,3,-10.62,-0.174,-0.654,-0.33066666666666666
AncB,2_3_BPG,4,-11.72,-0.236,-0.6666666666666666,-0.33066666666666666
AncB,2_3_BPG,5,-11.28,-0.192,-0.6786666666666666,-0.33066666666666666
AncB,2_3_BPG,6,-11.18,-0.178,-0.688,-0.33066666666666666
AncB,2_3_BPG,7,-10.77,-0.20466666666666666,-0.6333333333333333,-0.33066666666666666
AncB,2_3_BPG,8,-11.16,-0.19266666666666668,-0.6713333333333333,-0.33066666666666666
AncB,2_3_BPG,9,-11.45,-0.222,-0.66,-0.33066666666666666
AncB,2_3_BPG,10,-9.66,-0.25666666666666665,-0.5053333333333333,-0.33066666666666666
AncB,2_3_BPG,11,-10.45,-0.3026666666666667,-0.5126666666666666,-0.33066666666666666
AncB,2_3_BPG,12,-11.84,-0.23066666666666666,-0.68,-0.33066666666666666
AncB,2_3_BPG,13,-10.8,-0.202,-0.6366666666666667,-0.33066666666666666
AncB,2_3_BPG,14,-11.09,-0.214,-0.6453333333333333,-0.33066666666666666
AncB,2_3_BPG,15,-10.6,-0.15866666666666668,-0.6673333333333333,-0.33066666666666666
AncB,2_3_BPG,16,-11.46,-0.20333333333333334,-0.6813333333333333,-0.33066666666666666
AncB,2_3_BPG,17,-10.96,-0.20600000000000002,-0.6433333333333333,-0.33066666666666666
AncB,2_3_BPG,18,-10.8,-0.20400000000000001,-0.638,-0.33066666666666666
AncB,2_3_BPG,19,-10.69,-0.14866666666666667,-0.6846666666666666,-0.33066666666666666
AncB,2_3_BPG,20,-10.91,-0.18733333333333332,-0.66,-0.33066666666666666
AncB,2_3_BPG,21,-9.5,-0.254,-0.49666666666666665,-0.33066666666666666
AncB,2_3_BPG,22,-11.75,-0.22733333333333333,-0.6753333333333333,-0.33066666666666666
AncB,2_3_BPG,23,-11.16,-0.214,-0.6506666666666666,-0.33066666666666666
AncB,2_3_BPG,24,-9.7,-0.26866666666666666,-0.4966666666666667,-0.33066666666666666
AncB,2_3_BPG,25,-11.84,-0.22933333333333333,-0.6813333333333333,-0.33066666666666666
AncB,2_3_BPG,26,-10.91,-0.20266666666666666,-0.646,-0.33066666666666666
AncB,2_3_BPG,27,-9.71,-0.2773333333333333,-0.48933333333333334,-0.33066666666666666
AncB,2_3_BPG,28,-10.06,-0.2986666666666667,-0.49133333333333334,-0.33066666666666666
AncB,2_3_BPG,29,-11.51,-0.21266666666666667,-0.6753333333333333,-0.33066666666666666
AncB,2_3_BPG,30,-10.58,-0.20466666666666666,-0.6213333333333333,-0.33066666666666666
AncB,2_3_BPG,31,-11.34,-0.218,-0.658,-0.33066666666666666
AncB,2_3_BPG,32,-10.28,-0.17400000000000002,-0.6286666666666667,-0.33066666666666666
AncB,2_3_BPG,33,-11.74,-0.22933333333333333,-0.672,-0.33066666666666666
AncB,2_3_BPG,34,-10.05,-0.30133333333333334,-0.48933333333333334,-0.33066666666666666
AncB,2_3_BPG,35,-10.71,-0.16533333333333333,-0.6686666666666666,-0.33066666666666666
AncB,2_3_BPG,36,-9.57,-0.2826666666666667,-0.47533333333333333,-0.33066666666666666
AncB,2_3_BPG,37,-11.38,-0.20333333333333334,-0.6753333333333333,-0.33066666666666666
AncB,2_3_BPG,38,-12.07,-0.22066666666666665,-0.704,-0.33066666666666666
AncB,2_3_BPG,39,-11.02,-0.17600000000000002,-0.6773333333333333,-0.33066666666666666
AncB,2_3_BPG,40,-10.46,-0.16666666666666666,-0.6493333333333333,-0.33066666666666666
AncB,2_3_BPG,41,-10.64,-0.20133333333333334,-0.6273333333333333,-0.33066666666666666
AncB,2_3_BPG,42,-11.48,-0.19333333333333333,-0.6913333333333334,-0.33066666666666666
AncB,2_3_BPG,43,-10.41,-0.19066666666666668,-0.6246666666666667,-0.33066666666666666
AncB,2_3_BPG,44,-10.3,-0.20400000000000001,-0.6026666666666667,-0.33066666666666666
AncB,2_3_BPG,45,-11.09,-0.228,-0.6326666666666667,-0.33066666666666666
AncB,2_3_BPG,46,-9.2,-0.2833333333333333,-0.44933333333333336,-0.33066666666666666
AncB,2_3_BPG,47,-10.92,-0.174,-0.674,-0.33066666666666666
AncB,2_3_BPG,48,-10.74,-0.18266666666666667,-0.6533333333333333,-0.33066666666666666
AncB,2_3_BPG,49,-11.24,-0.20066666666666666,-0.6686666666666666,-0.33066666666666666
AncB,2_3_BPG,50,-9.45,-0.25666666666666665,-0.492,-0.33066666666666666
AncB,2_3_BPG,51,-11.53,-0.19733333333333333,-0.6893333333333334,-0.33066666666666666
AncB,2_3_BPG,52,-10.69,-0.144,-0.6900000000000001,-0.33066666666666666
AncB,2_3_BPG,53,-9.67,-0.26,-0.504,-0.33066666666666666
AncB,2_3_BPG,54,-11.26,-0.202,-0.6686666666666666,-0.33066666666666666
AncB,2_3_BPG,55,-11.79,-0.21733333333333332,-0.6880000000000001,-0.33066666666666666
AncB,2_3_BPG,56,-11.16,-0.18733333333333332,-0.6753333333333333,-0.33066666666666666
AncB,2_3_BPG,57,-9.96,-0.2593333333333333,-0.5233333333333333,-0.33066666666666666
AncB,2_3_BPG,58,-11.57,-0.19666666666666666,-0.694,-0.33066666666666666
AncB,2_3_BPG,59,-10.68,-0.18533333333333332,-0.6446666666666667,-0.33066666666666666
AncB,2_3_BPG,60,-11.57,-0.216,-0.6753333333333333,-0.33066666666666666
AncB,2_3_BPG,61,-11.81,-0.23333333333333334,-0.674,-0.33066666666666666
AncB,2_3_BPG,62,-11.13,-0.18466666666666667,-0.6786666666666666,-0.33066666666666666
AncB,2_3_BPG,63,-10.41,-0.174,-0.6373333333333333,-0.33066666666666666
AncB,2_3_BPG,64,-11.65,-0.18466666666666667,-0.712,-0.33066666666666666
AncB,2_3_BPG,65,-9.73,-0.26,-0.5066666666666667,-0.33066666666666666
AncB,2_3_BPG,66,-11.53,-0.22133333333333333,-0.666,-0.33066666666666666
AncB,2_3_BPG,67,-10.91,-0.154,-0.6926666666666667,-0.33066666666666666
AncB,2_3_BPG,68,-11.38,-0.22466666666666668,-0.6513333333333333,-0.33066666666666666
AncB,2_3_BPG,69,-11.19,-0.20333333333333334,-0.6633333333333333,-0.33066666666666666
AncB,2_3_BPG,70,-11.06,-0.18866666666666668,-0.6699999999999999,-0.33066666666666666
AncB,2_3_BPG,71,-9.59,-0.25733333333333336,-0.502,-0.33066666666666666
AncB,2_3_BPG,72,-10.86,-0.18,-0.6626666666666666,-0.33066666666666666
AncB,2_3_BPG,73,-10.88,-0.22666666666666666,-0.618,-0.33066666666666666
AncB,2_3_BPG,74,-10.19,-0.17466666666666666,-0.624,-0.33066666666666666
AncB,2_3_BPG,75,-10.61,-0.196,-0.63,-0.33066666666666666
AncB,2_3_BPG,76,-11.37,-0.21266666666666667,-0.664,-0.33066666666666666
AncB,2_3_BPG,77,-11.11,-0.22733333333333333,-0.6333333333333333,-0.33066666666666666
AncB,2_3_BPG,78,-10.98,-0.20400000000000001,-0.6466666666666666,-0.33066666666666666
AncB,2_3_BPG,79,-11.38,-0.21466666666666667,-0.664,-0.33066666666666666
AncB,2_3_BPG,80,-9.44,-0.25466666666666665,-0.49333333333333335,-0.33066666666666666
AncB,2_3_BPG,81,-10.99,-0.198,-0.654,-0.33066666666666666
AncB,2_3_BPG,82,-10.5,-0.16,-0.6613333333333333,-0.33066666666666666
AncB,2_3_BPG,83,-10.76,-0.20800000000000002,-0.628,-0.33066666666666666
AncB,2_3_BPG,84,-10.9,-0.218,-0.6286666666666667,-0.33066666666666666
AncB,2_3_BPG,85,-11.06,-0.14333333333333334,-0.7146666666666667,-0.33066666666666666
AncB,2_3_BPG,86,-10.09,-0.302,-0.49066666666666664,-0.33066666666666666
AncB,2_3_BPG,87,-10.56,-0.16333333333333333,-0.6613333333333333,-0.33066666666666666
AncB,2_3_BPG,88,-11.81,-0.21533333333333335,-0.692,-0.33066666666666666
AncB,2_3_BPG,89,-11.51,-0.22466666666666668,-0.6633333333333333,-0.33066666666666666
AncB,2_3_BPG,90,-10.65,-0.20466666666666666,-0.624,-0.33066666666666666
AncB,2_3_BPG,91,-11.14,-0.18933333333333333,-0.674,-0.33066666666666666
AncB,2_3_BPG,92,-11.06,-0.19533333333333333,-0.6606666666666666,-0.33066666666666666
AncB,2_3_BPG,93,-10.44,-0.20266666666666666,-0.6113333333333333,-0.33066666666666666
AncB,2_3_BPG,94,-11.02,-0.21666666666666667,-0.6366666666666667,-0.33066666666666666
AncB,2_3_BPG,95,-10.48,-0.18666666666666668,-0.6293333333333333,-0.33066666666666666
AncB,2_3_BPG,96,-11.34,-0.19266666666666665,-0.6826666666666666,-0.33066666666666666
AncB,2_3_BPG,97,-10.42,-0.19066666666666668,-0.6253333333333333,-0.33066666666666666
AncB,2_3_BPG,98,-10.37,-0.168,-0.642,-0.33066666666666666
AncB,2_3_BPG,99,-10.89,-0.218,-0.6266666666666667,-0.33066666666666666
AncB,2_3_BPG,100,-11.65,-0.22666666666666668,-0.6693333333333333,-0.33066666666666666
AncB,heme,1,-5.7,-0.16907407407407407,-0.007962962962962963,-3.7037037037035065e-05
AncB,heme,2,-5.38,-0.16685185185185186,-0.004629629629629629,-3.7037037037035065e-05
AncB,heme,3,-5.84,-0.17037037037037037,-0.009814814814814814,-3.7037037037035065e-05
AncB,heme,4,-5.38,-0.1574074074074074,-0.014259259259259258,-3.7037037037035065e-05
AncB,heme,5,-2.82,-0.12203703703703704,-0.0020370370370370373,-3.7037037037035065e-05
AncB,heme,6,-5.58,-0.15537037037037038,-0.02,-3.7037037037035065e-05
AncB,heme,7,-3.02,-0.1275925925925926,-1.927470528863119e-19,-3.7037037037035065e-05
AncB,heme,8,-5.37,-0.16703703703703704,-0.002777777777777778,-3.7037037037035065e-05
AncB,heme,9,-5.96,-0.1788888888888889,-0.003333333333333334,-3.7037037037035065e-05
AncB,heme,10,-3.96,-0.14425925925925925,-0.0014814814814814814,-3.7037037037035065e-05
AncB,heme,11,-6.83,-0.18851851851851853,-0.009814814814814816,-3.7037037037035065e-05
AncB,heme,12,-5.69,-0.17074074074074075,-0.006666666666666666,-3.7037037037035065e-05
AncB,heme,13,-3.67,-0.13833333333333334,-0.002592592592592592,-3.7037037037035065e-05
AncB,heme,14,-4.16,-0.13777777777777778,-0.011851851851851851,-3.7037037037035065e-05
AncB,heme,15,-4.86,-0.155,-0.007037037037037038,-3.7037037037035065e-05
AncB,heme,16,-4.69,-0.15703703703703703,-0.0018518518518518517,-3.7037037037035065e-05
AncB,heme,17,-4.95,-0.15796296296296297,-0.005185185185185185,-3.7037037037035065e-05
AncB,heme,18,-5.9,-0.15981481481481483,-0.020740740740740744,-3.7037037037035065e-05
AncB,heme,19,-5.93,-0.18,-0.0018518518518518517,-3.7037037037035065e-05
AncB,heme,20,-5.51,-0.16555555555555557,-0.008703703703703703,-3.7037037037035065e-05
AncB,heme,21,-4.59,-0.15074074074074073,-0.007037037037037037,-3.7037037037035065e-05
AncB,heme,22,-5.65,-0.17055555555555557,-0.0059259259259259265,-3.7037037037035065e-05
AncB,heme,23,-6.49,-0.18462962962962964,-0.007222222222222223,-3.7037037037035065e-05
AncB,heme,24,-3.59,-0.13648148148148148,-0.001851851851851852,-3.7037037037035065e-05
AncB,heme,25,-5.23,-0.155,-0.013703703703703702,-3.7037037037035065e-05
AncB,heme,26,-3.31,-0.13518518518518519,0.0011111111111111113,-3.7037037037035065e-05
AncB,heme,27,-8.04,-0.21166666666666667,-0.01,-3.7037037037035065e-05
AncB,heme,28,-4.0,-0.13907407407407407,-0.006481481481481482,-3.7037037037035065e-05
AncB,heme,29,-4.91,-0.155,-0.0077777777777777776,-3.7037037037035065e-05
AncB,heme,30,-5.72,-0.17,-0.007222222222222223,-3.7037037037035065e-05
AncB,heme,31,-6.25,-0.18055555555555555,-0.005925925925925925,-3.7037037037035065e-05
AncB,heme,32,-3.46,-0.13314814814814815,-0.002407407407407408,-3.7037037037035065e-05
AncB,heme,33,-4.92,-0.15888888888888889,-0.0037037037037037043,-3.7037037037035065e-05
AncB,heme,34,-6.09,-0.18,-0.0044444444444444444,-3.7037037037035065e-05
AncB,heme,35,-3.06,-0.12518518518518518,-0.0035185185185185185,-3.7037037037035065e-05
AncB,heme,36,-2.44,-0.11314814814814815,-0.00462962962962963,-3.7037037037035065e-05
AncB,heme,37,-6.46,-0.185,-0.005740740740740741,-3.7037037037035065e-05
AncB,heme,38,-3.39,-0.12388888888888888,-0.010555555555555554,-3.7037037037035065e-05
AncB,heme,39,-4.88,-0.15574074074074074,-0.005925925925925926,-3.7037037037035065e-05
AncB,heme,40,-3.31,-0.12537037037037038,-0.007037037037037037,-3.7037037037035065e-05
AncB,heme,41,-5.24,-0.16296296296296298,-0.0061111111111111106,-3.7037037037035065e-05
AncB,heme,42,-2.11,-0.10925925925925926,-0.001481481481481481,-3.7037037037035065e-05
AncB,heme,43,-4.97,-0.1574074074074074,-0.00648148148148148,-3.7037037037035065e-05
AncB,heme,44,-4.05,-0.13611111111111113,-0.00962962962962963,-3.7037037037035065e-05
AncB,heme,45,-5.0,-0.1612962962962963,-0.002407407407407408,-3.7037037037035065e-05
AncB,heme,46,-6.32,-0.17277777777777778,-0.016666666666666666,-3.7037037037035065e-05
AncB,heme,47,-4.15,-0.14333333333333334,-0.0059259259259259265,-3.7037037037035065e-05
AncB,heme,48,-5.21,-0.1638888888888889,-0.005740740740740742,-3.7037037037035065e-05
AncB,heme,49,-4.95,-0.15703703703703703,-0.006481481481481482,-3.7037037037035065e-05
AncB,heme,50,-4.18,-0.1464814814814815,-0.0027777777777777775,-3.7037037037035065e-05
AncB,heme,51,-6.61,-0.17685185185185184,-0.018518518518518517,-3.7037037037035065e-05
AncB,heme,52,-2.59,-0.115,-0.004999999999999998,-3.7037037037035065e-05
AncB,heme,53,-3.69,-0.13518518518518519,-0.0044444444444444444,-3.7037037037035065e-05
AncB,heme,54,-3.72,-0.13685185185185186,-0.0031481481481481486,-3.7037037037035065e-05
AncB,heme,55,-5.25,-0.15814814814814815,-0.01111111111111111,-3.7037037037035065e-05
AncB,heme,56,-4.95,-0.15537037037037038,-0.008148148148148151,-3.7037037037035065e-05
AncB,heme,57,-3.76,-0.14055555555555554,-0.00018518518518518528,-3.7037037037035065e-05
AncB,heme,58,-3.71,-0.14148148148148149,0.00018518518518518534,-3.7037037037035065e-05
AncB,heme,59,-6.97,-0.17666666666666667,-0.024444444444444446,-3.7037037037035065e-05
AncB,heme,60,-4.03,-0.13555555555555557,-0.010925925925925926,-3.7037037037035065e-05
AncB,heme,61,-4.91,-0.15537037037037038,-0.006851851851851852,-3.7037037037035065e-05
AncB,heme,62,-5.4,-0.1622222222222222,-0.00962962962962963,-3.7037037037035065e-05
AncB,heme,63,-5.64,-0.17037037037037037,-0.005370370370370371,-3.7037037037035065e-05
AncB,heme,64,-4.91,-0.16018518518518518,-0.0042592592592592595,-3.7037037037035065e-05
AncB,heme,65,-2.78,-0.12092592592592592,-0.002407407407407408,-3.7037037037035065e-05
AncB,heme,66,-4.31,-0.1437037037037037,-0.007592592592592593,-3.7037037037035065e-05
AncB,heme,67,-5.11,-0.15314814814814814,-0.013703703703703704,-3.7037037037035065e-05
AncB,heme,68,-2.92,-0.12425925925925926,-0.001851851851851851,-3.7037037037035065e-05
AncB,heme,69,-3.68,-0.13833333333333334,-0.0009259259259259259,-3.7037037037035065e-05
AncB,heme,70,-4.98,-0.15407407407407409,-0.009444444444444445,-3.7037037037035065e-05
AncB,heme,71,-2.79,-0.11944444444444445,-0.00537037037037037,-3.7037037037035065e-05
AncB,heme,72,-4.42,-0.14944444444444444,-0.004259259259259259,-3.7037037037035065e-05
AncB,heme,73,-3.8,-0.13666666666666666,-0.0059259259259259265,-3.7037037037035065e-05
AncB,heme,74,-5.67,-0.15925925925925927,-0.017592592592592594,-3.7037037037035065e-05
AncB,heme,75,-3.4,-0.12722222222222224,-0.007592592592592593,-3.7037037037035065e-05
AncB,heme,76,-5.29,-0.1685185185185185,-0.001296296296296296,-3.7037037037035065e-05
AncB,heme,77,-4.78,-0.1590740740740741,-0.0014814814814814818,-3.7037037037035065e-05
AncB,heme,78,-4.45,-0.15259259259259259,-0.002962962962962963,-3.7037037037035065e-05
AncB,heme,79,-4.68,-0.15444444444444444,-0.004259259259259259,-3.7037037037035065e-05
AncB,heme,80,-3.26,-0.12037037037037036,-0.011296296296296296,-3.7037037037035065e-05
AncB,heme,81,-3.68,-0.13907407407407407,-0.0007407407407407411,-3.7037037037035065e-05
AncB,heme,82,-3.09,-0.1275925925925926,-0.001851851851851852,-3.7037037037035065e-05
AncB,heme,83,-3.63,-0.13037037037037036,-0.009814814814814814,-3.7037037037035065e-05
AncB,heme,84,-3.38,-0.13240740740740742,-0.003333333333333333,-3.7037037037035065e-05
AncB,heme,85,-6.69,-0.18574074074074073,-0.010185185185185186,-3.7037037037035065e-05
AncB,heme,86,-4.8,-0.15351851851851853,-0.0077777777777777776,-3.7037037037035065e-05
AncB,heme,87,-4.1,-0.145,-0.003148148148148148,-3.7037037037035065e-05
AncB,heme,88,-3.91,-0.13944444444444445,-0.0059259259259259265,-3.7037037037035065e-05
AncB,heme,89,-3.83,-0.13925925925925925,-0.0033333333333333335,-3.7037037037035065e-05
AncB,heme,90,-3.67,-0.13314814814814815,-0.006481481481481482,-3.7037037037035065e-05
AncB,heme,91,-5.63,-0.16537037037037036,-0.011296296296296296,-3.7037037037035065e-05
AncB,heme,92,-5.32,-0.16611111111111113,-0.004814814814814815,-3.7037037037035065e-05
AncB,heme,93,-2.9,-0.12703703703703703,0.0025925925925925925,-3.7037037037035065e-05
AncB,heme,94,-2.88,-0.1262962962962963,0.0005555555555555553,-3.7037037037035065e-05
AncB,heme,95,-4.94,-0.15907407407407406,-0.004629629629629629,-3.7037037037035065e-05
AncB,heme,96,-5.88,-0.16907407407407407,-0.011481481481481483,-3.7037037037035065e-05
AncB,heme,97,-6.77,-0.18518518518518517,-0.011851851851851853,-3.7037037037035065e-05
AncB,heme,98,-5.47,-0.16574074074074074,-0.007407407407407407,-3.7037037037035065e-05
AncB,heme,99,-2.43,-0.11462962962962964,-0.0025925925925925934,-3.7037037037035065e-05
AncB,heme,100,-3.3,-0.1274074074074074,-0.005740740740740741,-3.7037037037035065e-05
AncB,heme_Co,1,-5.56,-0.12875,-0.06229166666666667,-0.04170833333333333
AncB,heme_Co,2,-7.48,-0.15729166666666666,-0.07208333333333333,-0.04170833333333333
AncB,heme_Co,3,-6.38,-0.14604166666666668,-0.06125,-0.04170833333333333
AncB,heme_Co,4,-6.24,-0.13395833333333335,-0.07104166666666667,-0.04170833333333333
AncB,heme_Co,5,-6.33,-0.14645833333333333,-0.059583333333333335,-0.04170833333333333
AncB,heme_Co,6,-6.44,-0.131875,-0.07645833333333334,-0.04170833333333333
AncB,heme_Co,7,-7.82,-0.13270833333333334,-0.104375,-0.04170833333333333
AncB,heme_Co,8,-4.63,-0.13520833333333335,-0.035625,-0.04170833333333333
AncB,heme_Co,9,-7.64,-0.1475,-0.08708333333333333,-0.04170833333333333
AncB,heme_Co,10,-6.53,-0.1525,-0.058541666666666665,-0.04170833333333333
AncB,heme_Co,11,-7.05,-0.135625,-0.08562499999999999,-0.04170833333333333
AncB,heme_Co,12,-7.11,-0.14354166666666668,-0.08020833333333334,-0.04170833333333333
AncB,heme_Co,13,-4.74,-0.14208333333333334,-0.030208333333333337,-0.04170833333333333
AncB,heme_Co,14,-5.96,-0.13708333333333333,-0.06125,-0.04170833333333333
AncB,heme_Co,15,-6.46,-0.14395833333333333,-0.06583333333333334,-0.04170833333333333
AncB,heme_Co,16,-6.35,-0.14791666666666667,-0.059166666666666666,-0.04170833333333333
AncB,heme_Co,17,-4.81,-0.13583333333333333,-0.03916666666666667,-0.04170833333333333
AncB,heme_Co,18,-8.44,-0.16770833333333335,-0.08291666666666667,-0.04170833333333333
AncB,heme_Co,19,-7.96,-0.19791666666666666,-0.042708333333333334,-0.04170833333333333
AncB,heme_Co,20,-6.77,-0.121875,-0.09375,-0.04170833333333333
AncB,heme_Co,21,-3.58,-0.14229166666666668,-0.006875000000000001,-0.04170833333333333
AncB,heme_Co,22,-4.9,-0.11125,-0.06541666666666666,-0.04170833333333333
AncB,heme_Co,23,-6.26,-0.15020833333333333,-0.05458333333333333,-0.04170833333333333
AncB,heme_Co,24,-6.07,-0.15229166666666666,-0.048541666666666664,-0.04170833333333333
AncB,heme_Co,25,-7.14,-0.138125,-0.08541666666666667,-0.04170833333333333
AncB,heme_Co,26,-5.22,-0.10270833333333333,-0.07979166666666666,-0.04170833333333333
AncB,heme_Co,27,-5.54,-0.07979166666666666,-0.11041666666666666,-0.04170833333333333
AncB,heme_Co,28,-7.48,-0.180625,-0.049166666666666664,-0.04170833333333333
AncB,heme_Co,29,-7.55,-0.165625,-0.06583333333333333,-0.04170833333333333
AncB,heme_Co,30,-6.33,-0.141875,-0.06395833333333334,-0.04170833333333333
AncB,heme_Co,31,-7.41,-0.15020833333333333,-0.078125,-0.04170833333333333
AncB,heme_Co,32,-4.98,-0.12458333333333334,-0.053125,-0.04170833333333333
AncB,heme_Co,33,-5.89,-0.15333333333333335,-0.043541666666666666,-0.04170833333333333
AncB,heme_Co,34,-5.73,-0.09979166666666667,-0.09520833333333333,-0.04170833333333333
AncB,heme_Co,35,-8.06,-0.15979166666666667,-0.08229166666666667,-0.04170833333333333
AncB,heme_Co,36,-6.24,-0.121875,-0.08270833333333333,-0.04170833333333333
AncB,heme_Co,37,-3.99,-0.14250000000000002,-0.015833333333333335,-0.04170833333333333
AncB,heme_Co,38,-8.25,-0.17854166666666668,-0.06666666666666667,-0.04170833333333333
AncB,heme_Co,39,-6.85,-0.13041666666666668,-0.08666666666666667,-0.04170833333333333
AncB,heme_Co,40,-6.79,-0.14625,-0.07020833333333333,-0.04170833333333333
AncB,heme_Co,41,-5.01,-0.13645833333333332,-0.0425,-0.04170833333333333
AncB,heme_Co,42,-8.14,-0.15979166666666667,-0.08374999999999999,-0.04170833333333333
AncB,heme_Co,43,-6.01,-0.149375,-0.050625,-0.04170833333333333
AncB,heme_Co,44,-6.8,-0.14270833333333333,-0.07395833333333333,-0.04170833333333333
AncB,heme_Co,45,-6.43,-0.13916666666666666,-0.06979166666666667,-0.04170833333333333
AncB,heme_Co,46,-6.09,-0.12854166666666667,-0.07333333333333333,-0.04170833333333333
AncB,heme_Co,47,-6.38,-0.14916666666666667,-0.058541666666666665,-0.04170833333333333
AncB,heme_Co,48,-6.93,-0.153125,-0.06541666666666666,-0.04170833333333333
AncB,heme_Co,49,-5.38,-0.10979166666666666,-0.07625,-0.04170833333333333
AncB,heme_Co,50,-3.7,-0.0475,-0.105,-0.04170833333333333
AncB,heme_Co,51,-8.21,-0.16375,-0.08208333333333334,-0.04170833333333333
AncB,heme_Co,52,-6.53,-0.16541666666666666,-0.04541666666666667,-0.04170833333333333
AncB,heme_Co,53,-8.13,-0.15041666666666667,-0.09395833333333334,-0.04170833333333333
AncB,heme_Co,54,-6.16,-0.13020833333333334,-0.073125,-0.04170833333333333
AncB,heme_Co,55,-6.67,-0.15479166666666666,-0.059583333333333335,-0.04170833333333333
AncB,heme_Co,56,-6.44,-0.16166666666666668,-0.04770833333333333,-0.04170833333333333
AncB,heme_Co,57,-3.91,-0.138125,-0.018125,-0.04170833333333333
AncB,heme_Co,58,-5.48,-0.12125,-0.06708333333333333,-0.04170833333333333
AncB,heme_Co,59,-6.8,-0.14583333333333334,-0.07062500000000001,-0.04170833333333333
AncB,heme_Co,60,-8.45,-0.16354166666666667,-0.08708333333333333,-0.04170833333333333
AncB,heme_Co,61,-8.16,-0.16583333333333333,-0.079375,-0.04170833333333333
AncB,heme_Co,62,-8.81,-0.17666666666666667,-0.08229166666666667,-0.04170833333333333
AncB,heme_Co,63,-7.88,-0.14833333333333334,-0.090625,-0.04170833333333333
AncB,heme_Co,64,-6.59,-0.15270833333333333,-0.058958333333333335,-0.04170833333333333
AncB,heme_Co,65,-7.82,-0.15416666666666667,-0.08291666666666667,-0.04170833333333333
AncB,heme_Co,66,-7.59,-0.14604166666666668,-0.08770833333333333,-0.04170833333333333
AncB,heme_Co,67,-7.08,-0.160625,-0.06229166666666667,-0.04170833333333333
AncB,heme_Co,68,-6.43,-0.16354166666666667,-0.04583333333333333,-0.04170833333333333
AncB,heme_Co,69,-8.12,-0.15666666666666668,-0.0875,-0.04170833333333333
AncB,heme_Co,70,-6.11,-0.14770833333333333,-0.05458333333333333,-0.04170833333333333
AncB,heme_Co,71,-8.43,-0.159375,-0.090625,-0.04170833333333333
AncB,heme_Co,72,-7.39,-0.14020833333333332,-0.08875000000000001,-0.04170833333333333
AncB,heme_Co,73,-5.76,-0.12895833333333334,-0.06645833333333333,-0.04170833333333333
AncB,heme_Co,74,-5.15,-0.13229166666666667,-0.04958333333333333,-0.04170833333333333
AncB,heme_Co,75,-6.88,-0.14208333333333334,-0.07520833333333334,-0.04170833333333333
AncB,heme_Co,76,-5.89,-0.15645833333333334,-0.041874999999999996,-0.04170833333333333
AncB,heme_Co,77,-4.32,-0.13854166666666667,-0.024583333333333332,-0.04170833333333333
AncB,heme_Co,78,-3.83,-0.139375,-0.014583333333333335,-0.04170833333333333
AncB,heme_Co,79,-4.71,-0.09604166666666666,-0.07729166666666666,-0.04170833333333333
AncB,heme_Co,80,-8.61,-0.16333333333333333,-0.09104166666666667,-0.04170833333333333
AncB,heme_Co,81,-7.26,-0.133125,-0.09333333333333332,-0.04170833333333333
AncB,heme_Co,82,-3.57,-0.14166666666666666,-0.006666666666666667,-0.04170833333333333
AncB,heme_Co,83,-6.77,-0.14145833333333332,-0.07395833333333333,-0.04170833333333333
AncB,heme_Co,84,-5.3,-0.06875,-0.11520833333333333,-0.04170833333333333
AncB,heme_Co,85,-5.76,-0.12354166666666667,-0.070625,-0.04170833333333333
AncB,heme_Co,86,-5.14,-0.123125,-0.058125,-0.04170833333333333
AncB,heme_Co,87,-7.43,-0.15833333333333333,-0.07166666666666667,-0.04170833333333333
AncB,heme_Co,88,-7.48,-0.13958333333333334,-0.09145833333333334,-0.04170833333333333
AncB,heme_Co,89,-5.72,-0.1475,-0.045625,-0.04170833333333333
AncB,heme_Co,90,-4.93,-0.13270833333333334,-0.04416666666666667,-0.04170833333333333
AncB,heme_Co,91,-6.76,-0.12020833333333333,-0.09625,-0.04170833333333333
AncB,heme_Co,92,-6.0,-0.11875,-0.08104166666666666,-0.04170833333333333
AncB,heme_Co,93,-8.35,-0.15729166666666666,-0.09104166666666667,-0.04170833333333333
AncB,heme_Co,94,-6.24,-0.09979166666666667,-0.10375,-0.04170833333333333
AncB,heme_Co,95,-8.35,-0.16604166666666667,-0.08395833333333333,-0.04170833333333333
AncB,heme_Co,96,-3.95,-0.14083333333333334,-0.016041666666666666,-0.04170833333333333
AncB,heme_Co,97,-6.9,-0.16104166666666667,-0.05645833333333333,-0.04170833333333333
AncB,heme_Co,98,-5.66,-0.14395833333333333,-0.04895833333333333,-0.04170833333333333
AncB,heme_Co,99,-6.66,-0.13020833333333334,-0.08395833333333333,-0.04170833333333333
AncB,heme_Co,100,-7.61,-0.14208333333333334,-0.09145833333333334,-0.04170833333333333
AncB,heme_Fe,1,-9.61,-0.194,-0.08644444444444445,-0.04448888888888889
AncB,heme_Fe,2,-9.45,-0.19955555555555557,-0.0768888888888889,-0.04448888888888889
AncB,heme_Fe,3,-10.53,-0.19844444444444445,-0.10088888888888889,-0.04448888888888889
AncB,heme_Fe,4,-9.79,-0.19777777777777777,-0.08511111111111111,-0.04448888888888889
AncB,heme_Fe,5,-13.9,-0.30644444444444446,-0.06844444444444445,-0.04448888888888889
AncB,heme_Fe,6,-9.89,-0.19622222222222221,-0.09,-0.04448888888888889
AncB,heme_Fe,7,-9.61,-0.2051111111111111,-0.07466666666666667,-0.04448888888888889
AncB,heme_Fe,8,-14.85,-0.31755555555555554,-0.07866666666666666,-0.04448888888888889
AncB,heme_Fe,9,-15.13,-0.32155555555555554,-0.08066666666666666,-0.04448888888888889
AncB,heme_Fe,10,-9.95,-0.20044444444444445,-0.08711111111111111,-0.04448888888888889
AncB,heme_Fe,11,-14.74,-0.3151111111111111,-0.07822222222222222,-0.04448888888888889
AncB,heme_Fe,12,-14.1,-0.30666666666666664,-0.07311111111111111,-0.04448888888888889
AncB,heme_Fe,13,-15.07,-0.3233333333333333,-0.07755555555555556,-0.04448888888888889
AncB,heme_Fe,14,-14.87,-0.32266666666666666,-0.07466666666666667,-0.04448888888888889
AncB,heme_Fe,15,-7.36,-0.1688888888888889,-0.06088888888888889,-0.04448888888888889
AncB,heme_Fe,16,-9.72,-0.20333333333333334,-0.07911111111111112,-0.04448888888888889
AncB,heme_Fe,17,-14.17,-0.31177777777777776,-0.06888888888888889,-0.04448888888888889
AncB,heme_Fe,18,-14.21,-0.31533333333333335,-0.06666666666666667,-0.04448888888888889
AncB,heme_Fe,19,-14.57,-0.30822222222222223,-0.08133333333333334,-0.04448888888888889
AncB,heme_Fe,20,-14.44,-0.3088888888888889,-0.078,-0.04448888888888889
AncB,heme_Fe,21,-14.91,-0.31977777777777777,-0.07755555555555556,-0.04448888888888889
AncB,heme_Fe,22,-14.39,-0.3088888888888889,-0.0768888888888889,-0.04448888888888889
AncB,heme_Fe,23,-15.04,-0.32155555555555554,-0.07733333333333334,-0.04448888888888889
AncB,heme_Fe,24,-9.68,-0.19377777777777777,-0.08666666666666667,-0.04448888888888889
AncB,heme_Fe,25,-14.51,-0.32155555555555554,-0.06711111111111111,-0.04448888888888889
AncB,heme_Fe,26,-10.68,-0.25177777777777777,-0.05266666666666667,-0.04448888888888889
AncB,heme_Fe,27,-10.21,-0.19355555555555556,-0.09933333333333334,-0.04448888888888889
AncB,heme_Fe,28,-13.61,-0.2786666666666667,-0.09111111111111111,-0.04448888888888889
AncB,heme_Fe,29,-15.35,-0.32022222222222224,-0.08666666666666667,-0.04448888888888889
AncB,heme_Fe,30,-10.4,-0.20244444444444445,-0.09422222222222222,-0.04448888888888889
AncB,heme_Fe,31,-10.92,-0.21355555555555555,-0.09466666666666666,-0.04448888888888889
AncB,heme_Fe,32,-9.76,-0.2028888888888889,-0.08044444444444444,-0.04448888888888889
AncB,heme_Fe,33,-14.95,-0.3393333333333333,-0.058888888888888886,-0.04448888888888889
AncB,heme_Fe,34,-14.82,-0.31,-0.08577777777777777,-0.04448888888888889
AncB,heme_Fe,35,-10.08,-0.208,-0.082,-0.04448888888888889
AncB,heme_Fe,36,-10.77,-0.21488888888888888,-0.09022222222222222,-0.04448888888888889
AncB,heme_Fe,37,-10.69,-0.20933333333333334,-0.09488888888888888,-0.04448888888888889
AncB,heme_Fe,38,-14.14,-0.3055555555555556,-0.0748888888888889,-0.04448888888888889
AncB,heme_Fe,39,-13.95,-0.3051111111111111,-0.07088888888888889,-0.04448888888888889
AncB,heme_Fe,40,-14.79,-0.31333333333333335,-0.08155555555555555,-0.04448888888888889
AncB,heme_Fe,41,-14.74,-0.31533333333333335,-0.078,-0.04448888888888889
AncB,heme_Fe,42,-14.59,-0.3237777777777778,-0.06688888888888889,-0.04448888888888889
AncB,heme_Fe,43,-14.98,-0.3228888888888889,-0.07666666666666666,-0.04448888888888889
AncB,heme_Fe,44,-9.86,-0.20022222222222222,-0.08444444444444445,-0.04448888888888889
AncB,heme_Fe,45,-10.59,-0.20933333333333334,-0.09177777777777778,-0.04448888888888889
AncB,heme_Fe,46,-9.3,-0.1837777777777778,-0.08955555555555555,-0.04448888888888889
AncB,heme_Fe,47,-9.72,-0.19977777777777778,-0.08288888888888889,-0.04448888888888889
AncB,heme_Fe,48,-8.37,-0.17577777777777778,-0.076,-0.04448888888888889
AncB,heme_Fe,49,-14.16,-0.30866666666666664,-0.07244444444444445,-0.04448888888888889
AncB,heme_Fe,50,-9.54,-0.1988888888888889,-0.07933333333333334,-0.04448888888888889
AncB,heme_Fe,51,-7.61,-0.164,-0.07177777777777777,-0.04448888888888889
AncB,heme_Fe,52,-14.83,-0.31155555555555553,-0.08444444444444445,-0.04448888888888889
AncB,heme_Fe,53,-9.82,-0.19555555555555557,-0.08933333333333333,-0.04448888888888889
AncB,heme_Fe,54,-14.51,-0.31955555555555554,-0.06866666666666667,-0.04448888888888889
AncB,heme_Fe,55,-8.41,-0.1471111111111111,-0.10488888888888889,-0.04448888888888889
AncB,heme_Fe,56,-9.18,-0.18422222222222223,-0.08711111111111111,-0.04448888888888889
AncB,heme_Fe,57,-9.9,-0.20333333333333334,-0.08266666666666667,-0.04448888888888889
AncB,heme_Fe,58,-9.67,-0.19666666666666666,-0.08488888888888889,-0.04448888888888889
AncB,heme_Fe,59,-10.94,-0.21222222222222223,-0.09666666666666666,-0.04448888888888889
AncB,heme_Fe,60,-14.72,-0.3022222222222222,-0.09177777777777778,-0.04448888888888889
AncB,heme_Fe,61,-9.27,-0.18066666666666667,-0.092,-0.04448888888888889
AncB,heme_Fe,62,-9.86,-0.20044444444444445,-0.08466666666666667,-0.04448888888888889
AncB,heme_Fe,63,-12.74,-0.31022222222222223,-0.03777777777777777,-0.04448888888888889
AncB,heme_Fe,64,-9.6,-0.18688888888888888,-0.09355555555555556,-0.04448888888888889
AncB,heme_Fe,65,-14.53,-0.3051111111111111,-0.084,-0.04448888888888889
AncB,heme_Fe,66,-10.37,-0.21511111111111111,-0.08222222222222222,-0.04448888888888889
AncB,heme_Fe,67,-13.68,-0.2806666666666667,-0.08977777777777778,-0.04448888888888889
AncB,heme_Fe,68,-15.01,-0.31933333333333336,-0.07977777777777778,-0.04448888888888889
AncB,heme_Fe,69,-14.46,-0.31066666666666665,-0.07755555555555556,-0.04448888888888889
AncB,heme_Fe,70,-7.75,-0.1282222222222222,-0.11022222222222222,-0.04448888888888889
AncB,heme_Fe,71,-8.38,-0.1371111111111111,-0.11466666666666667,-0.04448888888888889
AncB,heme_Fe,72,-14.36,-0.31355555555555553,-0.07222222222222222,-0.04448888888888889
AncB,heme_Fe,73,-14.54,-0.32955555555555555,-0.060222222222222226,-0.04448888888888889
AncB,heme_Fe,74,-15.12,-0.3193333333333333,-0.08311111111111111,-0.04448888888888889
AncB,heme_Fe,75,-10.74,-0.20600000000000002,-0.09822222222222222,-0.04448888888888889
AncB,heme_Fe,76,-14.16,-0.30577777777777776,-0.0748888888888889,-0.04448888888888889
AncB,heme_Fe,77,-9.84,-0.194,-0.09022222222222222,-0.04448888888888889
AncB,heme_Fe,78,-9.63,-0.196,-0.08355555555555555,-0.04448888888888889
AncB,heme_Fe,79,-14.96,-0.31955555555555554,-0.07933333333333334,-0.04448888888888889
AncB,heme_Fe,80,-14.5,-0.32,-0.06844444444444445,-0.04448888888888889
AncB,heme_Fe,81,-14.85,-0.31133333333333335,-0.084,-0.04448888888888889
AncB,heme_Fe,82,-14.98,-0.31222222222222223,-0.08755555555555555,-0.04448888888888889
AncB,heme_Fe,83,-10.74,-0.21066666666666667,-0.09311111111111112,-0.04448888888888889
AncB,heme_Fe,84,-9.87,-0.196,-0.08844444444444445,-0.04448888888888889
AncB,heme_Fe,85,-10.25,-0.20822222222222223,-0.08533333333333334,-0.04448888888888889
AncB,heme_Fe,86,-8.83,-0.16577777777777777,-0.09644444444444444,-0.04448888888888889
AncB,heme_Fe,87,-14.71,-0.31244444444444447,-0.08066666666666666,-0.04448888888888889
AncB,heme_Fe,88,-13.9,-0.30333333333333334,-0.07222222222222222,-0.04448888888888889
AncB,heme_Fe,89,-10.28,-0.19822222222222222,-0.09533333333333333,-0.04448888888888889
AncB,heme_Fe,90,-9.26,-0.18422222222222223,-0.08911111111111111,-0.04448888888888889
AncB,heme_Fe,91,-14.67,-0.3148888888888889,-0.0768888888888889,-0.04448888888888889
AncB,heme_Fe,92,-10.43,-0.20666666666666667,-0.09066666666666667,-0.04448888888888889
AncB,heme_Fe,93,-13.53,-0.3184444444444444,-0.04933333333333333,-0.04448888888888889
AncB,heme_Fe,94,-14.75,-0.31422222222222224,-0.0791111111111111,-0.04448888888888889
AncB,heme_Fe,95,-8.52,-0.1488888888888889,-0.10555555555555556,-0.04448888888888889
AncB,heme_Fe,96,-9.83,-0.20244444444444445,-0.08088888888888889,-0.04448888888888889
AncB,heme_Fe,97,-15.27,-0.31377777777777777,-0.09177777777777778,-0.04448888888888889
AncB,heme_Fe,98,-14.88,-0.32022222222222224,-0.07622222222222222,-0.04448888888888889
AncB,heme_Fe,99,-10.04,-0.20066666666666666,-0.08911111111111111,-0.04448888888888889
AncB,heme_Fe,100,-9.96,-0.19577777777777777,-0.09155555555555556,-0.04448888888888889
AncB,heme_O2,1,-16.29,-0.34595744680851065,-0.06361702127659574,-0.04259574468085106
AncB,heme_O2,2,-16.18,-0.3397872340425532,-0.06851063829787234,-0.04259574468085106
AncB,heme_O2,3,-7.55,-0.15978723404255318,-0.06425531914893617,-0.04259574468085106
AncB,heme_O2,4,-15.25,-0.3248936170212766,-0.06319148936170213,-0.04259574468085106
AncB,heme_O2,5,-6.35,-0.1123404255319149,-0.08595744680851064,-0.04259574468085106
AncB,heme_O2,6,-16.0,-0.33914893617021274,-0.06446808510638298,-0.04259574468085106
AncB,heme_O2,7,-16.06,-0.3497872340425532,-0.05595744680851064,-0.04259574468085106
AncB,heme_O2,8,-16.0,-0.3404255319148936,-0.06361702127659574,-0.04259574468085106
AncB,heme_O2,9,-7.55,-0.1570212765957447,-0.06680851063829787,-0.04259574468085106
AncB,heme_O2,10,-7.58,-0.11191489361702128,-0.1127659574468085,-0.04259574468085106
AncB,heme_O2,11,-15.9,-0.34,-0.062127659574468086,-0.04259574468085106
AncB,heme_O2,12,-15.71,-0.33191489361702126,-0.06553191489361702,-0.04259574468085106
AncB,heme_O2,13,-7.14,-0.09978723404255319,-0.11574468085106383,-0.04259574468085106
AncB,heme_O2,14,-8.36,-0.17872340425531916,-0.06297872340425532,-0.04259574468085106
AncB,heme_O2,15,-15.1,-0.3351063829787234,-0.049574468085106384,-0.04259574468085106
AncB,heme_O2,16,-15.71,-0.3363829787234043,-0.06191489361702127,-0.04259574468085106
AncB,heme_O2,17,-15.33,-0.31574468085106383,-0.07319148936170214,-0.04259574468085106
AncB,heme_O2,18,-7.88,-0.17063829787234042,-0.06106382978723404,-0.04259574468085106
AncB,heme_O2,19,-16.11,-0.34106382978723404,-0.06574468085106383,-0.04259574468085106
AncB,heme_O2,20,-8.39,-0.16276595744680852,-0.07936170212765957,-0.04259574468085106
AncB,heme_O2,21,-5.68,-0.11723404255319149,-0.06638297872340426,-0.04259574468085106
AncB,heme_O2,22,-16.25,-0.34617021276595744,-0.06361702127659574,-0.04259574468085106
AncB,heme_O2,23,-16.11,-0.3523404255319149,-0.05319148936170213,-0.04259574468085106
AncB,heme_O2,24,-9.17,-0.1723404255319149,-0.08617021276595745,-0.04259574468085106
AncB,heme_O2,25,-16.34,-0.3568085106382979,-0.0551063829787234,-0.04259574468085106
AncB,heme_O2,26,-6.06,-0.14617021276595746,-0.04638297872340425,-0.04259574468085106
AncB,heme_O2,27,-7.82,-0.19127659574468087,-0.038510638297872345,-0.04259574468085106
AncB,heme_O2,28,-15.58,-0.334468085106383,-0.06,-0.04259574468085106
AncB,heme_O2,29,-8.35,-0.16297872340425532,-0.07893617021276596,-0.04259574468085106
AncB,heme_O2,30,-7.66,-0.16425531914893618,-0.0627659574468085,-0.04259574468085106
AncB,heme_O2,31,-7.11,-0.1727659574468085,-0.042340425531914895,-0.04259574468085106
AncB,heme_O2,32,-14.64,-0.3293617021276596,-0.045744680851063826,-0.04259574468085106
AncB,heme_O2,33,-7.79,-0.11978723404255319,-0.10829787234042554,-0.04259574468085106
AncB,heme_O2,34,-7.48,-0.15340425531914895,-0.06872340425531914,-0.04259574468085106
AncB,heme_O2,35,-9.0,-0.16787234042553192,-0.08680851063829788,-0.04259574468085106
AncB,heme_O2,36,-7.97,-0.14127659574468085,-0.09234042553191489,-0.04259574468085106
AncB,heme_O2,37,-8.58,-0.1674468085106383,-0.07936170212765957,-0.04259574468085106
AncB,heme_O2,38,-7.8,-0.13319148936170214,-0.09680851063829787,-0.04259574468085106
AncB,heme_O2,39,-8.58,-0.15170212765957447,-0.09425531914893617,-0.04259574468085106
AncB,heme_O2,40,-7.87,-0.1448936170212766,-0.08531914893617021,-0.04259574468085106
AncB,heme_O2,41,-15.62,-0.33148936170212767,-0.06446808510638298,-0.04259574468085106
AncB,heme_O2,42,-15.57,-0.3321276595744681,-0.06297872340425532,-0.04259574468085106
AncB,heme_O2,43,-7.54,-0.1125531914893617,-0.11127659574468085,-0.04259574468085106
AncB,heme_O2,44,-7.79,-0.17191489361702128,-0.05808510638297872,-0.04259574468085106
AncB,heme_O2,45,-8.11,-0.12382978723404256,-0.11106382978723404,-0.04259574468085106
AncB,heme_O2,46,-7.72,-0.15404255319148935,-0.07425531914893617,-0.04259574468085106
AncB,heme_O2,47,-7.2,-0.18382978723404256,-0.03276595744680851,-0.04259574468085106
AncB,heme_O2,48,-15.54,-0.33574468085106385,-0.05936170212765957,-0.04259574468085106
AncB,heme_O2,49,-7.25,-0.14574468085106382,-0.0725531914893617,-0.04259574468085106
AncB,heme_O2,50,-8.94,-0.1676595744680851,-0.0874468085106383,-0.04259574468085106
AncB,heme_O2,51,-5.81,-0.1674468085106383,-0.02,-0.04259574468085106
AncB,heme_O2,52,-8.12,-0.1174468085106383,-0.11872340425531915,-0.04259574468085106
AncB,heme_O2,53,-15.41,-0.3346808510638298,-0.0574468085106383,-0.04259574468085106
AncB,heme_O2,54,-6.47,-0.11404255319148936,-0.08531914893617021,-0.04259574468085106
AncB,heme_O2,55,-14.12,-0.3146808510638298,-0.05,-0.04259574468085106
AncB,heme_O2,56,-15.17,-0.32574468085106384,-0.06021276595744681,-0.04259574468085106
AncB,heme_O2,57,-4.99,-0.12829787234042553,-0.04085106382978723,-0.04259574468085106
AncB,heme_O2,58,-6.21,-0.15638297872340426,-0.03957446808510638,-0.04259574468085106
AncB,heme_O2,59,-15.88,-0.3304255319148936,-0.07085106382978723,-0.04259574468085106
AncB,heme_O2,60,-15.15,-0.3325531914893617,-0.05361702127659575,-0.04259574468085106
AncB,heme_O2,61,-16.26,-0.3353191489361702,-0.07382978723404256,-0.04259574468085106
AncB,heme_O2,62,-15.8,-0.32659574468085106,-0.07319148936170213,-0.04259574468085106
AncB,heme_O2,63,-6.45,-0.15872340425531914,-0.041914893617021276,-0.04259574468085106
AncB,heme_O2,64,-7.62,-0.16574468085106384,-0.061276595744680855,-0.04259574468085106
AncB,heme_O2,65,-15.66,-0.33191489361702126,-0.06489361702127659,-0.04259574468085106
AncB,heme_O2,66,-16.08,-0.3331914893617021,-0.07340425531914893,-0.04259574468085106
AncB,heme_O2,67,-8.45,-0.12489361702127659,-0.11787234042553191,-0.04259574468085106
AncB,heme_O2,68,-7.28,-0.11063829787234043,-0.10936170212765958,-0.04259574468085106
AncB,heme_O2,69,-5.93,-0.13191489361702127,-0.05787234042553192,-0.04259574468085106
AncB,heme_O2,70,-15.33,-0.3272340425531915,-0.06255319148936171,-0.04259574468085106
AncB,heme_O2,71,-8.57,-0.1595744680851064,-0.08531914893617021,-0.04259574468085106
AncB,heme_O2,72,-15.77,-0.33680851063829786,-0.062127659574468086,-0.04259574468085106
AncB,heme_O2,73,-7.79,-0.1148936170212766,-0.11404255319148936,-0.04259574468085106
AncB,heme_O2,74,-15.81,-0.33191489361702126,-0.06893617021276596,-0.04259574468085106
AncB,heme_O2,75,-8.34,-0.18680851063829787,-0.053404255319148934,-0.04259574468085106
AncB,heme_O2,76,-7.11,-0.1625531914893617,-0.05148936170212766,-0.04259574468085106
AncB,heme_O2,77,-8.94,-0.18361702127659574,-0.07042553191489362,-0.04259574468085106
AncB,heme_O2,78,-8.99,-0.17382978723404255,-0.08127659574468085,-0.04259574468085106
AncB,heme_O2,79,-7.57,-0.1072340425531915,-0.11723404255319149,-0.04259574468085106
AncB,heme_O2,80,-16.18,-0.33297872340425533,-0.0748936170212766,-0.04259574468085106
AncB,heme_O2,81,-6.52,-0.16489361702127658,-0.03829787234042553,-0.04259574468085106
AncB,heme_O2,82,-8.79,-0.16021276595744682,-0.09106382978723404,-0.04259574468085106
AncB,heme_O2,83,-7.19,-0.15531914893617021,-0.060851063829787236,-0.04259574468085106
AncB,heme_O2,84,-6.24,-0.14063829787234042,-0.055744680851063835,-0.04259574468085106
AncB,heme_O2,85,-7.21,-0.17085106382978724,-0.046170212765957445,-0.04259574468085106
AncB,heme_O2,86,-9.01,-0.16085106382978723,-0.09446808510638298,-0.04259574468085106
AncB,heme_O2,87,-15.56,-0.32638297872340427,-0.06808510638297872,-0.04259574468085106
AncB,heme_O2,88,-15.17,-0.3251063829787234,-0.06042553191489362,-0.04259574468085106
AncB,heme_O2,89,-9.05,-0.17063829787234042,-0.0848936170212766,-0.04259574468085106
AncB,heme_O2,90,-6.63,-0.1048936170212766,-0.0997872340425532,-0.04259574468085106
AncB,heme_O2,91,-8.72,-0.18085106382978725,-0.0678723404255319,-0.04259574468085106
AncB,heme_O2,92,-15.63,-0.33595744680851064,-0.05957446808510638,-0.04259574468085106
AncB,heme_O2,93,-8.57,-0.1697872340425532,-0.07574468085106383,-0.04259574468085106
AncB,heme_O2,94,-8.02,-0.15914893617021278,-0.07468085106382978,-0.04259574468085106
AncB,heme_O2,95,-7.75,-0.13106382978723405,-0.09808510638297872,-0.04259574468085106
AncB,heme_O2,96,-15.15,-0.32680851063829786,-0.05914893617021277,-0.04259574468085106
AncB,heme_O2,97,-8.1,-0.16893617021276597,-0.06723404255319149,-0.04259574468085106
AncB,heme_O2,98,-7.2,-0.11808510638297873,-0.09808510638297872,-0.04259574468085106
AncB,heme_O2,99,-10.68,-0.24638297872340426,-0.04553191489361702,-0.04259574468085106
AncB,heme_O2,100,-7.26,-0.15531914893617021,-0.06276595744680852,-0.04259574468085106
AncB,IHP,1,,-0.12833333333333333,-0.00375,-0.00012500000000000358
AncB,IHP,2,,-0.07833333333333334,-0.003333333333333334,-0.00012500000000000358
AncB,IHP,3,,-0.08083333333333333,-0.00020833333333333308,-0.00012500000000000358
AncB,IHP,4,,-0.0875,-0.0052083333333333304,-0.00012500000000000358
AncB,IHP,5,,-0.11645833333333333,-0.006666666666666668,-0.00012500000000000358
AncB,IHP,6,,-0.09083333333333334,0.002083333333333333,-0.00012500000000000358
AncB,IHP,7,,-0.0675,-0.0014583333333333338,-0.00012500000000000358
AncB,IHP,8,,-0.078125,-0.009791666666666667,-0.00012500000000000358
AncB,IHP,9,,-0.11229166666666666,-0.0004166666666666674,-0.00012500000000000358
AncB,IHP,10,,-0.11333333333333333,-0.003541666666666667,-0.00012500000000000358
AncB,IHP,11,,-0.07979166666666666,-0.005833333333333334,-0.00012500000000000358
AncB,IHP,12,,-0.11395833333333333,0.0008333333333333318,-0.00012500000000000358
AncB,IHP,13,,-0.07770833333333334,0.0029166666666666664,-0.00012500000000000358
AncB,IHP,14,,-0.11604166666666667,-0.0025000000000000005,-0.00012500000000000358
AncB,IHP,15,,-0.10395833333333333,-0.006041666666666667,-0.00012500000000000358
AncB,IHP,16,,-0.09583333333333334,-0.003958333333333333,-0.00012500000000000358
AncB,IHP,17,,-0.13958333333333334,-0.008124999999999999,-0.00012500000000000358
AncB,IHP,18,,-0.09145833333333334,-0.008541666666666666,-0.00012500000000000358
AncB,IHP,19,,-0.095625,-0.007291666666666667,-0.00012500000000000358
AncB,IHP,20,,-0.064375,-0.005625,-0.00012500000000000358
AncB,IHP,21,,-0.09833333333333333,-0.00041666666666666653,-0.00012500000000000358
AncB,IHP,22,,-0.08520833333333333,-0.0025,-0.00012500000000000358
AncB,IHP,23,,-0.119375,-0.0010416666666666669,-0.00012500000000000358
AncB,IHP,24,,-0.052083333333333336,-0.012291666666666666,-0.00012500000000000358
AncB,IHP,25,-0.65,-0.14625,-0.016458333333333335,-0.00012500000000000358
AncB,IHP,26,,-0.10020833333333333,-0.007708333333333334,-0.00012500000000000358
AncB,IHP,27,,-0.09229166666666666,-0.006250000000000001,-0.00012500000000000358
AncB,IHP,28,,-0.07791666666666666,-0.002708333333333333,-0.00012500000000000358
AncB,IHP,29,,-0.09854166666666667,-0.005,-0.00012500000000000358
AncB,IHP,30,,-0.09833333333333333,-0.003541666666666666,-0.00012500000000000358
AncB,IHP,31,,-0.12083333333333333,-0.010208333333333331,-0.00012500000000000358
AncB,IHP,32,,-0.09291666666666666,-0.0033333333333333335,-0.00012500000000000358
AncB,IHP,33,,-0.11416666666666667,-0.0010416666666666669,-0.00012500000000000358
AncB,IHP,34,,-0.10958333333333334,-0.0018750000000000006,-0.00012500000000000358
AncB,IHP,35,-0.17,-0.14645833333333333,-0.006458333333333332,-0.00012500000000000358
AncB,IHP,36,,-0.08333333333333333,-0.016666666666666666,-0.00012500000000000358
AncB,IHP,37,,-0.07520833333333334,-0.004791666666666664,-0.00012500000000000358
AncB,IHP,38,,-0.111875,-0.006666666666666666,-0.00012500000000000358
AncB,IHP,39,,-0.09625,-0.011250000000000001,-0.00012500000000000358
AncB,IHP,40,,-0.10645833333333334,-0.0018749999999999993,-0.00012500000000000358
AncB,IHP,41,,-0.09166666666666667,-0.007083333333333334,-0.00012500000000000358
AncB,IHP,42,,-0.07416666666666667,-0.009583333333333333,-0.00012500000000000358
AncB,IHP,43,,-0.04875,-0.0006250000000000008,-0.00012500000000000358
AncB,IHP,44,,-0.08875,-0.012916666666666667,-0.00012500000000000358
AncB,IHP,45,,-0.09916666666666667,-0.010208333333333333,-0.00012500000000000358
AncB,IHP,46,,-0.063125,-0.0020833333333333333,-0.00012500000000000358
AncB,IHP,47,,-0.09229166666666667,-0.0004166666666666659,-0.00012500000000000358
AncB,IHP,48,,-0.095,-0.005833333333333334,-0.00012500000000000358
AncB,IHP,49,,-0.06666666666666667,-0.021666666666666667,-0.00012500000000000358
AncB,IHP,50,,-0.1,-0.00625,-0.00012500000000000358
AncB,IHP,51,,-0.105625,-0.0014583333333333336,-0.00012500000000000358
AncB,IHP,52,,-0.08145833333333334,-0.005625000000000001,-0.00012500000000000358
AncB,IHP,53,,-0.09729166666666667,-0.0033333333333333327,-0.00012500000000000358
AncB,IHP,54,,-0.08145833333333333,-0.007083333333333332,-0.00012500000000000358
AncB,IHP,55,,-0.09104166666666667,0.0010416666666666669,-0.00012500000000000358
AncB,IHP,56,,-0.06208333333333333,0.0045833333333333325,-0.00012500000000000358
AncB,IHP,57,,-0.09916666666666667,0.00020833333333333275,-0.00012500000000000358
AncB,IHP,58,,-0.07916666666666666,0.0002083333333333311,-0.00012500000000000358
AncB,IHP,59,,-0.060625,-0.0020833333333333333,-0.00012500000000000358
AncB,IHP,60,,-0.0925,-0.0035416666666666674,-0.00012500000000000358
AncB,IHP,61,,-0.104375,-0.001249999999999999,-0.00012500000000000358
AncB,IHP,62,,-0.08375,-0.0037500000000000007,-0.00012500000000000358
AncB,IHP,63,,-0.11041666666666666,-0.0075,-0.00012500000000000358
AncB,IHP,64,,-0.083125,-0.021041666666666667,-0.00012500000000000358
AncB,IHP,65,,-0.06354166666666666,-0.006249999999999999,-0.00012500000000000358
AncB,IHP,66,,-0.10625,-0.0075,-0.00012500000000000358
AncB,IHP,67,,-0.139375,-0.0020833333333333333,-0.00012500000000000358
AncB,IHP,68,,-0.06083333333333333,-0.03,-0.00012500000000000358
AncB,IHP,69,,-0.10375000000000001,-0.0060416666666666665,-0.00012500000000000358
AncB,IHP,70,,-0.07062500000000001,-0.017083333333333332,-0.00012500000000000358
AncB,IHP,71,,-0.06833333333333333,-0.0041666666666666675,-0.00012500000000000358
AncB,IHP,72,,-0.06625,-0.0022916666666666662,-0.00012500000000000358
AncB,IHP,73,,-0.07708333333333334,-0.006666666666666666,-0.00012500000000000358
AncB,IHP,74,,-0.11291666666666667,-0.0020833333333333333,-0.00012500000000000358
AncB,IHP,75,,-0.08083333333333334,-0.0018750000000000001,-0.00012500000000000358
AncB,IHP,76,,-0.07645833333333334,-0.0014583333333333332,-0.00012500000000000358
AncB,IHP,77,,-0.06708333333333333,-0.026874999999999996,-0.00012500000000000358
AncB,IHP,78,,-0.07729166666666666,-0.0031250000000000006,-0.00012500000000000358
AncB,IHP,79,,-0.08125,0.00020833333333333324,-0.00012500000000000358
AncB,IHP,80,,-0.07125000000000001,-0.003125,-0.00012500000000000358
AncB,IHP,81,,-0.11875000000000001,-0.010208333333333333,-0.00012500000000000358
AncB,IHP,82,,-0.073125,-0.002083333333333333,-0.00012500000000000358
AncB,IHP,83,,-0.060833333333333336,-0.0016666666666666676,-0.00012500000000000358
AncB,IHP,84,,-0.07020833333333333,-0.0014583333333333325,-0.00012500000000000358
AncB,IHP,85,,-0.06291666666666666,-0.005000000000000001,-0.00012500000000000358
AncB,IHP,86,,-0.04708333333333333,-0.003958333333333333,-0.00012500000000000358
AncB,IHP,87,,-0.09166666666666667,-0.00041666666666666637,-0.00012500000000000358
AncB,IHP,88,,-0.08166666666666667,-0.002916666666666667,-0.00012500000000000358
AncB,IHP,89,,-0.050416666666666665,-0.019166666666666665,-0.00012500000000000358
AncB,IHP,90,,-0.07770833333333334,-0.0008333333333333331,-0.00012500000000000358
AncB,IHP,91,,-0.050416666666666665,0.0,-0.00012500000000000358
AncB,IHP,92,,-0.060208333333333336,-0.0018749999999999993,-0.00012500000000000358
AncB,IHP,93,,-0.11708333333333333,-0.007916666666666666,-0.00012500000000000358
AncB,IHP,94,,-0.11750000000000001,-0.010000000000000002,-0.00012500000000000358
AncB,IHP,95,,-0.11166666666666666,-0.0037499999999999986,-0.00012500000000000358
AncB,IHP,96,,-0.07104166666666667,-0.006874999999999998,-0.00012500000000000358
AncB,IHP,97,,-0.07041666666666667,-0.019583333333333335,-0.00012500000000000358
AncB,IHP,98,,-0.05479166666666667,-0.0014583333333333323,-0.00012500000000000358
AncB,IHP,99,,-0.11958333333333333,-0.005000000000000001,-0.00012500000000000358
AncB,IHP,100,,-0.11833333333333333,-0.002708333333333333,-0.00012500000000000358
AncA,2_3_BPG,1,-10.53,-0.344,-0.47733333333333333,-0.33066666666666666
AncA,2_3_BPG,2,-10.18,-0.29933333333333334,-0.498,-0.33066666666666666
AncA,2_3_BPG,3,-10.84,-0.30133333333333334,-0.5413333333333333,-0.33066666666666666
AncA,2_3_BPG,4,-10.38,-0.2846666666666667,-0.524,-0.33066666666666666
AncA,2_3_BPG,5,-10.45,-0.29933333333333334,-0.5153333333333333,-0.33066666666666666
AncA,2_3_BPG,6,-10.42,-0.2846666666666667,-0.5293333333333333,-0.33066666666666666
AncA,2_3_BPG,7,-10.79,-0.29933333333333334,-0.5406666666666666,-0.33066666666666666
AncA,2_3_BPG,8,-10.56,-0.29133333333333333,-0.5313333333333333,-0.33066666666666666
AncA,2_3_BPG,9,-10.43,-0.31933333333333336,-0.496,-0.33066666666666666
AncA,2_3_BPG,10,-9.8,-0.24733333333333335,-0.5246666666666666,-0.33066666666666666
AncA,2_3_BPG,11,-10.4,-0.294,-0.5193333333333333,-0.33066666666666666
AncA,2_3_BPG,12,-10.47,-0.2886666666666667,-0.528,-0.33066666666666666
AncA,2_3_BPG,13,-10.11,-0.26466666666666666,-0.526,-0.33066666666666666
AncA,2_3_BPG,14,-10.37,-0.28400000000000003,-0.526,-0.33066666666666666
AncA,2_3_BPG,15,-10.76,-0.28,-0.5573333333333333,-0.33066666666666666
AncA,2_3_BPG,16,-10.29,-0.2613333333333333,-0.5426666666666666,-0.33066666666666666
AncA,2_3_BPG,17,-10.4,-0.2846666666666667,-0.5273333333333333,-0.33066666666666666
AncA,2_3_BPG,18,-10.21,-0.26333333333333336,-0.538,-0.33066666666666666
AncA,2_3_BPG,19,-10.53,-0.26666666666666666,-0.5546666666666666,-0.33066666666666666
AncA,2_3_BPG,20,-10.8,-0.30733333333333335,-0.532,-0.33066666666666666
AncA,2_3_BPG,21,-9.92,-0.24466666666666667,-0.5373333333333333,-0.33066666666666666
AncA,2_3_BPG,22,-10.54,-0.29133333333333333,-0.5313333333333333,-0.33066666666666666
AncA,2_3_BPG,23,-9.92,-0.25533333333333336,-0.5266666666666666,-0.33066666666666666
AncA,2_3_BPG,24,-10.46,-0.29333333333333333,-0.5213333333333333,-0.33066666666666666
AncA,2_3_BPG,25,-10.39,-0.2906666666666667,-0.5206666666666666,-0.33066666666666666
AncA,2_3_BPG,26,-10.88,-0.2966666666666667,-0.5486666666666666,-0.33066666666666666
AncA,2_3_BPG,27,-10.67,-0.332,-0.49866666666666665,-0.33066666666666666
AncA,2_3_BPG,28,-11.05,-0.3393333333333333,-0.5173333333333333,-0.33066666666666666
AncA,2_3_BPG,29,-9.54,-0.18666666666666668,-0.568,-0.33066666666666666
AncA,2_3_BPG,30,-10.8,-0.29866666666666664,-0.5386666666666666,-0.33066666666666666
AncA,2_3_BPG,31,-10.7,-0.29933333333333334,-0.5326666666666666,-0.33066666666666666
AncA,2_3_BPG,32,-10.78,-0.326,-0.5106666666666667,-0.33066666666666666
AncA,2_3_BPG,33,-10.81,-0.32666666666666666,-0.5133333333333333,-0.33066666666666666
AncA,2_3_BPG,34,-10.84,-0.33266666666666667,-0.5093333333333333,-0.33066666666666666
AncA,2_3_BPG,35,-10.2,-0.264,-0.5346666666666666,-0.33066666666666666
AncA,2_3_BPG,36,-10.11,-0.31533333333333335,-0.4786666666666667,-0.33066666666666666
AncA,2_3_BPG,37,-10.3,-0.2793333333333333,-0.5273333333333333,-0.33066666666666666
AncA,2_3_BPG,38,-10.25,-0.24666666666666667,-0.5566666666666666,-0.33066666666666666
AncA,2_3_BPG,39,-10.29,-0.31533333333333335,-0.48866666666666664,-0.33066666666666666
AncA,2_3_BPG,40,-11.02,-0.3393333333333333,-0.5153333333333333,-0.33066666666666666
AncA,2_3_BPG,41,-10.24,-0.274,-0.528,-0.33066666666666666
AncA,2_3_BPG,42,-10.12,-0.258,-0.5346666666666666,-0.33066666666666666
AncA,2_3_BPG,43,-10.12,-0.2946666666666667,-0.5,-0.33066666666666666
AncA,2_3_BPG,44,-10.81,-0.2813333333333333,-0.5573333333333333,-0.33066666666666666
AncA,2_3_BPG,45,-10.16,-0.25133333333333335,-0.5446666666666666,-0.33066666666666666
AncA,2_3_BPG,46,-10.84,-0.292,-0.5513333333333333,-0.33066666666666666
AncA,2_3_BPG,47,-10.62,-0.278,-0.5493333333333333,-0.33066666666666666
AncA,2_3_BPG,48,-10.69,-0.334,-0.49933333333333335,-0.33066666666666666
AncA,2_3_BPG,49,-10.41,-0.27066666666666667,-0.544,-0.33066666666666666
AncA,2_3_BPG,50,-10.43,-0.2673333333333333,-0.5473333333333333,-0.33066666666666666
AncA,2_3_BPG,51,-10.87,-0.3426666666666667,-0.5013333333333333,-0.33066666666666666
AncA,2_3_BPG,52,-9.53,-0.25066666666666665,-0.5026666666666667,-0.33066666666666666
AncA,2_3_BPG,53,-10.86,-0.314,-0.5293333333333333,-0.33066666666666666
AncA,2_3_BPG,54,-10.75,-0.2853333333333333,-0.5506666666666666,-0.33066666666666666
AncA,2_3_BPG,55,-10.66,-0.29,-0.54,-0.33066666666666666
AncA,2_3_BPG,56,-10.1,-0.29333333333333333,-0.49866666666666665,-0.33066666666666666
AncA,2_3_BPG,57,-10.39,-0.2813333333333333,-0.5293333333333333,-0.33066666666666666
AncA,2_3_BPG,58,-10.66,-0.322,-0.5066666666666667,-0.33066666666666666
AncA,2_3_BPG,59,-10.41,-0.30666666666666664,-0.508,-0.33066666666666666
AncA,2_3_BPG,60,-9.89,-0.25133333333333335,-0.526,-0.33066666666666666
AncA,2_3_BPG,61,-10.44,-0.298,-0.5166666666666667,-0.33066666666666666
AncA,2_3_BPG,62,-10.68,-0.3273333333333333,-0.5046666666666667,-0.33066666666666666
AncA,2_3_BPG,63,-11.01,-0.3393333333333333,-0.5146666666666667,-0.33066666666666666
AncA,2_3_BPG,64,-10.44,-0.3293333333333333,-0.4846666666666667,-0.33066666666666666
AncA,2_3_BPG,65,-10.86,-0.30533333333333335,-0.5373333333333333,-0.33066666666666666
AncA,2_3_BPG,66,-9.84,-0.24266666666666667,-0.532,-0.33066666666666666
AncA,2_3_BPG,67,-10.16,-0.24533333333333335,-0.552,-0.33066666666666666
AncA,2_3_BPG,68,-10.52,-0.26466666666666666,-0.554,-0.33066666666666666
AncA,2_3_BPG,69,-10.55,-0.31066666666666665,-0.5133333333333333,-0.33066666666666666
AncA,2_3_BPG,70,-10.57,-0.26266666666666666,-0.56,-0.33066666666666666
AncA,2_3_BPG,71,-10.26,-0.26666666666666666,-0.536,-0.33066666666666666
AncA,2_3_BPG,72,-10.73,-0.2846666666666667,-0.5493333333333333,-0.33066666666666666
AncA,2_3_BPG,73,-10.58,-0.306,-0.5186666666666667,-0.33066666666666666
AncA,2_3_BPG,74,-9.83,-0.23333333333333334,-0.5413333333333333,-0.33066666666666666
AncA,2_3_BPG,75,-10.32,-0.248,-0.5593333333333333,-0.33066666666666666
AncA,2_3_BPG,76,-9.74,-0.25533333333333336,-0.5146666666666667,-0.33066666666666666
AncA,2_3_BPG,77,-10.97,-0.272,-0.5773333333333334,-0.33066666666666666
AncA,2_3_BPG,78,-10.15,-0.26133333333333336,-0.536,-0.33066666666666666
AncA,2_3_BPG,79,-10.28,-0.25333333333333335,-0.55,-0.33066666666666666
AncA,2_3_BPG,80,-9.77,-0.24,-0.5313333333333333,-0.33066666666666666
AncA,2_3_BPG,81,-10.69,-0.3313333333333333,-0.5013333333333333,-0.33066666666666666
AncA,2_3_BPG,82,-10.25,-0.32866666666666666,-0.47400000000000003,-0.33066666666666666
AncA,2_3_BPG,83,-10.59,-0.33,-0.49666666666666665,-0.33066666666666666
AncA,2_3_BPG,84,-10.53,-0.2926666666666667,-0.5273333333333333,-0.33066666666666666
AncA,2_3_BPG,85,-10.66,-0.292,-0.538,-0.33066666666666666
AncA,2_3_BPG,86,-10.79,-0.30533333333333335,-0.5353333333333333,-0.33066666666666666
AncA,2_3_BPG,87,-10.49,-0.31933333333333336,-0.5006666666666667,-0.33066666666666666
AncA,2_3_BPG,88,-10.2,-0.26066666666666666,-0.5413333333333333,-0.33066666666666666
AncA,2_3_BPG,89,-10.37,-0.30266666666666664,-0.506,-0.33066666666666666
AncA,2_3_BPG,90,-10.24,-0.274,-0.528,-0.33066666666666666
AncA,2_3_BPG,91,-10.5,-0.26666666666666666,-0.5546666666666666,-0.33066666666666666
AncA,2_3_BPG,92,-10.66,-0.328,-0.502,-0.33066666666666666
AncA,2_3_BPG,93,-10.22,-0.298,-0.502,-0.33066666666666666
AncA,2_3_BPG,94,-10.29,-0.30533333333333335,-0.5,-0.33066666666666666
AncA,2_3_BPG,95,-10.3,-0.31,-0.4946666666666667,-0.33066666666666666
AncA,2_3_BPG,96,-10.64,-0.30933333333333335,-0.52,-0.33066666666666666
AncA,2_3_BPG,97,-10.43,-0.2786666666666667,-0.536,-0.33066666666666666
AncA,2_3_BPG,98,-10.82,-0.2713333333333333,-0.5713333333333334,-0.33066666666666666
AncA,2_3_BPG,99,-10.4,-0.30533333333333335,-0.51,-0.33066666666666666
AncA,2_3_BPG,100,-10.83,-0.29733333333333334,-0.544,-0.33066666666666666
AncA,heme,1,-6.24,-0.17037037037037037,-0.016666666666666666,-3.7037037037035065e-05
AncA,heme,2,-4.78,-0.15462962962962964,-0.006296296296296297,-3.7037037037035065e-05
AncA,heme,3,-4.05,-0.1438888888888889,-0.002962962962962963,-3.7037037037035065e-05
AncA,heme,4,-5.23,-0.16,-0.008888888888888889,-3.7037037037035065e-05
AncA,heme,5,-5.59,-0.17,-0.006481481481481482,-3.7037037037035065e-05
AncA,heme,6,-3.15,-0.12555555555555556,-0.004814814814814815,-3.7037037037035065e-05
AncA,heme,7,-3.18,-0.13055555555555556,-0.00018518518518518528,-3.7037037037035065e-05
AncA,heme,8,-7.39,-0.19555555555555557,-0.013333333333333332,-3.7037037037035065e-05
AncA,heme,9,-5.5,-0.165,-0.007962962962962963,-3.7037037037035065e-05
AncA,heme,10,-5.61,-0.16814814814814816,-0.007037037037037036,-3.7037037037035065e-05
AncA,heme,11,-3.7,-0.1338888888888889,-0.006851851851851852,-3.7037037037035065e-05
AncA,heme,12,-4.27,-0.14814814814814814,-0.002777777777777778,-3.7037037037035065e-05
AncA,heme,13,-4.54,-0.15055555555555555,-0.005185185185185186,-3.7037037037035065e-05
AncA,heme,14,-5.42,-0.16537037037037036,-0.00611111111111111,-3.7037037037035065e-05
AncA,heme,15,-7.59,-0.19481481481481483,-0.017777777777777778,-3.7037037037035065e-05
AncA,heme,16,-2.76,-0.12277777777777778,0.0001851851851851851,-3.7037037037035065e-05
AncA,heme,17,-4.16,-0.14685185185185184,-0.0022222222222222222,-3.7037037037035065e-05
AncA,heme,18,-2.06,-0.11074074074074074,0.0009259259259259259,-3.7037037037035065e-05
AncA,heme,19,-6.05,-0.1725925925925926,-0.010925925925925926,-3.7037037037035065e-05
AncA,heme,20,-3.35,-0.12851851851851853,-0.004444444444444444,-3.7037037037035065e-05
AncA,heme,21,-4.26,-0.1374074074074074,-0.012962962962962964,-3.7037037037035065e-05
AncA,heme,22,-5.15,-0.16074074074074074,-0.0066666666666666645,-3.7037037037035065e-05
AncA,heme,23,-4.24,-0.14333333333333334,-0.007592592592592591,-3.7037037037035065e-05
AncA,heme,24,-3.54,-0.13555555555555557,-0.0016666666666666668,-3.7037037037035065e-05
AncA,heme,25,-2.79,-0.12055555555555555,-0.0031481481481481477,-3.7037037037035065e-05
AncA,heme,26,-8.48,-0.22018518518518518,-0.009814814814814814,-3.7037037037035065e-05
AncA,heme,27,-2.9,-0.12444444444444444,-0.001111111111111111,-3.7037037037035065e-05
AncA,heme,28,-3.82,-0.14074074074074075,-0.001111111111111109,-3.7037037037035065e-05
AncA,heme,29,-3.64,-0.1388888888888889,-0.0005555555555555554,-3.7037037037035065e-05
AncA,heme,30,-2.52,-0.11444444444444445,-0.0035185185185185185,-3.7037037037035065e-05
AncA,heme,31,-5.98,-0.17351851851851852,-0.008333333333333337,-3.7037037037035065e-05
AncA,heme,32,-6.35,-0.18203703703703705,-0.008518518518518519,-3.7037037037035065e-05
AncA,heme,33,-3.31,-0.13185185185185186,-0.0009259259259259263,-3.7037037037035065e-05
AncA,heme,34,-5.07,-0.1574074074074074,-0.0075925925925925935,-3.7037037037035065e-05
AncA,heme,35,-5.58,-0.17314814814814816,-0.002037037037037037,-3.7037037037035065e-05
AncA,heme,36,-5.35,-0.1625925925925926,-0.007962962962962965,-3.7037037037035065e-05
AncA,heme,37,-5.57,-0.1638888888888889,-0.011296296296296297,-3.7037037037035065e-05
AncA,heme,38,-3.43,-0.12907407407407406,-0.00574074074074074,-3.7037037037035065e-05
AncA,heme,39,-6.62,-0.18388888888888888,-0.010555555555555556,-3.7037037037035065e-05
AncA,heme,40,-4.46,-0.14425925925925925,-0.009629629629629629,-3.7037037037035065e-05
AncA,heme,41,-5.69,-0.16444444444444445,-0.011481481481481481,-3.7037037037035065e-05
AncA,heme,42,-3.8,-0.1424074074074074,0.0001851851851851851,-3.7037037037035065e-05
AncA,heme,43,-5.25,-0.15722222222222224,-0.010185185185185186,-3.7037037037035065e-05
AncA,heme,44,-5.47,-0.15685185185185185,-0.016666666666666666,-3.7037037037035065e-05
AncA,heme,45,-4.48,-0.15092592592592594,-0.004074074074074075,-3.7037037037035065e-05
AncA,heme,46,-5.44,-0.15648148148148147,-0.016296296296296295,-3.7037037037035065e-05
AncA,heme,47,-3.59,-0.1362962962962963,-0.003148148148148148,-3.7037037037035065e-05
AncA,heme,48,-7.03,-0.19,-0.012407407407407409,-3.7037037037035065e-05
AncA,heme,49,-7.34,-0.19037037037037038,-0.01740740740740741,-3.7037037037035065e-05
AncA,heme,50,-4.2,-0.13962962962962963,-0.01037037037037037,-3.7037037037035065e-05
AncA,heme,51,-5.53,-0.17,-0.00537037037037037,-3.7037037037035065e-05
AncA,heme,52,-8.33,-0.20537037037037037,-0.021296296296296296,-3.7037037037035065e-05
AncA,heme,53,-4.78,-0.15203703703703703,-0.008703703703703703,-3.7037037037035065e-05
AncA,heme,54,-3.91,-0.1412962962962963,-0.002777777777777778,-3.7037037037035065e-05
AncA,heme,55,-5.72,-0.17222222222222222,-0.005740740740740741,-3.7037037037035065e-05
AncA,heme,56,-4.48,-0.1524074074074074,-0.0037037037037037025,-3.7037037037035065e-05
AncA,heme,57,-7.4,-0.18537037037037038,-0.024259259259259258,-3.7037037037035065e-05
AncA,heme,58,-6.69,-0.18796296296296297,-0.007407407407407408,-3.7037037037035065e-05
AncA,heme,59,-3.7,-0.1385185185185185,-0.0014814814814814818,-3.7037037037035065e-05
AncA,heme,60,-6.33,-0.16925925925925928,-0.020185185185185184,-3.7037037037035065e-05
AncA,heme,61,-4.69,-0.14722222222222223,-0.010555555555555556,-3.7037037037035065e-05
AncA,heme,62,-3.76,-0.13592592592592592,-0.00574074074074074,-3.7037037037035065e-05
AncA,heme,63,-3.73,-0.13722222222222222,-0.0042592592592592595,-3.7037037037035065e-05
AncA,heme,64,-4.6,-0.14907407407407408,-0.008148148148148147,-3.7037037037035065e-05
AncA,heme,65,-2.4,-0.11407407407407408,-0.0022222222222222214,-3.7037037037035065e-05
AncA,heme,66,-3.12,-0.12648148148148147,-0.0031481481481481486,-3.7037037037035065e-05
AncA,heme,67,-9.75,-0.23962962962962964,-0.012777777777777777,-3.7037037037035065e-05
AncA,heme,68,-2.75,-0.11796296296296296,-0.004074074074074074,-3.7037037037035065e-05
AncA,heme,69,-4.07,-0.12962962962962962,-0.017407407407407406,-3.7037037037035065e-05
AncA,heme,70,-6.97,-0.18814814814814815,-0.012592592592592593,-3.7037037037035065e-05
AncA,heme,71,-3.94,-0.14333333333333334,-0.0016666666666666663,-3.7037037037035065e-05
AncA,heme,72,-5.53,-0.16296296296296298,-0.011481481481481481,-3.7037037037035065e-05
AncA,heme,73,-5.85,-0.16870370370370372,-0.010925925925925926,-3.7037037037035065e-05
AncA,heme,74,-3.88,-0.13796296296296295,-0.005740740740740742,-3.7037037037035065e-05
AncA,heme,75,-4.02,-0.14333333333333334,-0.0031481481481481477,-3.7037037037035065e-05
AncA,heme,76,-5.92,-0.16074074074074074,-0.01962962962962963,-3.7037037037035065e-05
AncA,heme,77,-5.55,-0.16703703703703704,-0.00814814814814815,-3.7037037037035065e-05
AncA,heme,78,-5.93,-0.16740740740740742,-0.014074074074074074,-3.7037037037035065e-05
AncA,heme,79,-6.62,-0.18,-0.015185185185185184,-3.7037037037035065e-05
AncA,heme,80,-4.66,-0.15185185185185185,-0.005740740740740741,-3.7037037037035065e-05
AncA,heme,81,-5.52,-0.1590740740740741,-0.014444444444444447,-3.7037037037035065e-05
AncA,heme,82,-8.32,-0.20444444444444446,-0.020925925925925924,-3.7037037037035065e-05
AncA,heme,83,-5.1,-0.1587037037037037,-0.007592592592592592,-3.7037037037035065e-05
AncA,heme,84,-3.82,-0.13962962962962963,-0.0027777777777777775,-3.7037037037035065e-05
AncA,heme,85,-7.39,-0.19018518518518518,-0.018518518518518517,-3.7037037037035065e-05
AncA,heme,86,-4.17,-0.14833333333333334,-0.0009259259259259256,-3.7037037037035065e-05
AncA,heme,87,-4.95,-0.14685185185185184,-0.016481481481481482,-3.7037037037035065e-05
AncA,heme,88,-4.24,-0.1448148148148148,-0.0061111111111111106,-3.7037037037035065e-05
AncA,heme,89,-2.72,-0.12185185185185185,-0.0007407407407407407,-3.7037037037035065e-05
AncA,heme,90,-4.45,-0.14814814814814814,-0.006111111111111111,-3.7037037037035065e-05
AncA,heme,91,-6.31,-0.1788888888888889,-0.009814814814814816,-3.7037037037035065e-05
AncA,heme,92,-6.92,-0.18481481481481482,-0.014814814814814815,-3.7037037037035065e-05
AncA,heme,93,-3.64,-0.13111111111111112,-0.008333333333333333,-3.7037037037035065e-05
AncA,heme,94,-2.74,-0.12055555555555555,-0.0018518518518518517,-3.7037037037035065e-05
AncA,heme,95,-3.74,-0.13722222222222222,-0.0038888888888888883,-3.7037037037035065e-05
AncA,heme,96,-4.55,-0.14981481481481482,-0.006666666666666666,-3.7037037037035065e-05
AncA,heme,97,-4.69,-0.14685185185185184,-0.011851851851851851,-3.7037037037035065e-05
AncA,heme,98,-7.65,-0.1988888888888889,-0.014259259259259258,-3.7037037037035065e-05
AncA,heme,99,-6.36,-0.17944444444444443,-0.010925925925925926,-3.7037037037035065e-05
AncA,heme,100,-3.23,-0.12925925925925927,-0.002592592592592593,-3.7037037037035065e-05
AncA,heme_Co,1,-7.89,-0.14083333333333334,-0.09854166666666667,-0.04170833333333333
AncA,heme_Co,2,-5.73,-0.11145833333333334,-0.08208333333333334,-0.04170833333333333
AncA,heme_Co,3,-5.83,-0.11229166666666666,-0.08458333333333333,-0.04170833333333333
AncA,heme_Co,4,-6.34,-0.14666666666666667,-0.06,-0.04170833333333333
AncA,heme_Co,5,-8.4,-0.148125,-0.10083333333333333,-0.04170833333333333
AncA,heme_Co,6,-7.05,-0.13270833333333334,-0.08791666666666667,-0.04170833333333333
AncA,heme_Co,7,-8.17,-0.14416666666666667,-0.10187500000000001,-0.04170833333333333
AncA,heme_Co,8,-7.93,-0.15416666666666667,-0.08645833333333333,-0.04170833333333333
AncA,heme_Co,9,-8.18,-0.15541666666666668,-0.089375,-0.04170833333333333
AncA,heme_Co,10,-7.79,-0.14625,-0.09104166666666667,-0.04170833333333333
AncA,heme_Co,11,-5.43,-0.1375,-0.050416666666666665,-0.04170833333333333
AncA,heme_Co,12,-6.26,-0.149375,-0.05541666666666667,-0.04170833333333333
AncA,heme_Co,13,-7.08,-0.12875,-0.09354166666666666,-0.04170833333333333
AncA,heme_Co,14,-3.9,-0.11291666666666667,-0.042708333333333334,-0.04170833333333333
AncA,heme_Co,15,-7.9,-0.15208333333333335,-0.08645833333333333,-0.04170833333333333
AncA,heme_Co,16,-7.83,-0.14354166666666668,-0.09479166666666666,-0.04170833333333333
AncA,heme_Co,17,-7.52,-0.13875,-0.09291666666666668,-0.04170833333333333
AncA,heme_Co,18,-7.18,-0.13229166666666667,-0.09270833333333334,-0.04170833333333333
AncA,heme_Co,19,-7.2,-0.13458333333333333,-0.08958333333333333,-0.04170833333333333
AncA,heme_Co,20,-8.02,-0.145,-0.09666666666666666,-0.04170833333333333
AncA,heme_Co,21,-5.37,-0.11375,-0.07395833333333333,-0.04170833333333333
AncA,heme_Co,22,-3.48,-0.11729166666666667,-0.029375,-0.04170833333333333
AncA,heme_Co,23,-7.13,-0.129375,-0.09395833333333332,-0.04170833333333333
AncA,heme_Co,24,-4.98,-0.09708333333333334,-0.081875,-0.04170833333333333
AncA,heme_Co,25,-7.35,-0.13708333333333333,-0.09104166666666667,-0.04170833333333333
AncA,heme_Co,26,-4.72,-0.11395833333333333,-0.05979166666666667,-0.04170833333333333
AncA,heme_Co,27,-6.52,-0.12520833333333334,-0.085,-0.04170833333333333
AncA,heme_Co,28,-7.6,-0.135,-0.09791666666666667,-0.04170833333333333
AncA,heme_Co,29,-5.04,-0.100625,-0.079375,-0.04170833333333333
AncA,heme_Co,30,-6.78,-0.136875,-0.07916666666666666,-0.04170833333333333
AncA,heme_Co,31,-8.33,-0.15812500000000002,-0.09,-0.04170833333333333
AncA,heme_Co,32,-5.86,-0.123125,-0.073125,-0.04170833333333333
AncA,heme_Co,33,-4.25,-0.15583333333333332,-0.006666666666666666,-0.04170833333333333
AncA,heme_Co,34,-6.21,-0.129375,-0.07541666666666667,-0.04170833333333333
AncA,heme_Co,35,-7.71,-0.14375,-0.09250000000000001,-0.04170833333333333
AncA,heme_Co,36,-7.25,-0.13416666666666668,-0.091875,-0.04170833333333333
AncA,heme_Co,37,-7.83,-0.14645833333333333,-0.09166666666666666,-0.04170833333333333
AncA,heme_Co,38,-8.1,-0.16,-0.08375,-0.04170833333333333
AncA,heme_Co,39,-6.4,-0.14479166666666668,-0.06395833333333334,-0.04170833333333333
AncA,heme_Co,40,-5.54,-0.11479166666666667,-0.07541666666666667,-0.04170833333333333
AncA,heme_Co,41,-8.45,-0.16041666666666668,-0.09083333333333334,-0.04170833333333333
AncA,heme_Co,42,-6.82,-0.12645833333333334,-0.09041666666666667,-0.04170833333333333
AncA,heme_Co,43,-7.65,-0.13875,-0.09541666666666666,-0.04170833333333333
AncA,heme_Co,44,-7.26,-0.13958333333333334,-0.08604166666666667,-0.04170833333333333
AncA,heme_Co,45,-7.65,-0.14583333333333334,-0.08833333333333333,-0.04170833333333333
AncA,heme_Co,46,-5.82,-0.1475,-0.04875,-0.04170833333333333
AncA,heme_Co,47,-5.01,-0.16229166666666667,-0.016666666666666666,-0.04170833333333333
AncA,heme_Co,48,-4.16,-0.123125,-0.038125,-0.04170833333333333
AncA,heme_Co,49,-3.7,-0.081875,-0.06958333333333333,-0.04170833333333333
AncA,heme_Co,50,-8.43,-0.15,-0.09979166666666667,-0.04170833333333333
AncA,heme_Co,51,-7.39,-0.14166666666666666,-0.08666666666666667,-0.04170833333333333
AncA,heme_Co,52,-4.36,-0.108125,-0.0575,-0.04170833333333333
AncA,heme_Co,53,-7.57,-0.13708333333333333,-0.09520833333333333,-0.04170833333333333
AncA,heme_Co,54,-5.93,-0.10875,-0.08895833333333333,-0.04170833333333333
AncA,heme_Co,55,-7.62,-0.13791666666666666,-0.095,-0.04170833333333333
AncA,heme_Co,56,-7.99,-0.15979166666666667,-0.08229166666666667,-0.04170833333333333
AncA,heme_Co,57,-2.97,-0.13875,0.0018750000000000001,-0.04170833333333333
AncA,heme_Co,58,-3.79,-0.11291666666666667,-0.040625,-0.04170833333333333
AncA,heme_Co,59,-6.98,-0.1275,-0.093125,-0.04170833333333333
AncA,heme_Co,60,-5.97,-0.13854166666666667,-0.05979166666666667,-0.04170833333333333
AncA,heme_Co,61,-7.39,-0.14041666666666666,-0.08833333333333333,-0.04170833333333333
AncA,heme_Co,62,-6.48,-0.123125,-0.08708333333333335,-0.04170833333333333
AncA,heme_Co,63,-6.77,-0.14020833333333332,-0.07479166666666666,-0.04170833333333333
AncA,heme_Co,64,-7.07,-0.12958333333333333,-0.09270833333333334,-0.04170833333333333
AncA,heme_Co,65,-7.14,-0.130625,-0.0925,-0.04170833333333333
AncA,heme_Co,66,-7.81,-0.150625,-0.08666666666666667,-0.04170833333333333
AncA,heme_Co,67,-6.39,-0.128125,-0.08020833333333334,-0.04170833333333333
AncA,heme_Co,68,-4.29,-0.12916666666666668,-0.03395833333333333,-0.04170833333333333
AncA,heme_Co,69,-6.15,-0.138125,-0.06458333333333333,-0.04170833333333333
AncA,heme_Co,70,-8.2,-0.15041666666666667,-0.09416666666666666,-0.04170833333333333
AncA,heme_Co,71,-4.75,-0.13104166666666667,-0.0425,-0.04170833333333333
AncA,heme_Co,72,-7.69,-0.134375,-0.10104166666666667,-0.04170833333333333
AncA,heme_Co,73,-8.02,-0.14625,-0.09583333333333333,-0.04170833333333333
AncA,heme_Co,74,-7.3,-0.138125,-0.08875,-0.04170833333333333
AncA,heme_Co,75,-4.23,-0.12645833333333334,-0.035416666666666666,-0.04170833333333333
AncA,heme_Co,76,-7.87,-0.15145833333333333,-0.08770833333333333,-0.04170833333333333
AncA,heme_Co,77,-5.16,-0.11479166666666667,-0.06708333333333334,-0.04170833333333333
AncA,heme_Co,78,-7.26,-0.12958333333333333,-0.096875,-0.04170833333333333
AncA,heme_Co,79,-4.12,-0.10395833333333333,-0.057291666666666664,-0.04170833333333333
AncA,heme_Co,80,-6.49,-0.14854166666666666,-0.061875,-0.04170833333333333
AncA,heme_Co,81,-7.43,-0.1325,-0.096875,-0.04170833333333333
AncA,heme_Co,82,-7.44,-0.13875,-0.090625,-0.04170833333333333
AncA,heme_Co,83,-7.48,-0.14291666666666666,-0.086875,-0.04170833333333333
AncA,heme_Co,84,-6.18,-0.14166666666666666,-0.0625,-0.04170833333333333
AncA,heme_Co,85,-5.54,-0.15395833333333334,-0.036250000000000004,-0.04170833333333333
AncA,heme_Co,86,-7.53,-0.13270833333333334,-0.09854166666666667,-0.04170833333333333
AncA,heme_Co,87,-7.15,-0.13041666666666668,-0.09333333333333334,-0.04170833333333333
AncA,heme_Co,88,-5.71,-0.13604166666666667,-0.058124999999999996,-0.04170833333333333
AncA,heme_Co,89,-4.1,-0.10187500000000001,-0.058333333333333334,-0.04170833333333333
AncA,heme_Co,90,-5.43,-0.095625,-0.09375,-0.04170833333333333
AncA,heme_Co,91,-5.87,-0.13729166666666667,-0.059583333333333335,-0.04170833333333333
AncA,heme_Co,92,-5.76,-0.12041666666666667,-0.07479166666666667,-0.04170833333333333
AncA,heme_Co,93,-7.26,-0.13041666666666668,-0.09583333333333333,-0.04170833333333333
AncA,heme_Co,94,-6.16,-0.12270833333333334,-0.08,-0.04170833333333333
AncA,heme_Co,95,-5.16,-0.1025,-0.07895833333333334,-0.04170833333333333
AncA,heme_Co,96,-7.59,-0.15291666666666667,-0.07979166666666666,-0.04170833333333333
AncA,heme_Co,97,-8.04,-0.14916666666666667,-0.09375,-0.04170833333333333
AncA,heme_Co,98,-6.37,-0.13583333333333333,-0.07166666666666667,-0.04170833333333333
AncA,heme_Co,99,-3.57,-0.145625,-0.003125,-0.04170833333333333
AncA,heme_Co,100,-7.39,-0.14145833333333332,-0.08666666666666667,-0.04170833333333333
AncA,heme_Fe,1,-12.43,-0.2591111111111111,-0.08444444444444445,-0.04448888888888889
AncA,heme_Fe,2,-15.63,-0.3148888888888889,-0.09822222222222222,-0.04448888888888889
AncA,heme_Fe,3,-6.72,-0.16355555555555557,-0.052,-0.04448888888888889
AncA,heme_Fe,4,-9.81,-0.18733333333333332,-0.096,-0.04448888888888889
AncA,heme_Fe,5,-15.74,-0.312,-0.10422222222222223,-0.04448888888888889
AncA,heme_Fe,6,-15.29,-0.3055555555555556,-0.10088888888888889,-0.04448888888888889
AncA,heme_Fe,7,-15.34,-0.32066666666666666,-0.08688888888888889,-0.04448888888888889
AncA,heme_Fe,8,-13.38,-0.2802222222222222,-0.08333333333333333,-0.04448888888888889
AncA,heme_Fe,9,-14.78,-0.3244444444444444,-0.06977777777777779,-0.04448888888888889
AncA,heme_Fe,10,-15.74,-0.3264444444444444,-0.0891111111111111,-0.04448888888888889
AncA,heme_Fe,11,-6.95,-0.16666666666666666,-0.05422222222222222,-0.04448888888888889
AncA,heme_Fe,12,-14.86,-0.32466666666666666,-0.07177777777777777,-0.04448888888888889
AncA,heme_Fe,13,-9.68,-0.19266666666666668,-0.08977777777777778,-0.04448888888888889
AncA,heme_Fe,14,-6.36,-0.19644444444444445,-0.011111111111111112,-0.04448888888888889
AncA,heme_Fe,15,-10.59,-0.23777777777777778,-0.06377777777777778,-0.04448888888888889
AncA,heme_Fe,16,-9.25,-0.1948888888888889,-0.0771111111111111,-0.04448888888888889
AncA,heme_Fe,17,-15.59,-0.32333333333333336,-0.08911111111111111,-0.04448888888888889
AncA,heme_Fe,18,-14.91,-0.3171111111111111,-0.08044444444444444,-0.04448888888888889
AncA,heme_Fe,19,-15.4,-0.3317777777777778,-0.07733333333333334,-0.04448888888888889
AncA,heme_Fe,20,-14.77,-0.32,-0.07288888888888889,-0.04448888888888889
AncA,heme_Fe,21,-15.15,-0.31422222222222224,-0.08888888888888889,-0.04448888888888889
AncA,heme_Fe,22,-9.15,-0.17622222222222222,-0.09288888888888888,-0.04448888888888889
AncA,heme_Fe,23,-14.71,-0.31866666666666665,-0.07355555555555555,-0.04448888888888889
AncA,heme_Fe,24,-15.01,-0.30466666666666664,-0.09355555555555556,-0.04448888888888889
AncA,heme_Fe,25,-9.14,-0.16622222222222222,-0.10288888888888889,-0.04448888888888889
AncA,heme_Fe,26,-15.01,-0.3191111111111111,-0.08133333333333334,-0.04448888888888889
AncA,heme_Fe,27,-15.38,-0.3257777777777778,-0.08222222222222222,-0.04448888888888889
AncA,heme_Fe,28,-9.56,-0.182,-0.096,-0.04448888888888889
AncA,heme_Fe,29,-12.83,-0.2697777777777778,-0.08222222222222222,-0.04448888888888889
AncA,heme_Fe,30,-15.36,-0.3171111111111111,-0.09044444444444444,-0.04448888888888889
AncA,heme_Fe,31,-14.65,-0.312,-0.07933333333333334,-0.04448888888888889
AncA,heme_Fe,32,-15.14,-0.326,-0.07688888888888888,-0.04448888888888889
AncA,heme_Fe,33,-15.21,-0.322,-0.08155555555555556,-0.04448888888888889
AncA,heme_Fe,34,-15.19,-0.3168888888888889,-0.08666666666666667,-0.04448888888888889
AncA,heme_Fe,35,-11.23,-0.23044444444444445,-0.086,-0.04448888888888889
AncA,heme_Fe,36,-14.75,-0.3051111111111111,-0.088,-0.04448888888888889
AncA,heme_Fe,37,-15.54,-0.31666666666666665,-0.094,-0.04448888888888889
AncA,heme_Fe,38,-6.92,-0.162,-0.058666666666666666,-0.04448888888888889
AncA,heme_Fe,39,-14.82,-0.32066666666666666,-0.0748888888888889,-0.04448888888888889
AncA,heme_Fe,40,-6.3,-0.16177777777777777,-0.04377777777777778,-0.04448888888888889
AncA,heme_Fe,41,-9.33,-0.1751111111111111,-0.09822222222222222,-0.04448888888888889
AncA,heme_Fe,42,-14.11,-0.2902222222222222,-0.08911111111111111,-0.04448888888888889
AncA,heme_Fe,43,-13.25,-0.2902222222222222,-0.07200000000000001,-0.04448888888888889
AncA,heme_Fe,44,-15.4,-0.32,-0.08822222222222222,-0.04448888888888889
AncA,heme_Fe,45,-13.68,-0.31977777777777777,-0.04977777777777778,-0.04448888888888889
AncA,heme_Fe,46,-13.53,-0.31777777777777777,-0.04977777777777778,-0.04448888888888889
AncA,heme_Fe,47,-11.36,-0.24022222222222223,-0.07822222222222222,-0.04448888888888889
AncA,heme_Fe,48,-9.33,-0.17400000000000002,-0.09977777777777778,-0.04448888888888889
AncA,heme_Fe,49,-8.91,-0.1768888888888889,-0.08733333333333333,-0.04448888888888889
AncA,heme_Fe,50,-9.7,-0.17822222222222223,-0.10311111111111111,-0.04448888888888889
AncA,heme_Fe,51,-8.81,-0.1831111111111111,-0.07888888888888888,-0.04448888888888889
AncA,heme_Fe,52,-15.37,-0.3091111111111111,-0.09822222222222222,-0.04448888888888889
AncA,heme_Fe,53,-15.52,-0.32711111111111113,-0.084,-0.04448888888888889
AncA,heme_Fe,54,-15.53,-0.31733333333333336,-0.094,-0.04448888888888889
AncA,heme_Fe,55,-9.55,-0.178,-0.1,-0.04448888888888889
AncA,heme_Fe,56,-15.55,-0.3217777777777778,-0.08977777777777778,-0.04448888888888889
AncA,heme_Fe,57,-15.4,-0.31777777777777777,-0.09177777777777778,-0.04448888888888889
AncA,heme_Fe,58,-11.86,-0.246,-0.084,-0.04448888888888889
AncA,heme_Fe,59,-14.82,-0.31555555555555553,-0.07977777777777778,-0.04448888888888889
AncA,heme_Fe,60,-12.35,-0.27044444444444443,-0.07088888888888889,-0.04448888888888889
AncA,heme_Fe,61,-11.78,-0.24555555555555555,-0.08355555555555555,-0.04448888888888889
AncA,heme_Fe,62,-13.19,-0.32066666666666666,-0.03955555555555556,-0.04448888888888889
AncA,heme_Fe,63,-13.03,-0.25533333333333336,-0.1,-0.04448888888888889
AncA,heme_Fe,64,-7.97,-0.15266666666666667,-0.09066666666666667,-0.04448888888888889
AncA,heme_Fe,65,-15.16,-0.3191111111111111,-0.08466666666666667,-0.04448888888888889
AncA,heme_Fe,66,-6.42,-0.18844444444444444,-0.020666666666666667,-0.04448888888888889
AncA,heme_Fe,67,-15.75,-0.31777777777777777,-0.09866666666666667,-0.04448888888888889
AncA,heme_Fe,68,-15.36,-0.32622222222222225,-0.08088888888888889,-0.04448888888888889
AncA,heme_Fe,69,-14.89,-0.306,-0.09022222222222222,-0.04448888888888889
AncA,heme_Fe,70,-12.56,-0.264,-0.08177777777777778,-0.04448888888888889
AncA,heme_Fe,71,-9.62,-0.17644444444444446,-0.10377777777777777,-0.04448888888888889
AncA,heme_Fe,72,-12.47,-0.26644444444444443,-0.07733333333333332,-0.04448888888888889
AncA,heme_Fe,73,-9.64,-0.188,-0.09266666666666666,-0.04448888888888889
AncA,heme_Fe,74,-15.47,-0.3191111111111111,-0.09066666666666667,-0.04448888888888889
AncA,heme_Fe,75,-12.58,-0.26511111111111113,-0.08133333333333333,-0.04448888888888889
AncA,heme_Fe,76,-15.72,-0.31666666666666665,-0.09866666666666667,-0.04448888888888889
AncA,heme_Fe,77,-11.9,-0.25933333333333336,-0.07222222222222222,-0.04448888888888889
AncA,heme_Fe,78,-15.46,-0.31377777777777777,-0.09577777777777778,-0.04448888888888889
AncA,heme_Fe,79,-9.48,-0.17200000000000001,-0.10466666666666667,-0.04448888888888889
AncA,heme_Fe,80,-15.81,-0.32666666666666666,-0.09044444444444444,-0.04448888888888889
AncA,heme_Fe,81,-15.05,-0.32866666666666666,-0.07066666666666667,-0.04448888888888889
AncA,heme_Fe,82,-15.27,-0.3184444444444444,-0.08711111111111111,-0.04448888888888889
AncA,heme_Fe,83,-15.63,-0.3228888888888889,-0.09044444444444444,-0.04448888888888889
AncA,heme_Fe,84,-15.49,-0.31555555555555553,-0.09422222222222222,-0.04448888888888889
AncA,heme_Fe,85,-14.78,-0.308,-0.08688888888888889,-0.04448888888888889
AncA,heme_Fe,86,-14.76,-0.31177777777777776,-0.08266666666666667,-0.04448888888888889
AncA,heme_Fe,87,-9.63,-0.1831111111111111,-0.09733333333333334,-0.04448888888888889
AncA,heme_Fe,88,-14.17,-0.29844444444444446,-0.08222222222222222,-0.04448888888888889
AncA,heme_Fe,89,-14.62,-0.31133333333333335,-0.07866666666666668,-0.04448888888888889
AncA,heme_Fe,90,-14.52,-0.2995555555555556,-0.08933333333333333,-0.04448888888888889
AncA,heme_Fe,91,-15.18,-0.32822222222222225,-0.07466666666666667,-0.04448888888888889
AncA,heme_Fe,92,-14.89,-0.31755555555555554,-0.07955555555555556,-0.04448888888888889
AncA,heme_Fe,93,-14.54,-0.30844444444444447,-0.08,-0.04448888888888889
AncA,heme_Fe,94,-13.89,-0.326,-0.048222222222222215,-0.04448888888888889
AncA,heme_Fe,95,-12.33,-0.29155555555555557,-0.048888888888888885,-0.04448888888888889
AncA,heme_Fe,96,-15.59,-0.3108888888888889,-0.10177777777777779,-0.04448888888888889
AncA,heme_Fe,97,-14.88,-0.30622222222222223,-0.08977777777777778,-0.04448888888888889
AncA,heme_Fe,98,-13.52,-0.2946666666666667,-0.07266666666666666,-0.04448888888888889
AncA,heme_Fe,99,-9.21,-0.17155555555555554,-0.09955555555555555,-0.04448888888888889
AncA,heme_Fe,100,-15.41,-0.31955555555555554,-0.08844444444444444,-0.04448888888888889
AncA,heme_O2,1,-6.33,-0.09893617021276596,-0.09999999999999999,-0.04259574468085106
AncA,heme_O2,2,-6.83,-0.14638297872340425,-0.061276595744680855,-0.04259574468085106
AncA,heme_O2,3,-14.69,-0.3051063829787234,-0.07148936170212766,-0.04259574468085106
AncA,heme_O2,4,-15.06,-0.31638297872340426,-0.06808510638297872,-0.04259574468085106
AncA,heme_O2,5,-6.72,-0.12617021276595744,-0.08021276595744681,-0.04259574468085106
AncA,heme_O2,6,-15.2,-0.3078723404255319,-0.07893617021276596,-0.04259574468085106
AncA,heme_O2,7,-9.07,-0.16085106382978723,-0.09574468085106383,-0.04259574468085106
AncA,heme_O2,8,-4.29,-0.11553191489361703,-0.03957446808510638,-0.04259574468085106
AncA,heme_O2,9,-15.1,-0.3038297872340425,-0.08148936170212766,-0.04259574468085106
AncA,heme_O2,10,-7.98,-0.16617021276595745,-0.06744680851063829,-0.04259574468085106
AncA,heme_O2,11,-8.09,-0.15617021276595744,-0.08021276595744681,-0.04259574468085106
AncA,heme_O2,12,-8.63,-0.1423404255319149,-0.10468085106382978,-0.04259574468085106
AncA,heme_O2,13,-15.29,-0.30851063829787234,-0.08021276595744681,-0.04259574468085106
AncA,heme_O2,14,-4.73,-0.12723404255319148,-0.036382978723404256,-0.04259574468085106
AncA,heme_O2,15,-8.88,-0.16148936170212766,-0.09106382978723404,-0.04259574468085106
AncA,heme_O2,16,-14.55,-0.2865957446808511,-0.08702127659574468,-0.04259574468085106
AncA,heme_O2,17,-11.28,-0.2397872340425532,-0.06361702127659574,-0.04259574468085106
AncA,heme_O2,18,-7.6,-0.14893617021276595,-0.07595744680851063,-0.04259574468085106
AncA,heme_O2,19,-14.74,-0.3076595744680851,-0.0702127659574468,-0.04259574468085106
AncA,heme_O2,20,-8.01,-0.15829787234042553,-0.07574468085106383,-0.04259574468085106
AncA,heme_O2,21,-7.52,-0.154468085106383,-0.06872340425531914,-0.04259574468085106
AncA,heme_O2,22,-7.14,-0.13191489361702127,-0.08276595744680851,-0.04259574468085106
AncA,heme_O2,23,-8.16,-0.15425531914893617,-0.08425531914893618,-0.04259574468085106
AncA,heme_O2,24,-6.02,-0.15276595744680851,-0.04021276595744681,-0.04259574468085106
AncA,heme_O2,25,-8.47,-0.15617021276595744,-0.0874468085106383,-0.04259574468085106
AncA,heme_O2,26,-15.36,-0.3068085106382979,-0.08382978723404255,-0.04259574468085106
AncA,heme_O2,27,-9.99,-0.24723404255319148,-0.02851063829787234,-0.04259574468085106
AncA,heme_O2,28,-7.81,-0.15914893617021278,-0.07063829787234042,-0.04259574468085106
AncA,heme_O2,29,-7.15,-0.13553191489361702,-0.08021276595744681,-0.04259574468085106
AncA,heme_O2,30,-10.63,-0.23063829787234041,-0.05978723404255319,-0.04259574468085106
AncA,heme_O2,31,-7.6,-0.17617021276595746,-0.048723404255319146,-0.04259574468085106
AncA,heme_O2,32,-15.16,-0.3008510638297872,-0.08468085106382979,-0.04259574468085106
AncA,heme_O2,33,-15.24,-0.31361702127659574,-0.07404255319148936,-0.04259574468085106
AncA,heme_O2,34,-6.55,-0.1402127659574468,-0.06234042553191489,-0.04259574468085106
AncA,heme_O2,35,-13.75,-0.2876595744680851,-0.06829787234042553,-0.04259574468085106
AncA,heme_O2,36,-8.75,-0.15617021276595744,-0.0927659574468085,-0.04259574468085106
AncA,heme_O2,37,-6.08,-0.1072340425531915,-0.08617021276595745,-0.04259574468085106
AncA,heme_O2,38,-6.7,-0.11936170212765958,-0.0876595744680851,-0.04259574468085106
AncA,heme_O2,39,-8.74,-0.16319148936170214,-0.08659574468085106,-0.04259574468085106
AncA,heme_O2,40,-14.93,-0.30531914893617024,-0.07595744680851063,-0.04259574468085106
AncA,heme_O2,41,-8.06,-0.15382978723404256,-0.08170212765957446,-0.04259574468085106
AncA,heme_O2,42,-8.76,-0.1551063829787234,-0.0948936170212766,-0.04259574468085106
AncA,heme_O2,43,-8.54,-0.15468085106382978,-0.09148936170212765,-0.04259574468085106
AncA,heme_O2,44,-8.89,-0.16127659574468084,-0.09148936170212765,-0.04259574468085106
AncA,heme_O2,45,-7.26,-0.1523404255319149,-0.06638297872340426,-0.04259574468085106
AncA,heme_O2,46,-7.62,-0.14680851063829786,-0.07893617021276596,-0.04259574468085106
AncA,heme_O2,47,-6.59,-0.14297872340425533,-0.061276595744680855,-0.04259574468085106
AncA,heme_O2,48,-6.08,-0.10787234042553191,-0.0848936170212766,-0.04259574468085106
AncA,heme_O2,49,-8.09,-0.1504255319148936,-0.08531914893617021,-0.04259574468085106
AncA,heme_O2,50,-6.48,-0.1046808510638298,-0.09617021276595744,-0.04259574468085106
AncA,heme_O2,51,-8.84,-0.15936170212765957,-0.09191489361702128,-0.04259574468085106
AncA,heme_O2,52,-8.87,-0.1551063829787234,-0.09702127659574468,-0.04259574468085106
AncA,heme_O2,53,-6.95,-0.13446808510638297,-0.07702127659574468,-0.04259574468085106
AncA,heme_O2,54,-7.55,-0.14617021276595746,-0.07829787234042553,-0.04259574468085106
AncA,heme_O2,55,-8.73,-0.1595744680851064,-0.08978723404255319,-0.04259574468085106
AncA,heme_O2,56,-9.13,-0.16340425531914893,-0.09446808510638298,-0.04259574468085106
AncA,heme_O2,57,-6.42,-0.12127659574468086,-0.07936170212765957,-0.04259574468085106
AncA,heme_O2,58,-6.38,-0.15361702127659574,-0.046170212765957445,-0.04259574468085106
AncA,heme_O2,59,-8.42,-0.1529787234042553,-0.08936170212765958,-0.04259574468085106
AncA,heme_O2,60,-8.69,-0.14808510638297873,-0.10063829787234042,-0.04259574468085106
AncA,heme_O2,61,-7.41,-0.1472340425531915,-0.0748936170212766,-0.04259574468085106
AncA,heme_O2,62,-8.47,-0.15574468085106383,-0.08851063829787234,-0.04259574468085106
AncA,heme_O2,63,-7.22,-0.15170212765957447,-0.06638297872340426,-0.04259574468085106
AncA,heme_O2,64,-9.12,-0.16617021276595745,-0.09085106382978723,-0.04259574468085106
AncA,heme_O2,65,-7.26,-0.1276595744680851,-0.0902127659574468,-0.04259574468085106
AncA,heme_O2,66,-14.9,-0.308936170212766,-0.07106382978723405,-0.04259574468085106
AncA,heme_O2,67,-8.6,-0.1446808510638298,-0.10148936170212766,-0.04259574468085106
AncA,heme_O2,68,-11.7,-0.2474468085106383,-0.06382978723404255,-0.04259574468085106
AncA,heme_O2,69,-8.39,-0.16872340425531915,-0.07404255319148936,-0.04259574468085106
AncA,heme_O2,70,-6.93,-0.1251063829787234,-0.08553191489361703,-0.04259574468085106
AncA,heme_O2,71,-8.47,-0.14085106382978724,-0.1027659574468085,-0.04259574468085106
AncA,heme_O2,72,-6.85,-0.13,-0.07936170212765958,-0.04259574468085106
AncA,heme_O2,73,-5.89,-0.1727659574468085,-0.016170212765957447,-0.04259574468085106
AncA,heme_O2,74,-8.57,-0.16702127659574467,-0.07893617021276596,-0.04259574468085106
AncA,heme_O2,75,-9.45,-0.18936170212765957,-0.07617021276595744,-0.04259574468085106
AncA,heme_O2,76,-8.87,-0.16361702127659575,-0.08914893617021277,-0.04259574468085106
AncA,heme_O2,77,-11.24,-0.2372340425531915,-0.06468085106382979,-0.04259574468085106
AncA,heme_O2,78,-6.42,-0.12042553191489362,-0.07957446808510638,-0.04259574468085106
AncA,heme_O2,79,-6.44,-0.11595744680851064,-0.0851063829787234,-0.04259574468085106
AncA,heme_O2,80,-8.31,-0.15382978723404256,-0.08680851063829788,-0.04259574468085106
AncA,heme_O2,81,-8.45,-0.14148936170212767,-0.10319148936170212,-0.04259574468085106
AncA,heme_O2,82,-14.9,-0.31361702127659574,-0.06617021276595744,-0.04259574468085106
AncA,heme_O2,83,-8.47,-0.16234042553191488,-0.08191489361702127,-0.04259574468085106
AncA,heme_O2,84,-5.41,-0.13446808510638297,-0.044468085106382976,-0.04259574468085106
AncA,heme_O2,85,-8.22,-0.15936170212765957,-0.08042553191489361,-0.04259574468085106
AncA,heme_O2,86,-15.23,-0.3159574468085106,-0.07127659574468086,-0.04259574468085106
AncA,heme_O2,87,-7.86,-0.14808510638297873,-0.08276595744680851,-0.04259574468085106
AncA,heme_O2,88,-7.4,-0.13361702127659575,-0.0874468085106383,-0.04259574468085106
AncA,heme_O2,89,-14.92,-0.31106382978723407,-0.07,-0.04259574468085106
AncA,heme_O2,90,-8.49,-0.15148936170212765,-0.09255319148936171,-0.04259574468085106
AncA,heme_O2,91,-6.2,-0.1174468085106383,-0.0774468085106383,-0.04259574468085106
AncA,heme_O2,92,-6.88,-0.14893617021276595,-0.06063829787234042,-0.04259574468085106
AncA,heme_O2,93,-7.06,-0.17042553191489362,-0.043191489361702126,-0.04259574468085106
AncA,heme_O2,94,-7.52,-0.1472340425531915,-0.07680851063829787,-0.04259574468085106
AncA,heme_O2,95,-7.1,-0.13,-0.08446808510638298,-0.04259574468085106
AncA,heme_O2,96,-8.65,-0.15531914893617021,-0.0925531914893617,-0.04259574468085106
AncA,heme_O2,97,-6.52,-0.11127659574468085,-0.09085106382978723,-0.04259574468085106
AncA,heme_O2,98,-6.37,-0.1551063829787234,-0.04425531914893617,-0.04259574468085106
AncA,heme_O2,99,-7.76,-0.16914893617021276,-0.05957446808510638,-0.04259574468085106
AncA,heme_O2,100,-8.86,-0.22361702127659575,-0.02851063829787234,-0.04259574468085106
AncA,IHP,1,,-0.06458333333333333,-0.021666666666666667,-0.00012500000000000358
AncA,IHP,2,,-0.08604166666666667,-0.00020833333333333335,-0.00012500000000000358
AncA,IHP,3,,-0.080625,-0.006458333333333333,-0.00012500000000000358
AncA,IHP,4,,-0.08479166666666667,-0.003958333333333334,-0.00012500000000000358
AncA,IHP,5,,-0.09208333333333334,-0.008541666666666668,-0.00012500000000000358
AncA,IHP,6,,-0.05041666666666667,-0.0025,-0.00012500000000000358
AncA,IHP,7,,-0.11145833333333334,-0.00125,-0.00012500000000000358
AncA,IHP,8,,-0.11979166666666667,-0.0035416666666666656,-0.00012500000000000358
AncA,IHP,9,,-0.06916666666666667,-0.0075,-0.00012500000000000358
AncA,IHP,10,,-0.06125,-0.007916666666666666,-0.00012500000000000358
AncA,IHP,11,,-0.07270833333333333,-0.0008333333333333337,-0.00012500000000000358
AncA,IHP,12,-0.56,-0.15041666666666667,-0.009791666666666667,-0.00012500000000000358
AncA,IHP,13,,-0.08145833333333333,-0.003125,-0.00012500000000000358
AncA,IHP,14,,-0.089375,-0.0029166666666666664,-0.00012500000000000358
AncA,IHP,15,,-0.07208333333333333,-0.011458333333333334,-0.00012500000000000358
AncA,IHP,16,,-0.10187500000000001,-0.0031249999999999997,-0.00012500000000000358
AncA,IHP,17,,-0.08395833333333333,-0.004375,-0.00012500000000000358
AncA,IHP,18,,-0.06666666666666667,-0.00020833333333333308,-0.00012500000000000358
AncA,IHP,19,,-0.05604166666666667,-0.005208333333333335,-0.00012500000000000358
AncA,IHP,20,,-0.09229166666666667,-0.010833333333333334,-0.00012500000000000358
AncA,IHP,21,,-0.068125,-0.0041666666666666675,-0.00012500000000000358
AncA,IHP,22,,-0.10041666666666667,-0.005,-0.00012500000000000358
AncA,IHP,23,,-0.11354166666666667,-0.008333333333333333,-0.00012500000000000358
AncA,IHP,24,,-0.06333333333333334,-0.0014583333333333334,-0.00012500000000000358
AncA,IHP,25,,-0.08729166666666667,-0.012916666666666667,-0.00012500000000000358
AncA,IHP,26,,-0.115625,-0.0022916666666666667,-0.00012500000000000358
AncA,IHP,27,,-0.05395833333333333,-0.00375,-0.00012500000000000358
AncA,IHP,28,,-0.07208333333333333,-0.002291666666666668,-0.00012500000000000358
AncA,IHP,29,,-0.10625,-0.0025000000000000005,-0.00012500000000000358
AncA,IHP,30,,-0.06354166666666666,-0.0029166666666666664,-0.00012500000000000358
AncA,IHP,31,,-0.09854166666666667,-0.003333333333333333,-0.00012500000000000358
AncA,IHP,32,,-0.06708333333333334,-0.004374999999999999,-0.00012500000000000358
AncA,IHP,33,,-0.076875,-0.0027083333333333326,-0.00012500000000000358
AncA,IHP,34,,-0.07208333333333333,-0.0029166666666666664,-0.00012500000000000358
AncA,IHP,35,,-0.06958333333333333,-0.0020833333333333324,-0.00012500000000000358
AncA,IHP,36,,-0.075625,-0.007083333333333333,-0.00012500000000000358
AncA,IHP,37,,-0.09666666666666666,-0.007083333333333334,-0.00012500000000000358
AncA,IHP,38,,-0.06479166666666666,-0.0012500000000000007,-0.00012500000000000358
AncA,IHP,39,,-0.133125,-0.013958333333333333,-0.00012500000000000358
AncA,IHP,40,,-0.09479166666666666,-0.006041666666666666,-0.00012500000000000358
AncA,IHP,41,,-0.07458333333333333,-0.002291666666666667,-0.00012500000000000358
AncA,IHP,42,,-0.07875,-0.0043749999999999995,-0.00012500000000000358
AncA,IHP,43,,-0.08520833333333333,-0.0062499999999999995,-0.00012500000000000358
AncA,IHP,44,,-0.07375,-0.00041666666666666675,-0.00012500000000000358
AncA,IHP,45,,-0.10354166666666667,-0.0012499999999999998,-0.00012500000000000358
AncA,IHP,46,,-0.06166666666666667,-0.00020833333333333427,-0.00012500000000000358
AncA,IHP,47,,-0.08770833333333333,-0.0027083333333333334,-0.00012500000000000358
AncA,IHP,48,-0.4,-0.159375,0.002291666666666667,-0.00012500000000000358
AncA,IHP,49,,-0.10229166666666667,-0.012916666666666665,-0.00012500000000000358
AncA,IHP,50,,-0.06645833333333334,-0.0010416666666666664,-0.00012500000000000358
AncA,IHP,51,,-0.09104166666666667,-0.0060416666666666665,-0.00012500000000000358
AncA,IHP,52,,-0.07645833333333334,-0.008333333333333333,-0.00012500000000000358
AncA,IHP,53,,-0.08083333333333334,-0.0020833333333333333,-0.00012500000000000358
AncA,IHP,54,,-0.10041666666666667,-0.009791666666666664,-0.00012500000000000358
AncA,IHP,55,,-0.063125,-0.0033333333333333322,-0.00012500000000000358
AncA,IHP,56,,-0.04833333333333333,-0.0031249999999999997,-0.00012500000000000358
AncA,IHP,57,,-0.09145833333333334,-0.007291666666666665,-0.00012500000000000358
AncA,IHP,58,,-0.088125,-0.0025000000000000005,-0.00012500000000000358
AncA,IHP,59,,-0.08145833333333334,-0.01625,-0.00012500000000000358
AncA,IHP,60,,-0.09833333333333334,-0.004166666666666667,-0.00012500000000000358
AncA,IHP,61,,-0.061875,-0.011875,-0.00012500000000000358
AncA,IHP,62,,-0.08979166666666667,-0.008333333333333335,-0.00012500000000000358
AncA,IHP,63,,-0.07104166666666667,-0.003125,-0.00012500000000000358
AncA,IHP,64,,-0.091875,-0.002083333333333333,-0.00012500000000000358
AncA,IHP,65,,-0.08020833333333334,-0.011666666666666665,-0.00012500000000000358
AncA,IHP,66,,-0.115625,-0.007291666666666667,-0.00012500000000000358
AncA,IHP,67,,-0.0725,-0.005208333333333334,-0.00012500000000000358
AncA,IHP,68,,-0.10604166666666667,-0.0041666666666666675,-0.00012500000000000358
AncA,IHP,69,,-0.08916666666666667,-0.0033333333333333335,-0.00012500000000000358
AncA,IHP,70,,-0.081875,-0.0062499999999999995,-0.00012500000000000358
AncA,IHP,71,,-0.0825,-0.014791666666666667,-0.00012500000000000358
AncA,IHP,72,,-0.06125,-0.0020833333333333333,-0.00012500000000000358
AncA,IHP,73,,-0.08020833333333334,-0.007083333333333335,-0.00012500000000000358
AncA,IHP,74,,-0.07166666666666667,-0.006041666666666667,-0.00012500000000000358
AncA,IHP,75,,-0.083125,-0.017083333333333332,-0.00012500000000000358
AncA,IHP,76,,-0.06270833333333334,-0.0035416666666666665,-0.00012500000000000358
AncA,IHP,77,,-0.07,-0.00125,-0.00012500000000000358
AncA,IHP,78,,-0.06979166666666667,-0.0043749999999999995,-0.00012500000000000358
AncA,IHP,79,,-0.09583333333333334,-0.001875,-0.00012500000000000358
AncA,IHP,80,,-0.07895833333333332,-0.0022916666666666667,-0.00012500000000000358
AncA,IHP,81,,-0.08833333333333333,-0.003958333333333333,-0.00012500000000000358
AncA,IHP,82,,-0.103125,-0.007083333333333334,-0.00012500000000000358
AncA,IHP,83,,-0.08854166666666667,-0.0018750000000000001,-0.00012500000000000358
AncA,IHP,84,,-0.09833333333333333,-0.004375000000000003,-0.00012500000000000358
AncA,IHP,85,,-0.06416666666666666,0.0012500000000000002,-0.00012500000000000358
AncA,IHP,86,,-0.09604166666666666,-0.007083333333333334,-0.00012500000000000358
AncA,IHP,87,,-0.13958333333333334,-0.008124999999999999,-0.00012500000000000358
AncA,IHP,88,,-0.08125,-0.0033333333333333335,-0.00012500000000000358
AncA,IHP,89,,-0.054375,-0.0033333333333333335,-0.00012500000000000358
AncA,IHP,90,,-0.08229166666666667,-0.0014583333333333334,-0.00012500000000000358
AncA,IHP,91,,-0.08479166666666667,-0.00375,-0.00012500000000000358
AncA,IHP,92,,-0.108125,-0.0016666666666666668,-0.00012500000000000358
AncA,IHP,93,,-0.075,-0.005625,-0.00012500000000000358
AncA,IHP,94,,-0.10666666666666667,-0.005416666666666668,-0.00012500000000000358
AncA,IHP,95,,-0.09395833333333334,-0.012708333333333334,-0.00012500000000000358
AncA,IHP,96,,-0.084375,-0.028541666666666667,-0.00012500000000000358
AncA,IHP,97,,-0.07916666666666666,-0.010208333333333331,-0.00012500000000000358
AncA,IHP,98,,-0.11166666666666666,-0.012083333333333331,-0.00012500000000000358
AncA,IHP,99,,-0.08729166666666667,-0.015000000000000001,-0.00012500000000000358
AncA,IHP,100,,-0.08645833333333333,0.0010416666666666667,-0.00012500000000000358
6BB5,2_3_BPG,1,-6.89,-0.22733333333333333,-0.35200000000000004,-0.33066666666666666
6BB5,2_3_BPG,2,-7.27,-0.228,-0.37666666666666665,-0.33066666666666666
6BB5,2_3_BPG,3,-6.93,-0.20333333333333334,-0.37933333333333336,-0.33066666666666666
6BB5,2_3_BPG,4,-7.59,-0.24733333333333335,-0.37866666666666665,-0.33066666666666666
6BB5,2_3_BPG,5,-7.24,-0.20199999999999999,-0.40066666666666667,-0.33066666666666666
6BB5,2_3_BPG,6,-6.34,-0.178,-0.364,-0.33066666666666666
6BB5,2_3_BPG,7,-7.34,-0.21133333333333335,-0.39666666666666667,-0.33066666666666666
6BB5,2_3_BPG,8,-7.22,-0.244,-0.3566666666666667,-0.33066666666666666
6BB5,2_3_BPG,9,-7.64,-0.23533333333333334,-0.39466666666666667,-0.33066666666666666
6BB5,2_3_BPG,10,-7.11,-0.22266666666666668,-0.37066666666666664,-0.33066666666666666
6BB5,2_3_BPG,11,-7.5,-0.24333333333333335,-0.37733333333333335,-0.33066666666666666
6BB5,2_3_BPG,12,-7.08,-0.21533333333333335,-0.37666666666666665,-0.33066666666666666
6BB5,2_3_BPG,13,-6.33,-0.21133333333333335,-0.33066666666666666,-0.33066666666666666
6BB5,2_3_BPG,14,-6.84,-0.18733333333333332,-0.388,-0.33066666666666666
6BB5,2_3_BPG,15,-6.9,-0.232,-0.3473333333333333,-0.33066666666666666
6BB5,2_3_BPG,16,-6.85,-0.19466666666666665,-0.38133333333333336,-0.33066666666666666
6BB5,2_3_BPG,17,-6.89,-0.23333333333333334,-0.34600000000000003,-0.33066666666666666
6BB5,2_3_BPG,18,-6.71,-0.16666666666666666,-0.4,-0.33066666666666666
6BB5,2_3_BPG,19,-6.3,-0.17533333333333334,-0.36333333333333334,-0.33066666666666666
6BB5,2_3_BPG,20,-6.86,-0.20400000000000001,-0.374,-0.33066666666666666
6BB5,2_3_BPG,21,-7.38,-0.22133333333333333,-0.38933333333333336,-0.33066666666666666
6BB5,2_3_BPG,22,-6.82,-0.182,-0.3933333333333333,-0.33066666666666666
6BB5,2_3_BPG,23,-6.97,-0.23666666666666666,-0.3466666666666667,-0.33066666666666666
6BB5,2_3_BPG,24,-6.34,-0.19933333333333333,-0.342,-0.33066666666666666
6BB5,2_3_BPG,25,-6.53,-0.18333333333333332,-0.37066666666666664,-0.33066666666666666
6BB5,2_3_BPG,26,-7.31,-0.20266666666666666,-0.404,-0.33066666666666666
6BB5,2_3_BPG,27,-7.09,-0.19,-0.4033333333333333,-0.33066666666666666
6BB5,2_3_BPG,28,-7.23,-0.212,-0.38933333333333336,-0.33066666666666666
6BB5,2_3_BPG,29,-7.24,-0.192,-0.41,-0.33066666666666666
6BB5,2_3_BPG,30,-7.3,-0.24533333333333335,-0.362,-0.33066666666666666
6BB5,2_3_BPG,31,-7.27,-0.23,-0.376,-0.33066666666666666
6BB5,2_3_BPG,32,-7.3,-0.234,-0.372,-0.33066666666666666
6BB5,2_3_BPG,33,-7.02,-0.20266666666666666,-0.38466666666666666,-0.33066666666666666
6BB5,2_3_BPG,34,-7.19,-0.20666666666666667,-0.3933333333333333,-0.33066666666666666
6BB5,2_3_BPG,35,-6.67,-0.18466666666666667,-0.37866666666666665,-0.33066666666666666
6BB5,2_3_BPG,36,-7.23,-0.23,-0.37,-0.33066666666666666
6BB5,2_3_BPG,37,-6.89,-0.20866666666666667,-0.372,-0.33066666666666666
6BB5,2_3_BPG,38,-6.64,-0.19066666666666668,-0.37066666666666664,-0.33066666666666666
6BB5,2_3_BPG,39,-6.88,-0.226,-0.35200000000000004,-0.33066666666666666
6BB5,2_3_BPG,40,-7.36,-0.204,-0.40599999999999997,-0.33066666666666666
6BB5,2_3_BPG,41,-6.68,-0.19533333333333333,-0.37133333333333335,-0.33066666666666666
6BB5,2_3_BPG,42,-6.53,-0.20066666666666666,-0.3546666666666667,-0.33066666666666666
6BB5,2_3_BPG,43,-7.06,-0.20266666666666666,-0.386,-0.33066666666666666
6BB5,2_3_BPG,44,-6.87,-0.194,-0.38466666666666666,-0.33066666666666666
6BB5,2_3_BPG,45,-7.12,-0.206,-0.3873333333333333,-0.33066666666666666
6BB5,2_3_BPG,46,-7.26,-0.19866666666666669,-0.404,-0.33066666666666666
6BB5,2_3_BPG,47,-6.68,-0.194,-0.37133333333333335,-0.33066666666666666
6BB5,2_3_BPG,48,-6.95,-0.202,-0.38,-0.33066666666666666
6BB5,2_3_BPG,49,-7.21,-0.21666666666666667,-0.38333333333333336,-0.33066666666666666
6BB5,2_3_BPG,50,-7.2,-0.25333333333333335,-0.3453333333333333,-0.33066666666666666
6BB5,2_3_BPG,51,-6.98,-0.22333333333333333,-0.36133333333333334,-0.33066666666666666
6BB5,2_3_BPG,52,-6.7,-0.192,-0.374,-0.33066666666666666
6BB5,2_3_BPG,53,-7.17,-0.22666666666666666,-0.37066666666666664,-0.33066666666666666
6BB5,2_3_BPG,54,-6.49,-0.184,-0.37,-0.33066666666666666
6BB5,2_3_BPG,55,-6.75,-0.192,-0.3766666666666667,-0.33066666666666666
6BB5,2_3_BPG,56,-6.88,-0.202,-0.37466666666666665,-0.33066666666666666
6BB5,2_3_BPG,57,-6.85,-0.21333333333333332,-0.36333333333333334,-0.33066666666666666
6BB5,2_3_BPG,58,-6.82,-0.218,-0.3566666666666667,-0.33066666666666666
6BB5,2_3_BPG,59,-6.43,-0.17600000000000002,-0.37266666666666665,-0.33066666666666666
6BB5,2_3_BPG,60,-7.3,-0.232,-0.37466666666666665,-0.33066666666666666
6BB5,2_3_BPG,61,-6.58,-0.18333333333333335,-0.3746666666666667,-0.33066666666666666
6BB5,2_3_BPG,62,-7.5,-0.22,-0.40066666666666667,-0.33066666666666666
6BB5,2_3_BPG,63,-6.97,-0.202,-0.382,-0.33066666666666666
6BB5,2_3_BPG,64,-7.22,-0.226,-0.3746666666666667,-0.33066666666666666
6BB5,2_3_BPG,65,-7.52,-0.24533333333333332,-0.37666666666666665,-0.33066666666666666
6BB5,2_3_BPG,66,-6.32,-0.17200000000000001,-0.37066666666666664,-0.33066666666666666
6BB5,2_3_BPG,67,-7.06,-0.23066666666666666,-0.35933333333333334,-0.33066666666666666
6BB5,2_3_BPG,68,-6.97,-0.212,-0.372,-0.33066666666666666
6BB5,2_3_BPG,69,-7.24,-0.23199999999999998,-0.3706666666666667,-0.33066666666666666
6BB5,2_3_BPG,70,-7.32,-0.22466666666666665,-0.38133333333333336,-0.33066666666666666
6BB5,2_3_BPG,71,-6.96,-0.22533333333333333,-0.36,-0.33066666666666666
6BB5,2_3_BPG,72,-7.11,-0.20933333333333334,-0.38466666666666666,-0.33066666666666666
6BB5,2_3_BPG,73,-6.8,-0.19866666666666666,-0.3753333333333333,-0.33066666666666666
6BB5,2_3_BPG,74,-7.27,-0.20533333333333334,-0.39866666666666667,-0.33066666666666666
6BB5,2_3_BPG,75,-6.82,-0.17133333333333334,-0.4033333333333333,-0.33066666666666666
6BB5,2_3_BPG,76,-7.33,-0.21466666666666667,-0.394,-0.33066666666666666
6BB5,2_3_BPG,77,-7.5,-0.23533333333333334,-0.384,-0.33066666666666666
6BB5,2_3_BPG,78,-7.3,-0.226,-0.38066666666666665,-0.33066666666666666
6BB5,2_3_BPG,79,-7.49,-0.22666666666666668,-0.39266666666666666,-0.33066666666666666
6BB5,2_3_BPG,80,-7.41,-0.22866666666666666,-0.384,-0.33066666666666666
6BB5,2_3_BPG,81,-6.62,-0.20800000000000002,-0.354,-0.33066666666666666
6BB5,2_3_BPG,82,-6.76,-0.19266666666666665,-0.37733333333333335,-0.33066666666666666
6BB5,2_3_BPG,83,-7.39,-0.21866666666666668,-0.39466666666666667,-0.33066666666666666
6BB5,2_3_BPG,84,-7.48,-0.23600000000000002,-0.38133333333333336,-0.33066666666666666
6BB5,2_3_BPG,85,-6.8,-0.20199999999999999,-0.37133333333333335,-0.33066666666666666
6BB5,2_3_BPG,86,-7.31,-0.22466666666666668,-0.38333333333333336,-0.33066666666666666
6BB5,2_3_BPG,87,-7.5,-0.22666666666666666,-0.3933333333333333,-0.33066666666666666
6BB5,2_3_BPG,88,-7.52,-0.22733333333333333,-0.39466666666666667,-0.33066666666666666
6BB5,2_3_BPG,89,-7.02,-0.216,-0.372,-0.33066666666666666
6BB5,2_3_BPG,90,-7.54,-0.23333333333333334,-0.39066666666666666,-0.33066666666666666
6BB5,2_3_BPG,91,-7.2,-0.212,-0.388,-0.33066666666666666
6BB5,2_3_BPG,92,-7.04,-0.216,-0.372,-0.33066666666666666
6BB5,2_3_BPG,93,-7.26,-0.212,-0.392,-0.33066666666666666
6BB5,2_3_BPG,94,-6.8,-0.20133333333333334,-0.37,-0.33066666666666666
6BB5,2_3_BPG,95,-6.67,-0.196,-0.36933333333333335,-0.33066666666666666
6BB5,2_3_BPG,96,-7.23,-0.21133333333333335,-0.38866666666666666,-0.33066666666666666
6BB5,2_3_BPG,97,-7.25,-0.22133333333333333,-0.3813333333333333,-0.33066666666666666
6BB5,2_3_BPG,98,-7.39,-0.23866666666666667,-0.374,-0.33066666666666666
6BB5,2_3_BPG,99,-6.71,-0.19133333333333333,-0.376,-0.33066666666666666
6BB5,2_3_BPG,100,-6.91,-0.21266666666666667,-0.36733333333333335,-0.33066666666666666
6BB5,heme,1,-3.54,-0.13018518518518518,-0.007407407407407408,-3.7037037037035065e-05
6BB5,heme,2,-2.81,-0.11796296296296296,-0.006666666666666666,-3.7037037037035065e-05
6BB5,heme,3,-3.15,-0.12814814814814815,-0.0018518518518518515,-3.7037037037035065e-05
6BB5,heme,4,-4.87,-0.1625925925925926,-0.0001851851851851846,-3.7037037037035065e-05
6BB5,heme,5,-3.1,-0.12574074074074074,-0.003703703703703704,-3.7037037037035065e-05
6BB5,heme,6,-2.48,-0.11888888888888889,0.0007407407407407406,-3.7037037037035065e-05
6BB5,heme,7,-3.04,-0.11648148148148148,-0.012407407407407407,-3.7037037037035065e-05
6BB5,heme,8,-4.59,-0.15518518518518518,-0.0011111111111111105,-3.7037037037035065e-05
6BB5,heme,9,-3.91,-0.13796296296296295,-0.005925925925925926,-3.7037037037035065e-05
6BB5,heme,10,-2.72,-0.1162962962962963,-0.006111111111111112,-3.7037037037035065e-05
6BB5,heme,11,-5.86,-0.1761111111111111,-0.004074074074074075,-3.7037037037035065e-05
6BB5,heme,12,-6.22,-0.17703703703703705,-0.01,-3.7037037037035065e-05
6BB5,heme,13,-3.48,-0.12925925925925927,-0.007222222222222222,-3.7037037037035065e-05
6BB5,heme,14,-4.6,-0.14166666666666666,-0.014814814814814814,-3.7037037037035065e-05
6BB5,heme,15,-5.24,-0.16407407407407407,-0.00537037037037037,-3.7037037037035065e-05
6BB5,heme,16,-3.04,-0.1225925925925926,-0.004444444444444445,-3.7037037037035065e-05
6BB5,heme,17,-1.8,-0.10333333333333333,-0.0011111111111111113,-3.7037037037035065e-05
6BB5,heme,18,-3.41,-0.13462962962962963,2.248715617006972e-19,-3.7037037037035065e-05
6BB5,heme,19,-4.13,-0.1451851851851852,-0.0016666666666666661,-3.7037037037035065e-05
6BB5,heme,20,-3.1,-0.1275925925925926,-0.0022222222222222222,-3.7037037037035065e-05
6BB5,heme,21,-4.87,-0.15648148148148147,-0.00574074074074074,-3.7037037037035065e-05
6BB5,heme,22,-3.97,-0.13907407407407407,-0.006851851851851852,-3.7037037037035065e-05
6BB5,heme,23,-2.57,-0.1175925925925926,-0.002407407407407407,-3.7037037037035065e-05
6BB5,heme,24,-4.67,-0.15407407407407409,-0.003333333333333333,-3.7037037037035065e-05
6BB5,heme,25,-2.79,-0.11537037037037037,-0.007777777777777778,-3.7037037037035065e-05
6BB5,heme,26,-4.13,-0.14166666666666666,-0.005185185185185183,-3.7037037037035065e-05
6BB5,heme,27,-4.12,-0.13462962962962963,-0.013518518518518518,-3.7037037037035065e-05
6BB5,heme,28,-1.66,-0.09851851851851852,-0.002962962962962962,-3.7037037037035065e-05
6BB5,heme,29,-2.43,-0.11259259259259259,-0.00462962962962963,-3.7037037037035065e-05
6BB5,heme,30,-5.37,-0.15814814814814815,-0.01296296296296296,-3.7037037037035065e-05
6BB5,heme,31,-2.72,-0.11981481481481482,-0.0016666666666666674,-3.7037037037035065e-05
6BB5,heme,32,-4.31,-0.1412962962962963,-0.01074074074074074,-3.7037037037035065e-05
6BB5,heme,33,-2.14,-0.11240740740740741,1.6062254407192657e-19,-3.7037037037035065e-05
6BB5,heme,34,-4.0,-0.1338888888888889,-0.011851851851851855,-3.7037037037035065e-05
6BB5,heme,35,-3.76,-0.13407407407407407,-0.007592592592592593,-3.7037037037035065e-05
6BB5,heme,36,-3.55,-0.13648148148148148,-0.0009259259259259256,-3.7037037037035065e-05
6BB5,heme,37,-4.53,-0.1488888888888889,-0.007962962962962963,-3.7037037037035065e-05
6BB5,heme,38,-4.46,-0.14722222222222223,-0.007407407407407408,-3.7037037037035065e-05
6BB5,heme,39,-2.75,-0.1212962962962963,-0.0011111111111111118,-3.7037037037035065e-05
6BB5,heme,40,-4.59,-0.15037037037037038,-0.006851851851851852,-3.7037037037035065e-05
6BB5,heme,41,-3.37,-0.12462962962962963,-0.00962962962962963,-3.7037037037035065e-05
6BB5,heme,42,-3.74,-0.14074074074074075,-0.00018518518518518515,-3.7037037037035065e-05
6BB5,heme,43,-3.89,-0.14055555555555554,-0.003333333333333333,-3.7037037037035065e-05
6BB5,heme,44,-3.84,-0.14277777777777778,3.2124508814385315e-19,-3.7037037037035065e-05
6BB5,heme,45,-1.27,-0.09407407407407407,-0.0011111111111111111,-3.7037037037035065e-05
6BB5,heme,46,-4.16,-0.14074074074074075,-0.009259259259259259,-3.7037037037035065e-05
6BB5,heme,47,-5.84,-0.16592592592592592,-0.013333333333333334,-3.7037037037035065e-05
6BB5,heme,48,-3.34,-0.13425925925925927,0.00018518518518518507,-3.7037037037035065e-05
6BB5,heme,49,-2.77,-0.12092592592592592,-0.0012962962962962963,-3.7037037037035065e-05
6BB5,heme,50,-3.89,-0.1437037037037037,-0.00018518518518518474,-3.7037037037035065e-05
6BB5,heme,51,-2.79,-0.12185185185185185,-0.0022222222222222222,-3.7037037037035065e-05
6BB5,heme,52,-2.31,-0.11277777777777778,-0.0014814814814814816,-3.7037037037035065e-05
6BB5,heme,53,-7.12,-0.19314814814814815,-0.01,-3.7037037037035065e-05
6BB5,heme,54,-3.19,-0.12277777777777778,-0.007777777777777777,-3.7037037037035065e-05
6BB5,heme,55,-3.14,-0.12092592592592592,-0.008518518518518519,-3.7037037037035065e-05
6BB5,heme,56,-6.24,-0.18537037037037038,-0.002037037037037037,-3.7037037037035065e-05
6BB5,heme,57,-5.61,-0.16870370370370372,-0.007222222222222222,-3.7037037037035065e-05
6BB5,heme,58,-2.28,-0.1112962962962963,-0.002592592592592592,-3.7037037037035065e-05
6BB5,heme,59,-3.51,-0.1338888888888889,-0.002592592592592593,-3.7037037037035065e-05
6BB5,heme,60,-4.2,-0.13962962962962963,-0.009814814814814816,-3.7037037037035065e-05
6BB5,heme,61,-5.15,-0.1512962962962963,-0.01574074074074074,-3.7037037037035065e-05
6BB5,heme,62,-1.89,-0.10648148148148148,-0.0005555555555555556,-3.7037037037035065e-05
6BB5,heme,63,-4.65,-0.15611111111111112,-0.002037037037037036,-3.7037037037035065e-05
6BB5,heme,64,-4.02,-0.1361111111111111,-0.010925925925925926,-3.7037037037035065e-05
6BB5,heme,65,-4.19,-0.14796296296296296,-0.0003703703703703706,-3.7037037037035065e-05
6BB5,heme,66,-3.46,-0.1348148148148148,-0.0022222222222222222,-3.7037037037035065e-05
6BB5,heme,67,-5.91,-0.17962962962962964,-0.001296296296296297,-3.7037037037035065e-05
6BB5,heme,68,-3.37,-0.1237037037037037,-0.010370370370370372,-3.7037037037035065e-05
6BB5,heme,69,-4.45,-0.1448148148148148,-0.010185185185185184,-3.7037037037035065e-05
6BB5,heme,70,-5.62,-0.16296296296296298,-0.012407407407407407,-3.7037037037035065e-05
6BB5,heme,71,-6.58,-0.19,-0.003703703703703703,-3.7037037037035065e-05
6BB5,heme,72,-6.06,-0.18296296296296297,-0.0012962962962962973,-3.7037037037035065e-05
6BB5,heme,73,-1.84,-0.10351851851851852,-0.003148148148148148,-3.7037037037035065e-05
6BB5,heme,74,-5.67,-0.16833333333333333,-0.009074074074074075,-3.7037037037035065e-05
6BB5,heme,75,-2.46,-0.11296296296296296,-0.00462962962962963,-3.7037037037035065e-05
6BB5,heme,76,-3.64,-0.1274074074074074,-0.012222222222222221,-3.7037037037035065e-05
6BB5,heme,77,-6.02,-0.16777777777777778,-0.01537037037037037,-3.7037037037035065e-05
6BB5,heme,78,-2.61,-0.115,-0.005185185185185186,-3.7037037037035065e-05
6BB5,heme,79,-3.22,-0.1303703703703704,-0.001481481481481481,-3.7037037037035065e-05
6BB5,heme,80,-3.92,-0.13685185185185186,-0.0075925925925925935,-3.7037037037035065e-05
6BB5,heme,81,-4.8,-0.1574074074074074,-0.0014814814814814818,-3.7037037037035065e-05
6BB5,heme,82,-3.98,-0.1361111111111111,-0.009259259259259259,-3.7037037037035065e-05
6BB5,heme,83,-3.71,-0.13611111111111113,-0.005,-3.7037037037035065e-05
6BB5,heme,84,-2.96,-0.12351851851851851,-0.003148148148148148,-3.7037037037035065e-05
6BB5,heme,85,-3.5,-0.13314814814814815,-0.003888888888888889,-3.7037037037035065e-05
6BB5,heme,86,-4.27,-0.1401851851851852,-0.010185185185185184,-3.7037037037035065e-05
6BB5,heme,87,-3.68,-0.12277777777777778,-0.017777777777777778,-3.7037037037035065e-05
6BB5,heme,88,-5.46,-0.17055555555555557,-0.001666666666666667,-3.7037037037035065e-05
6BB5,heme,89,-4.27,-0.1488888888888889,-0.0018518518518518521,-3.7037037037035065e-05
6BB5,heme,90,-4.87,-0.16296296296296298,0.000370370370370371,-3.7037037037035065e-05
6BB5,heme,91,-3.92,-0.13611111111111113,-0.008518518518518517,-3.7037037037035065e-05
6BB5,heme,92,-2.2,-0.10425925925925926,-0.007962962962962962,-3.7037037037035065e-05
6BB5,heme,93,-3.83,-0.135,-0.008148148148148147,-3.7037037037035065e-05
6BB5,heme,94,-3.84,-0.13740740740740742,-0.005370370370370372,-3.7037037037035065e-05
6BB5,heme,95,-2.71,-0.11388888888888889,-0.0077777777777777776,-3.7037037037035065e-05
6BB5,heme,96,-4.79,-0.15407407407407409,-0.006296296296296297,-3.7037037037035065e-05
6BB5,heme,97,-4.76,-0.14796296296296296,-0.012037037037037035,-3.7037037037035065e-05
6BB5,heme,98,-2.79,-0.125,0.0018518518518518517,-3.7037037037035065e-05
6BB5,heme,99,-3.65,-0.12981481481481483,-0.009074074074074075,-3.7037037037035065e-05
6BB5,heme,100,-4.43,-0.15074074074074073,-0.003703703703703704,-3.7037037037035065e-05
6BB5,heme_Co,1,-13.34,-0.30875,-0.042916666666666665,-0.04170833333333333
6BB5,heme_Co,2,-8.91,-0.18666666666666668,-0.07250000000000001,-0.04170833333333333
6BB5,heme_Co,3,-13.44,-0.3229166666666667,-0.03166666666666667,-0.04170833333333333
6BB5,heme_Co,4,-5.07,-0.14041666666666666,-0.04041666666666666,-0.04170833333333333
6BB5,heme_Co,5,-13.3,-0.3147916666666667,-0.036875,-0.04170833333333333
6BB5,heme_Co,6,-4.34,-0.161875,-0.003541666666666667,-0.04170833333333333
6BB5,heme_Co,7,-3.95,-0.15604166666666666,-0.0008333333333333334,-0.04170833333333333
6BB5,heme_Co,8,-7.74,-0.170625,-0.065,-0.04170833333333333
6BB5,heme_Co,9,-11.11,-0.2947916666666667,-0.011041666666666667,-0.04170833333333333
6BB5,heme_Co,10,-11.87,-0.31354166666666666,-0.008541666666666668,-0.04170833333333333
6BB5,heme_Co,11,-11.75,-0.29333333333333333,-0.026250000000000002,-0.04170833333333333
6BB5,heme_Co,12,-4.65,-0.10958333333333334,-0.060833333333333336,-0.04170833333333333
6BB5,heme_Co,13,-13.46,-0.30854166666666666,-0.045,-0.04170833333333333
6BB5,heme_Co,14,-4.05,-0.134375,-0.02479166666666667,-0.04170833333333333
6BB5,heme_Co,15,-8.13,-0.18979166666666666,-0.05354166666666667,-0.04170833333333333
6BB5,heme_Co,16,-6.87,-0.16895833333333335,-0.049375,-0.04170833333333333
6BB5,heme_Co,17,-4.14,-0.11958333333333333,-0.04083333333333333,-0.04170833333333333
6BB5,heme_Co,18,-6.14,-0.180625,-0.021458333333333333,-0.04170833333333333
6BB5,heme_Co,19,-4.34,-0.14208333333333334,-0.0225,-0.04170833333333333
6BB5,heme_Co,20,-8.28,-0.20291666666666666,-0.04416666666666667,-0.04170833333333333
6BB5,heme_Co,21,-6.65,-0.1675,-0.045625,-0.04170833333333333
6BB5,heme_Co,22,-13.4,-0.30833333333333335,-0.045208333333333336,-0.04170833333333333
6BB5,heme_Co,23,-3.96,-0.15625,-0.0012500000000000002,-0.04170833333333333
6BB5,heme_Co,24,-4.59,-0.15979166666666667,-0.010625,-0.04170833333333333
6BB5,heme_Co,25,-6.74,-0.16479166666666667,-0.050208333333333334,-0.04170833333333333
6BB5,heme_Co,26,-8.93,-0.19416666666666668,-0.06604166666666667,-0.04170833333333333
6BB5,heme_Co,27,-8.38,-0.19395833333333334,-0.05520833333333334,-0.04170833333333333
6BB5,heme_Co,28,-7.76,-0.18895833333333334,-0.046875,-0.04170833333333333
6BB5,heme_Co,29,-6.87,-0.17541666666666667,-0.042708333333333334,-0.04170833333333333
6BB5,heme_Co,30,-2.79,-0.12958333333333333,-0.0020833333333333333,-0.04170833333333333
6BB5,heme_Co,31,-13.21,-0.3225,-0.02708333333333333,-0.04170833333333333
6BB5,heme_Co,32,-8.47,-0.17708333333333334,-0.07270833333333333,-0.04170833333333333
6BB5,heme_Co,33,-8.81,-0.18583333333333332,-0.07187500000000001,-0.04170833333333333
6BB5,heme_Co,34,-13.09,-0.32145833333333335,-0.025208333333333333,-0.04170833333333333
6BB5,heme_Co,35,-4.75,-0.13645833333333335,-0.03666666666666667,-0.04170833333333333
6BB5,heme_Co,36,-13.57,-0.32354166666666667,-0.03375,-0.04170833333333333
6BB5,heme_Co,37,-3.56,-0.13770833333333335,-0.010208333333333333,-0.04170833333333333
6BB5,heme_Co,38,-5.2,-0.16375,-0.018958333333333334,-0.04170833333333333
6BB5,heme_Co,39,-13.31,-0.31895833333333334,-0.033125,-0.04170833333333333
6BB5,heme_Co,40,-11.01,-0.29604166666666665,-0.007916666666666667,-0.04170833333333333
6BB5,heme_Co,41,-6.8,-0.153125,-0.06354166666666666,-0.04170833333333333
6BB5,heme_Co,42,-13.23,-0.30791666666666667,-0.043333333333333335,-0.04170833333333333
6BB5,heme_Co,43,-3.42,-0.12770833333333334,-0.018125000000000002,-0.04170833333333333
6BB5,heme_Co,44,-8.05,-0.19208333333333333,-0.050208333333333334,-0.04170833333333333
6BB5,heme_Co,45,-6.91,-0.203125,-0.015624999999999998,-0.04170833333333333
6BB5,heme_Co,46,-6.33,-0.148125,-0.058125,-0.04170833333333333
6BB5,heme_Co,47,-2.82,-0.07479166666666667,-0.058958333333333335,-0.04170833333333333
6BB5,heme_Co,48,-6.23,-0.14354166666666668,-0.06041666666666667,-0.04170833333333333
6BB5,heme_Co,49,-9.02,-0.194375,-0.06770833333333334,-0.04170833333333333
6BB5,heme_Co,50,-7.9,-0.17666666666666667,-0.061875,-0.04170833333333333
6BB5,heme_Co,51,-7.68,-0.189375,-0.045625,-0.04170833333333333
6BB5,heme_Co,52,-6.46,-0.165625,-0.043125,-0.04170833333333333
6BB5,heme_Co,53,-11.83,-0.29041666666666666,-0.030625,-0.04170833333333333
6BB5,heme_Co,54,-5.05,-0.12458333333333334,-0.05541666666666667,-0.04170833333333333
6BB5,heme_Co,55,-8.04,-0.17270833333333332,-0.06875,-0.04170833333333333
6BB5,heme_Co,56,-4.58,-0.17458333333333334,0.003958333333333333,-0.04170833333333333
6BB5,heme_Co,57,-5.49,-0.13645833333333335,-0.052708333333333336,-0.04170833333333333
6BB5,heme_Co,58,-8.42,-0.19,-0.060208333333333336,-0.04170833333333333
6BB5,heme_Co,59,-5.62,-0.135625,-0.05645833333333333,-0.04170833333333333
6BB5,heme_Co,60,-7.52,-0.18520833333333334,-0.045625,-0.04170833333333333
6BB5,heme_Co,61,-4.83,-0.135625,-0.039375,-0.04170833333333333
6BB5,heme_Co,62,-5.04,-0.15583333333333332,-0.024166666666666666,-0.04170833333333333
6BB5,heme_Co,63,-3.95,-0.15604166666666666,-0.000625,-0.04170833333333333
6BB5,heme_Co,64,-4.51,-0.105625,-0.06416666666666666,-0.04170833333333333
6BB5,heme_Co,65,-4.33,-0.11958333333333333,-0.044583333333333336,-0.04170833333333333
6BB5,heme_Co,66,-8.85,-0.188125,-0.07104166666666667,-0.04170833333333333
6BB5,heme_Co,67,-8.46,-0.17666666666666667,-0.074375,-0.04170833333333333
6BB5,heme_Co,68,-7.81,-0.18770833333333334,-0.04875,-0.04170833333333333
6BB5,heme_Co,69,-7.49,-0.18604166666666666,-0.04458333333333333,-0.04170833333333333
6BB5,heme_Co,70,-13.6,-0.31708333333333333,-0.04020833333333333,-0.04170833333333333
6BB5,heme_Co,71,-12.97,-0.32,-0.024583333333333336,-0.04170833333333333
6BB5,heme_Co,72,-13.25,-0.31416666666666665,-0.03708333333333333,-0.04170833333333333
6BB5,heme_Co,73,-6.54,-0.196875,-0.014791666666666667,-0.04170833333333333
6BB5,heme_Co,74,-8.06,-0.17229166666666668,-0.07020833333333333,-0.04170833333333333
6BB5,heme_Co,75,-5.17,-0.12020833333333333,-0.061875,-0.04170833333333333
6BB5,heme_Co,76,-5.51,-0.154375,-0.034791666666666665,-0.04170833333333333
6BB5,heme_Co,77,-8.01,-0.165625,-0.07583333333333334,-0.04170833333333333
6BB5,heme_Co,78,-4.57,-0.11833333333333333,-0.0525,-0.04170833333333333
6BB5,heme_Co,79,-4.62,-0.17416666666666666,0.002916666666666667,-0.04170833333333333
6BB5,heme_Co,80,-4.4,-0.12104166666666667,-0.045625,-0.04170833333333333
6BB5,heme_Co,81,-5.36,-0.13895833333333335,-0.046875,-0.04170833333333333
6BB5,heme_Co,82,-4.36,-0.14229166666666668,-0.02375,-0.04170833333333333
6BB5,heme_Co,83,-5.72,-0.14708333333333334,-0.04645833333333333,-0.04170833333333333
6BB5,heme_Co,84,-5.45,-0.12104166666666667,-0.06770833333333333,-0.04170833333333333
6BB5,heme_Co,85,-3.38,-0.12458333333333334,-0.019791666666666666,-0.04170833333333333
6BB5,heme_Co,86,-4.45,-0.12541666666666668,-0.042083333333333334,-0.04170833333333333
6BB5,heme_Co,87,-8.68,-0.18145833333333333,-0.07375,-0.04170833333333333
6BB5,heme_Co,88,-7.89,-0.1875,-0.051041666666666666,-0.04170833333333333
6BB5,heme_Co,89,-11.74,-0.31333333333333335,-0.00625,-0.04170833333333333
6BB5,heme_Co,90,-8.56,-0.19354166666666667,-0.059166666666666666,-0.04170833333333333
6BB5,heme_Co,91,-9.15,-0.18770833333333334,-0.0775,-0.04170833333333333
6BB5,heme_Co,92,-5.28,-0.12208333333333334,-0.06145833333333333,-0.04170833333333333
6BB5,heme_Co,93,-7.79,-0.18729166666666666,-0.04854166666666667,-0.04170833333333333
6BB5,heme_Co,94,-4.23,-0.15270833333333333,-0.010625,-0.04170833333333333
6BB5,heme_Co,95,-9.17,-0.19791666666666666,-0.06875,-0.04170833333333333
6BB5,heme_Co,96,-3.01,-0.139375,0.0014583333333333332,-0.04170833333333333
6BB5,heme_Co,97,-6.43,-0.175,-0.033749999999999995,-0.04170833333333333
6BB5,heme_Co,98,-4.67,-0.15291666666666667,-0.019583333333333335,-0.04170833333333333
6BB5,heme_Co,99,-9.15,-0.19395833333333334,-0.070625,-0.04170833333333333
6BB5,heme_Co,100,-3.59,-0.141875,-0.006458333333333333,-0.04170833333333333
6BB5,heme_Fe,1,-13.13,-0.31555555555555553,-0.042666666666666665,-0.04448888888888889
6BB5,heme_Fe,2,-10.76,-0.2817777777777778,-0.02311111111111111,-0.04448888888888889
6BB5,heme_Fe,3,-12.85,-0.31377777777777777,-0.037333333333333336,-0.04448888888888889
6BB5,heme_Fe,4,-13.17,-0.3091111111111111,-0.049555555555555554,-0.04448888888888889
6BB5,heme_Fe,5,-6.71,-0.16422222222222221,-0.05066666666666667,-0.04448888888888889
6BB5,heme_Fe,6,-11.84,-0.2857777777777778,-0.042222222222222223,-0.04448888888888889
6BB5,heme_Fe,7,-10.32,-0.262,-0.03311111111111111,-0.04448888888888889
6BB5,heme_Fe,8,-13.25,-0.302,-0.058444444444444445,-0.04448888888888889
6BB5,heme_Fe,9,-12.71,-0.30666666666666664,-0.042,-0.04448888888888889
6BB5,heme_Fe,10,-12.03,-0.2922222222222222,-0.042,-0.04448888888888889
6BB5,heme_Fe,11,-10.58,-0.27555555555555555,-0.025555555555555554,-0.04448888888888889
6BB5,heme_Fe,12,-12.26,-0.29688888888888887,-0.042222222222222223,-0.04448888888888889
6BB5,heme_Fe,13,-11.02,-0.2793333333333333,-0.03244444444444444,-0.04448888888888889
6BB5,heme_Fe,14,-13.03,-0.3151111111111111,-0.04066666666666666,-0.04448888888888889
6BB5,heme_Fe,15,-4.83,-0.14777777777777779,-0.024666666666666667,-0.04448888888888889
6BB5,heme_Fe,16,-12.59,-0.2986666666666667,-0.04688888888888889,-0.04448888888888889
6BB5,heme_Fe,17,-10.57,-0.27466666666666667,-0.026444444444444444,-0.04448888888888889
6BB5,heme_Fe,18,-12.62,-0.31155555555555553,-0.035111111111111114,-0.04448888888888889
6BB5,heme_Fe,19,-13.13,-0.31355555555555553,-0.04511111111111111,-0.04448888888888889
6BB5,heme_Fe,20,-9.29,-0.25666666666666665,-0.01666666666666667,-0.04448888888888889
6BB5,heme_Fe,21,-10.89,-0.27911111111111114,-0.029555555555555557,-0.04448888888888889
6BB5,heme_Fe,22,-5.42,-0.164,-0.021555555555555557,-0.04448888888888889
6BB5,heme_Fe,23,-5.36,-0.136,-0.050222222222222224,-0.04448888888888889
6BB5,heme_Fe,24,-6.15,-0.152,-0.050444444444444445,-0.04448888888888889
6BB5,heme_Fe,25,-11.39,-0.27444444444444444,-0.046,-0.04448888888888889
6BB5,heme_Fe,26,-12.65,-0.3111111111111111,-0.03711111111111111,-0.04448888888888889
6BB5,heme_Fe,27,-12.35,-0.29533333333333334,-0.046,-0.04448888888888889
6BB5,heme_Fe,28,-6.46,-0.16066666666666668,-0.04933333333333333,-0.04448888888888889
6BB5,heme_Fe,29,-11.39,-0.28933333333333333,-0.030222222222222223,-0.04448888888888889
6BB5,heme_Fe,30,-9.23,-0.19733333333333333,-0.074,-0.04448888888888889
6BB5,heme_Fe,31,-7.34,-0.17355555555555555,-0.05511111111111111,-0.04448888888888889
6BB5,heme_Fe,32,-12.87,-0.304,-0.04777777777777778,-0.04448888888888889
6BB5,heme_Fe,33,-11.29,-0.2713333333333333,-0.04688888888888889,-0.04448888888888889
6BB5,heme_Fe,34,-13.23,-0.31444444444444447,-0.04622222222222222,-0.04448888888888889
6BB5,heme_Fe,35,-12.95,-0.31,-0.044444444444444446,-0.04448888888888889
6BB5,heme_Fe,36,-12.83,-0.30577777777777776,-0.04488888888888889,-0.04448888888888889
6BB5,heme_Fe,37,-11.45,-0.29088888888888886,-0.029333333333333333,-0.04448888888888889
6BB5,heme_Fe,38,-7.95,-0.21266666666666667,-0.030000000000000002,-0.04448888888888889
6BB5,heme_Fe,39,-12.79,-0.30177777777777776,-0.04888888888888889,-0.04448888888888889
6BB5,heme_Fe,40,-12.37,-0.3071111111111111,-0.03311111111111111,-0.04448888888888889
6BB5,heme_Fe,41,-12.81,-0.3042222222222222,-0.04688888888888889,-0.04448888888888889
6BB5,heme_Fe,42,-13.34,-0.31755555555555554,-0.044222222222222225,-0.04448888888888889
6BB5,heme_Fe,43,-11.25,-0.27044444444444443,-0.04666666666666667,-0.04448888888888889
6BB5,heme_Fe,44,-13.0,-0.30622222222222223,-0.04777777777777778,-0.04448888888888889
6BB5,heme_Fe,45,-7.74,-0.19533333333333333,-0.042222222222222223,-0.04448888888888889
6BB5,heme_Fe,46,-12.58,-0.29733333333333334,-0.04888888888888889,-0.04448888888888889
6BB5,heme_Fe,47,-12.68,-0.3035555555555556,-0.04377777777777778,-0.04448888888888889
6BB5,heme_Fe,48,-11.77,-0.2891111111111111,-0.03777777777777778,-0.04448888888888889
6BB5,heme_Fe,49,-10.17,-0.28555555555555556,-0.007333333333333333,-0.04448888888888889
6BB5,heme_Fe,50,-12.52,-0.31266666666666665,-0.03111111111111111,-0.04448888888888889
6BB5,heme_Fe,51,-8.25,-0.1991111111111111,-0.05,-0.04448888888888889
6BB5,heme_Fe,52,-12.39,-0.30244444444444446,-0.03933333333333334,-0.04448888888888889
6BB5,heme_Fe,53,-12.93,-0.30777777777777776,-0.04555555555555556,-0.04448888888888889
6BB5,heme_Fe,54,-10.35,-0.2713333333333333,-0.025777777777777778,-0.04448888888888889
6BB5,heme_Fe,55,-11.85,-0.29133333333333333,-0.03777777777777778,-0.04448888888888889
6BB5,heme_Fe,56,-5.33,-0.124,-0.06133333333333333,-0.04448888888888889
6BB5,heme_Fe,57,-12.91,-0.3028888888888889,-0.049555555555555554,-0.04448888888888889
6BB5,heme_Fe,58,-10.95,-0.27466666666666667,-0.03488888888888889,-0.04448888888888889
6BB5,heme_Fe,59,-13.01,-0.308,-0.04666666666666667,-0.04448888888888889
6BB5,heme_Fe,60,-11.76,-0.26844444444444443,-0.060444444444444446,-0.04448888888888889
6BB5,heme_Fe,61,-10.3,-0.2866666666666667,-0.008888888888888889,-0.04448888888888889
6BB5,heme_Fe,62,-11.03,-0.27644444444444444,-0.035555555555555556,-0.04448888888888889
6BB5,heme_Fe,63,-12.41,-0.3008888888888889,-0.042,-0.04448888888888889
6BB5,heme_Fe,64,-12.99,-0.29933333333333334,-0.05488888888888889,-0.04448888888888889
6BB5,heme_Fe,65,-12.25,-0.2942222222222222,-0.04422222222222222,-0.04448888888888889
6BB5,heme_Fe,66,-11.32,-0.2768888888888889,-0.041777777777777775,-0.04448888888888889
6BB5,heme_Fe,67,-3.85,-0.14577777777777778,-0.0064444444444444445,-0.04448888888888889
6BB5,heme_Fe,68,-13.09,-0.31933333333333336,-0.03822222222222222,-0.04448888888888889
6BB5,heme_Fe,69,-12.41,-0.2962222222222222,-0.046,-0.04448888888888889
6BB5,heme_Fe,70,-12.54,-0.30133333333333334,-0.043111111111111114,-0.04448888888888889
6BB5,heme_Fe,71,-12.9,-0.30333333333333334,-0.049555555555555554,-0.04448888888888889
6BB5,heme_Fe,72,-5.94,-0.12533333333333332,-0.07333333333333333,-0.04448888888888889
6BB5,heme_Fe,73,-12.56,-0.3002222222222222,-0.04488888888888889,-0.04448888888888889
6BB5,heme_Fe,74,-13.23,-0.30644444444444446,-0.05422222222222222,-0.04448888888888889
6BB5,heme_Fe,75,-13.11,-0.3088888888888889,-0.048888888888888885,-0.04448888888888889
6BB5,heme_Fe,76,-9.08,-0.21622222222222223,-0.052000000000000005,-0.04448888888888889
6BB5,heme_Fe,77,-10.11,-0.21266666666666667,-0.07866666666666666,-0.04448888888888889
6BB5,heme_Fe,78,-13.2,-0.31533333333333335,-0.044222222222222225,-0.04448888888888889
6BB5,heme_Fe,79,-6.29,-0.15622222222222223,-0.04933333333333333,-0.04448888888888889
6BB5,heme_Fe,80,-13.15,-0.31444444444444447,-0.04311111111111111,-0.04448888888888889
6BB5,heme_Fe,81,-12.84,-0.30244444444444446,-0.04911111111111111,-0.04448888888888889
6BB5,heme_Fe,82,-12.73,-0.31266666666666665,-0.03711111111111111,-0.04448888888888889
6BB5,heme_Fe,83,-13.37,-0.3031111111111111,-0.060888888888888895,-0.04448888888888889
6BB5,heme_Fe,84,-4.48,-0.14333333333333334,-0.02288888888888889,-0.04448888888888889
6BB5,heme_Fe,85,-12.31,-0.29688888888888887,-0.043111111111111114,-0.04448888888888889
6BB5,heme_Fe,86,-12.72,-0.31,-0.03822222222222222,-0.04448888888888889
6BB5,heme_Fe,87,-5.75,-0.1428888888888889,-0.051333333333333335,-0.04448888888888889
6BB5,heme_Fe,88,-12.57,-0.3011111111111111,-0.044444444444444446,-0.04448888888888889
6BB5,heme_Fe,89,-12.84,-0.3015555555555556,-0.049555555555555554,-0.04448888888888889
6BB5,heme_Fe,90,-8.51,-0.20977777777777779,-0.04511111111111111,-0.04448888888888889
6BB5,heme_Fe,91,-5.03,-0.12000000000000001,-0.058888888888888886,-0.04448888888888889
6BB5,heme_Fe,92,-6.27,-0.14222222222222222,-0.0631111111111111,-0.04448888888888889
6BB5,heme_Fe,93,-12.65,-0.3055555555555556,-0.041777777777777775,-0.04448888888888889
6BB5,heme_Fe,94,-12.33,-0.2966666666666667,-0.043555555555555556,-0.04448888888888889
6BB5,heme_Fe,95,-4.12,-0.15688888888888888,-0.0013333333333333335,-0.04448888888888889
6BB5,heme_Fe,96,-5.78,-0.15244444444444444,-0.042444444444444444,-0.04448888888888889
6BB5,heme_Fe,97,-9.93,-0.2846666666666667,-0.0026666666666666674,-0.04448888888888889
6BB5,heme_Fe,98,-11.4,-0.2946666666666667,-0.02422222222222222,-0.04448888888888889
6BB5,heme_Fe,99,-12.13,-0.296,-0.04,-0.04448888888888889
6BB5,heme_Fe,100,-11.99,-0.3015555555555556,-0.03133333333333333,-0.04448888888888889
6BB5,heme_O2,1,-5.75,-0.14872340425531916,-0.03680851063829787,-0.04259574468085106
6BB5,heme_O2,2,-14.4,-0.34,-0.030638297872340424,-0.04259574468085106
6BB5,heme_O2,3,-15.52,-0.3557446808510638,-0.03723404255319149,-0.04259574468085106
6BB5,heme_O2,4,-15.55,-0.3504255319148936,-0.044042553191489364,-0.04259574468085106
6BB5,heme_O2,5,-15.52,-0.3493617021276596,-0.044893617021276595,-0.04259574468085106
6BB5,heme_O2,6,-6.8,-0.1948936170212766,-0.013617021276595745,-0.04259574468085106
6BB5,heme_O2,7,-15.63,-0.355531914893617,-0.04042553191489362,-0.04259574468085106
6BB5,heme_O2,8,-15.12,-0.3453191489361702,-0.03957446808510639,-0.04259574468085106
6BB5,heme_O2,9,-6.6,-0.18063829787234043,-0.023404255319148935,-0.04259574468085106
6BB5,heme_O2,10,-14.88,-0.3425531914893617,-0.03808510638297872,-0.04259574468085106
6BB5,heme_O2,11,-7.02,-0.15893617021276596,-0.05382978723404255,-0.04259574468085106
6BB5,heme_O2,12,-14.33,-0.335531914893617,-0.03234042553191489,-0.04259574468085106
6BB5,heme_O2,13,-15.75,-0.354468085106383,-0.044042553191489364,-0.04259574468085106
6BB5,heme_O2,14,-14.1,-0.3321276595744681,-0.030638297872340427,-0.04259574468085106
6BB5,heme_O2,15,-15.25,-0.3453191489361702,-0.04148936170212766,-0.04259574468085106
6BB5,heme_O2,16,-14.06,-0.3334042553191489,-0.03,-0.04259574468085106
6BB5,heme_O2,17,-14.83,-0.33617021276595743,-0.04255319148936171,-0.04259574468085106
6BB5,heme_O2,18,-12.74,-0.324468085106383,-0.010638297872340425,-0.04259574468085106
6BB5,heme_O2,19,-14.93,-0.344468085106383,-0.03680851063829787,-0.04259574468085106
6BB5,heme_O2,20,-14.29,-0.3417021276595745,-0.026595744680851064,-0.04259574468085106
6BB5,heme_O2,21,-15.63,-0.3536170212765957,-0.04212765957446809,-0.04259574468085106
6BB5,heme_O2,22,-14.81,-0.34191489361702126,-0.03659574468085106,-0.04259574468085106
6BB5,heme_O2,23,-16.5,-0.35617021276595745,-0.058936170212765954,-0.04259574468085106
6BB5,heme_O2,24,-14.67,-0.35127659574468084,-0.024042553191489364,-0.04259574468085106
6BB5,heme_O2,25,-7.03,-0.15680851063829787,-0.056595744680851066,-0.04259574468085106
6BB5,heme_O2,26,-14.45,-0.33914893617021274,-0.03234042553191489,-0.04259574468085106
6BB5,heme_O2,27,-15.34,-0.3465957446808511,-0.042765957446808514,-0.04259574468085106
6BB5,heme_O2,28,-15.04,-0.334468085106383,-0.049148936170212765,-0.04259574468085106
6BB5,heme_O2,29,-15.02,-0.34638297872340423,-0.03659574468085106,-0.04259574468085106
6BB5,heme_O2,30,-16.08,-0.35212765957446807,-0.052765957446808516,-0.04259574468085106
6BB5,heme_O2,31,-14.56,-0.3382978723404255,-0.035106382978723406,-0.04259574468085106
6BB5,heme_O2,32,-6.28,-0.14957446808510638,-0.0474468085106383,-0.04259574468085106
6BB5,heme_O2,33,-15.07,-0.34808510638297874,-0.036170212765957444,-0.04259574468085106
6BB5,heme_O2,34,-15.66,-0.3517021276595745,-0.044468085106382976,-0.04259574468085106
6BB5,heme_O2,35,-10.16,-0.19382978723404257,-0.08531914893617021,-0.04259574468085106
6BB5,heme_O2,36,-15.34,-0.3448936170212766,-0.0451063829787234,-0.04259574468085106
6BB5,heme_O2,37,-15.36,-0.3434042553191489,-0.047021276595744683,-0.04259574468085106
6BB5,heme_O2,38,-14.36,-0.3404255319148936,-0.02851063829787234,-0.04259574468085106
6BB5,heme_O2,39,-15.88,-0.35382978723404257,-0.047872340425531915,-0.04259574468085106
6BB5,heme_O2,40,-15.7,-0.34914893617021275,-0.047872340425531915,-0.04259574468085106
6BB5,heme_O2,41,-15.38,-0.3448936170212766,-0.04595744680851064,-0.04259574468085106
6BB5,heme_O2,42,-7.32,-0.16382978723404257,-0.0548936170212766,-0.04259574468085106
6BB5,heme_O2,43,-14.62,-0.3495744680851064,-0.02468085106382979,-0.04259574468085106
6BB5,heme_O2,44,-15.02,-0.34276595744680854,-0.03957446808510638,-0.04259574468085106
6BB5,heme_O2,45,-15.4,-0.34617021276595744,-0.045319148936170214,-0.04259574468085106
6BB5,heme_O2,46,-14.34,-0.33574468085106385,-0.0325531914893617,-0.04259574468085106
6BB5,heme_O2,47,-16.0,-0.3570212765957447,-0.046595744680851064,-0.04259574468085106
6BB5,heme_O2,48,-14.79,-0.3376595744680851,-0.04042553191489362,-0.04259574468085106
6BB5,heme_O2,49,-14.81,-0.3421276595744681,-0.03617021276595745,-0.04259574468085106
6BB5,heme_O2,50,-14.7,-0.3493617021276596,-0.026808510638297874,-0.04259574468085106
6BB5,heme_O2,51,-15.45,-0.3451063829787234,-0.047021276595744683,-0.04259574468085106
6BB5,heme_O2,52,-7.01,-0.19872340425531915,-0.013829787234042552,-0.04259574468085106
6BB5,heme_O2,53,-16.61,-0.35914893617021276,-0.057234042553191485,-0.04259574468085106
6BB5,heme_O2,54,-15.07,-0.34404255319148935,-0.03914893617021277,-0.04259574468085106
6BB5,heme_O2,55,-6.82,-0.18425531914893617,-0.025531914893617023,-0.04259574468085106
6BB5,heme_O2,56,-15.37,-0.3502127659574468,-0.04042553191489361,-0.04259574468085106
6BB5,heme_O2,57,-15.41,-0.3495744680851064,-0.041914893617021276,-0.04259574468085106
6BB5,heme_O2,58,-4.0,-0.09936170212765957,-0.04829787234042553,-0.04259574468085106
6BB5,heme_O2,59,-15.37,-0.34787234042553195,-0.04212765957446809,-0.04259574468085106
6BB5,heme_O2,60,-15.22,-0.34702127659574467,-0.040638297872340426,-0.04259574468085106
6BB5,heme_O2,61,-12.98,-0.32659574468085106,-0.013191489361702127,-0.04259574468085106
6BB5,heme_O2,62,-15.29,-0.3502127659574468,-0.03787234042553191,-0.04259574468085106
6BB5,heme_O2,63,-5.91,-0.12936170212765957,-0.05978723404255319,-0.04259574468085106
6BB5,heme_O2,64,-13.46,-0.3274468085106383,-0.023191489361702126,-0.04259574468085106
6BB5,heme_O2,65,-15.22,-0.34787234042553195,-0.03829787234042553,-0.04259574468085106
6BB5,heme_O2,66,-5.64,-0.18851063829787235,0.005106382978723405,-0.04259574468085106
6BB5,heme_O2,67,-15.42,-0.345531914893617,-0.046170212765957445,-0.04259574468085106
6BB5,heme_O2,68,-5.46,-0.1295744680851064,-0.04893617021276596,-0.04259574468085106
6BB5,heme_O2,69,-7.83,-0.21361702127659574,-0.016170212765957447,-0.04259574468085106
6BB5,heme_O2,70,-15.01,-0.3417021276595745,-0.04042553191489362,-0.04259574468085106
6BB5,heme_O2,71,-15.33,-0.34893617021276596,-0.041063829787234045,-0.04259574468085106
6BB5,heme_O2,72,-6.46,-0.13042553191489362,-0.0697872340425532,-0.04259574468085106
6BB5,heme_O2,73,-7.57,-0.1727659574468085,-0.051702127659574465,-0.04259574468085106
6BB5,heme_O2,74,-15.25,-0.345531914893617,-0.042340425531914895,-0.04259574468085106
6BB5,heme_O2,75,-14.25,-0.3393617021276596,-0.02723404255319149,-0.04259574468085106
6BB5,heme_O2,76,-14.32,-0.3393617021276596,-0.02872340425531915,-0.04259574468085106
6BB5,heme_O2,77,-15.32,-0.34574468085106386,-0.04340425531914893,-0.04259574468085106
6BB5,heme_O2,78,-14.22,-0.3348936170212766,-0.03148936170212766,-0.04259574468085106
6BB5,heme_O2,79,-15.38,-0.34808510638297874,-0.042765957446808514,-0.04259574468085106
6BB5,heme_O2,80,-15.31,-0.3497872340425532,-0.04021276595744681,-0.04259574468085106
6BB5,heme_O2,81,-15.64,-0.35319148936170214,-0.0425531914893617,-0.04259574468085106
6BB5,heme_O2,82,-15.39,-0.3448936170212766,-0.04553191489361703,-0.04259574468085106
6BB5,heme_O2,83,-14.73,-0.33617021276595743,-0.04085106382978723,-0.04259574468085106
6BB5,heme_O2,84,-15.35,-0.34127659574468083,-0.04723404255319149,-0.04259574468085106
6BB5,heme_O2,85,-6.61,-0.16787234042553192,-0.036382978723404256,-0.04259574468085106
6BB5,heme_O2,86,-8.13,-0.21170212765957447,-0.024468085106382976,-0.04259574468085106
6BB5,heme_O2,87,-7.66,-0.21361702127659576,-0.013191489361702126,-0.04259574468085106
6BB5,heme_O2,88,-14.23,-0.3363829787234043,-0.03,-0.04259574468085106
6BB5,heme_O2,89,-15.31,-0.34617021276595744,-0.043617021276595745,-0.04259574468085106
6BB5,heme_O2,90,-15.7,-0.3502127659574468,-0.04765957446808511,-0.04259574468085106
6BB5,heme_O2,91,-7.43,-0.1823404255319149,-0.03872340425531915,-0.04259574468085106
6BB5,heme_O2,92,-14.3,-0.33702127659574466,-0.031276595744680856,-0.04259574468085106
6BB5,heme_O2,93,-14.37,-0.3414893617021277,-0.027659574468085105,-0.04259574468085106
6BB5,heme_O2,94,-5.72,-0.13319148936170214,-0.05212765957446809,-0.04259574468085106
6BB5,heme_O2,95,-12.93,-0.3291489361702128,-0.008936170212765958,-0.04259574468085106
6BB5,heme_O2,96,-5.78,-0.17319148936170212,-0.013617021276595745,-0.04259574468085106
6BB5,heme_O2,97,-14.23,-0.334468085106383,-0.03212765957446808,-0.04259574468085106
6BB5,heme_O2,98,-16.37,-0.3548936170212766,-0.05680851063829787,-0.04259574468085106
6BB5,heme_O2,99,-16.54,-0.36361702127659573,-0.05042553191489362,-0.04259574468085106
6BB5,heme_O2,100,-16.0,-0.3565957446808511,-0.04765957446808511,-0.04259574468085106
6BB5,IHP,1,,-0.036458333333333336,-0.0014583333333333336,-0.00012500000000000358
6BB5,IHP,2,,-0.07479166666666667,-0.004166666666666667,-0.00012500000000000358
6BB5,IHP,3,,-0.03833333333333334,-0.0008333333333333335,-0.00012500000000000358
6BB5,IHP,4,,-0.06958333333333333,-0.014791666666666668,-0.00012500000000000358
6BB5,IHP,5,,-0.03791666666666667,0.0004166666666666669,-0.00012500000000000358
6BB5,IHP,6,,-0.05645833333333333,-0.006666666666666667,-0.00012500000000000358
6BB5,IHP,7,,-0.06729166666666667,-0.006666666666666665,-0.00012500000000000358
6BB5,IHP,8,,-0.083125,-0.0010416666666666662,-0.00012500000000000358
6BB5,IHP,9,,-0.042708333333333334,-0.0027083333333333334,-0.00012500000000000358
6BB5,IHP,10,,-0.10270833333333333,-0.0020833333333333333,-0.00012500000000000358
6BB5,IHP,11,,-0.03270833333333333,-0.005625,-0.00012500000000000358
6BB5,IHP,12,,-0.057708333333333334,-0.004583333333333333,-0.00012500000000000358
6BB5,IHP,13,,-0.08145833333333334,-0.001875,-0.00012500000000000358
6BB5,IHP,14,,-0.045625,-0.0004166666666666666,-0.00012500000000000358
6BB5,IHP,15,,-0.075,-0.011666666666666667,-0.00012500000000000358
6BB5,IHP,16,,-0.049375,-0.0012499999999999994,-0.00012500000000000358
6BB5,IHP,17,,-0.028541666666666667,-0.006458333333333333,-0.00012500000000000358
6BB5,IHP,18,,-0.08583333333333333,-0.003958333333333334,-0.00012500000000000358
6BB5,IHP,19,,-0.06708333333333333,-0.007083333333333333,-0.00012500000000000358
6BB5,IHP,20,,-0.08041666666666666,-0.0012499999999999994,-0.00012500000000000358
6BB5,IHP,21,,-0.06479166666666666,-0.0010416666666666664,-0.00012500000000000358
6BB5,IHP,22,,-0.04791666666666667,0.00020833333333333313,-0.00012500000000000358
6BB5,IHP,23,,-0.05979166666666667,-0.005,-0.00012500000000000358
6BB5,IHP,24,,-0.06208333333333333,-0.004583333333333333,-0.00012500000000000358
6BB5,IHP,25,,-0.029166666666666667,0.0008333333333333335,-0.00012500000000000358
6BB5,IHP,26,,-0.09145833333333334,-0.003125,-0.00012500000000000358
6BB5,IHP,27,,-0.10604166666666667,-0.002291666666666667,-0.00012500000000000358
6BB5,IHP,28,,-0.08916666666666667,-0.0002083333333333325,-0.00012500000000000358
6BB5,IHP,29,,-0.020833333333333332,-0.0037500000000000003,-0.00012500000000000358
6BB5,IHP,30,,-0.0675,-0.003958333333333333,-0.00012500000000000358
6BB5,IHP,31,,-0.10020833333333333,-0.0025000000000000005,-0.00012500000000000358
6BB5,IHP,32,,-0.07083333333333333,0.00020833333333333413,-0.00012500000000000358
6BB5,IHP,33,,-0.05479166666666667,-0.0022916666666666675,-0.00012500000000000358
6BB5,IHP,34,,-0.03895833333333333,-0.0014583333333333332,-0.00012500000000000358
6BB5,IHP,35,,-0.09125,-0.0008333333333333324,-0.00012500000000000358
6BB5,IHP,36,,-0.09645833333333334,-0.009791666666666669,-0.00012500000000000358
6BB5,IHP,37,,-0.059166666666666666,-0.0018750000000000004,-0.00012500000000000358
6BB5,IHP,38,,-0.07208333333333333,-0.007916666666666667,-0.00012500000000000358
6BB5,IHP,39,,-0.05979166666666667,-0.00020833333333333497,-0.00012500000000000358
6BB5,IHP,40,,-0.06875,-0.0022916666666666675,-0.00012500000000000358
6BB5,IHP,41,,-0.095625,-0.0010416666666666664,-0.00012500000000000358
6BB5,IHP,42,,-0.027916666666666666,-0.0064583333333333316,-0.00012500000000000358
6BB5,IHP,43,,-0.04895833333333333,-7.228014483236696e-20,-0.00012500000000000358
6BB5,IHP,44,,-0.06145833333333334,-0.0029166666666666664,-0.00012500000000000358
6BB5,IHP,45,,-0.027291666666666665,0.0008333333333333338,-0.00012500000000000358
6BB5,IHP,46,,-0.050833333333333335,-0.005624999999999999,-0.00012500000000000358
6BB5,IHP,47,,-0.059375,0.0010416666666666667,-0.00012500000000000358
6BB5,IHP,48,,-0.043958333333333335,-0.003125,-0.00012500000000000358
6BB5,IHP,49,,-0.07395833333333333,-0.003125,-0.00012500000000000358
6BB5,IHP,50,,-0.08666666666666667,-0.006041666666666666,-0.00012500000000000358
6BB5,IHP,51,,-0.08875,-0.002916666666666667,-0.00012500000000000358
6BB5,IHP,52,,-0.060625000000000005,-0.0037500000000000016,-0.00012500000000000358
6BB5,IHP,53,,-0.0525,0.0012500000000000002,-0.00012500000000000358
6BB5,IHP,54,,-0.04645833333333333,-0.0027083333333333343,-0.00012500000000000358
6BB5,IHP,55,,-0.038125,0.000833333333333333,-0.00012500000000000358
6BB5,IHP,56,,-0.08020833333333334,-0.001666666666666667,-0.00012500000000000358
6BB5,IHP,57,,-0.04708333333333334,0.0027083333333333334,-0.00012500000000000358
6BB5,IHP,58,,-0.050208333333333334,-0.003958333333333334,-0.00012500000000000358
6BB5,IHP,59,,-0.06833333333333333,-0.008124999999999999,-0.00012500000000000358
6BB5,IHP,60,,-0.08416666666666667,0.0002083333333333325,-0.00012500000000000358
6BB5,IHP,61,,-0.05375,-0.00375,-0.00012500000000000358
6BB5,IHP,62,,-0.036875,-0.005208333333333332,-0.00012500000000000358
6BB5,IHP,63,,-0.07458333333333333,-0.0025,-0.00012500000000000358
6BB5,IHP,64,,-0.028333333333333332,-0.012499999999999999,-0.00012500000000000358
6BB5,IHP,65,,-0.050624999999999996,-0.0077083333333333335,-0.00012500000000000358
6BB5,IHP,66,,-0.06645833333333333,-0.012708333333333334,-0.00012500000000000358
6BB5,IHP,67,,-0.08041666666666666,-0.013125000000000001,-0.00012500000000000358
6BB5,IHP,68,,-0.050833333333333335,-0.001875,-0.00012500000000000358
6BB5,IHP,69,,-0.041666666666666664,-0.003333333333333334,-0.00012500000000000358
6BB5,IHP,70,,-0.069375,-0.0014583333333333336,-0.00012500000000000358
6BB5,IHP,71,,-0.053125,0.0014583333333333327,-0.00012500000000000358
6BB5,IHP,72,,-0.03666666666666667,-0.0004166666666666667,-0.00012500000000000358
6BB5,IHP,73,,-0.07083333333333333,0.0029166666666666655,-0.00012500000000000358
6BB5,IHP,74,,-0.048541666666666664,-0.0004166666666666667,-0.00012500000000000358
6BB5,IHP,75,,-0.09208333333333334,-0.011875,-0.00012500000000000358
6BB5,IHP,76,,-0.08958333333333333,-0.015625,-0.00012500000000000358
6BB5,IHP,77,,-0.06166666666666667,-0.000625,-0.00012500000000000358
6BB5,IHP,78,,-0.06375,-0.00020833333333333378,-0.00012500000000000358
6BB5,IHP,79,,-0.028333333333333335,-0.008333333333333335,-0.00012500000000000358
6BB5,IHP,80,,-0.07145833333333333,-0.0016666666666666661,-0.00012500000000000358
6BB5,IHP,81,,-0.060208333333333336,0.0010416666666666669,-0.00012500000000000358
6BB5,IHP,82,,-0.080625,-0.012083333333333331,-0.00012500000000000358
6BB5,IHP,83,,-0.035625000000000004,-0.006666666666666666,-0.00012500000000000358
6BB5,IHP,84,,-0.069375,-0.0010416666666666667,-0.00012500000000000358
6BB5,IHP,85,,-0.06041666666666667,-0.0014583333333333332,-0.00012500000000000358
6BB5,IHP,86,,-0.04958333333333333,-0.0012499999999999994,-0.00012500000000000358
6BB5,IHP,87,,-0.03770833333333334,-0.0027083333333333343,-0.00012500000000000358
6BB5,IHP,88,,-0.08083333333333334,-0.012916666666666667,-0.00012500000000000358
6BB5,IHP,89,,-0.057708333333333334,-0.0018750000000000006,-0.00012500000000000358
6BB5,IHP,90,,-0.07458333333333333,-0.000416666666666667,-0.00012500000000000358
6BB5,IHP,91,,-0.07979166666666666,-0.0008333333333333335,-0.00012500000000000358
6BB5,IHP,92,,-0.08375,-0.008125,-0.00012500000000000358
6BB5,IHP,93,,-0.029375,-0.0012499999999999998,-0.00012500000000000358
6BB5,IHP,94,,-0.051041666666666666,-0.001666666666666667,-0.00012500000000000358
6BB5,IHP,95,,-0.05520833333333333,-0.006458333333333334,-0.00012500000000000358
6BB5,IHP,96,,-0.11875,-0.011666666666666667,-0.00012500000000000358
6BB5,IHP,97,,-0.08083333333333334,-0.005000000000000001,-0.00012500000000000358
6BB5,IHP,98,,-0.021666666666666667,-0.0037500000000000007,-0.00012500000000000358
6BB5,IHP,99,,-0.0725,-0.008541666666666666,-0.00012500000000000358
6BB5,IHP,100,,-0.08166666666666667,-0.0022916666666666662,-0.00012500000000000358
2DN3,2_3_BPG,1,-6.34,-0.23933333333333331,-0.302,-0.33066666666666666
2DN3,2_3_BPG,2,-6.7,-0.218,-0.3473333333333333,-0.33066666666666666
2DN3,2_3_BPG,3,-7.27,-0.20466666666666666,-0.40066666666666667,-0.33066666666666666
2DN3,2_3_BPG,4,-6.57,-0.20666666666666667,-0.35000000000000003,-0.33066666666666666
2DN3,2_3_BPG,5,-6.72,-0.20466666666666666,-0.362,-0.33066666666666666
2DN3,2_3_BPG,6,-7.1,-0.17133333333333334,-0.422,-0.33066666666666666
2DN3,2_3_BPG,7,-6.99,-0.17933333333333334,-0.4086666666666667,-0.33066666666666666
2DN3,2_3_BPG,8,-6.89,-0.23133333333333334,-0.3466666666666667,-0.33066666666666666
2DN3,2_3_BPG,9,-7.12,-0.212,-0.38266666666666665,-0.33066666666666666
2DN3,2_3_BPG,10,-7.18,-0.20266666666666666,-0.396,-0.33066666666666666
2DN3,2_3_BPG,11,-6.29,-0.186,-0.3526666666666667,-0.33066666666666666
2DN3,2_3_BPG,12,-6.99,-0.23333333333333334,-0.352,-0.33066666666666666
2DN3,2_3_BPG,13,-7.21,-0.23733333333333334,-0.362,-0.33066666666666666
2DN3,2_3_BPG,14,-7.13,-0.20466666666666666,-0.38933333333333336,-0.33066666666666666
2DN3,2_3_BPG,15,-7.13,-0.22866666666666666,-0.368,-0.33066666666666666
2DN3,2_3_BPG,16,-7.08,-0.20199999999999999,-0.3873333333333333,-0.33066666666666666
2DN3,2_3_BPG,17,-7.03,-0.23333333333333334,-0.3546666666666667,-0.33066666666666666
2DN3,2_3_BPG,18,-7.05,-0.20533333333333334,-0.38466666666666666,-0.33066666666666666
2DN3,2_3_BPG,19,-6.87,-0.25666666666666665,-0.32066666666666666,-0.33066666666666666
2DN3,2_3_BPG,20,-6.69,-0.20266666666666666,-0.3626666666666667,-0.33066666666666666
2DN3,2_3_BPG,21,-7.22,-0.21333333333333332,-0.38933333333333336,-0.33066666666666666
2DN3,2_3_BPG,22,-7.26,-0.23066666666666666,-0.372,-0.33066666666666666
2DN3,2_3_BPG,23,-6.89,-0.186,-0.39266666666666666,-0.33066666666666666
2DN3,2_3_BPG,24,-7.17,-0.26466666666666666,-0.33266666666666667,-0.33066666666666666
2DN3,2_3_BPG,25,-7.03,-0.21133333333333335,-0.37733333333333335,-0.33066666666666666
2DN3,2_3_BPG,26,-6.9,-0.17933333333333332,-0.40066666666666667,-0.33066666666666666
2DN3,2_3_BPG,27,-6.93,-0.22733333333333333,-0.35333333333333333,-0.33066666666666666
2DN3,2_3_BPG,28,-7.1,-0.23,-0.364,-0.33066666666666666
2DN3,2_3_BPG,29,-7.01,-0.17533333333333334,-0.412,-0.33066666666666666
2DN3,2_3_BPG,30,-6.93,-0.22466666666666665,-0.358,-0.33066666666666666
2DN3,2_3_BPG,31,-7.21,-0.19666666666666668,-0.4033333333333333,-0.33066666666666666
2DN3,2_3_BPG,32,-7.05,-0.21533333333333335,-0.37466666666666665,-0.33066666666666666
2DN3,2_3_BPG,33,-7.06,-0.20466666666666666,-0.38466666666666666,-0.33066666666666666
2DN3,2_3_BPG,34,-7.06,-0.22933333333333333,-0.36133333333333334,-0.33066666666666666
2DN3,2_3_BPG,35,-7.01,-0.24533333333333332,-0.3413333333333333,-0.33066666666666666
2DN3,2_3_BPG,36,-6.94,-0.24733333333333332,-0.334,-0.33066666666666666
2DN3,2_3_BPG,37,-6.68,-0.23,-0.334,-0.33066666666666666
2DN3,2_3_BPG,38,-7.21,-0.23266666666666666,-0.3686666666666667,-0.33066666666666666
2DN3,2_3_BPG,39,-6.96,-0.22133333333333333,-0.3606666666666667,-0.33066666666666666
2DN3,2_3_BPG,40,-6.8,-0.15266666666666667,-0.4206666666666667,-0.33066666666666666
2DN3,2_3_BPG,41,-6.86,-0.21533333333333332,-0.362,-0.33066666666666666
2DN3,2_3_BPG,42,-7.0,-0.21066666666666667,-0.37666666666666665,-0.33066666666666666
2DN3,2_3_BPG,43,-6.77,-0.22666666666666666,-0.3426666666666667,-0.33066666666666666
2DN3,2_3_BPG,44,-7.16,-0.22133333333333333,-0.3746666666666667,-0.33066666666666666
2DN3,2_3_BPG,45,-7.36,-0.21466666666666667,-0.3973333333333333,-0.33066666666666666
2DN3,2_3_BPG,46,-7.17,-0.22933333333333333,-0.37,-0.33066666666666666
2DN3,2_3_BPG,47,-7.3,-0.218,-0.38866666666666666,-0.33066666666666666
2DN3,2_3_BPG,48,-7.16,-0.23866666666666667,-0.356,-0.33066666666666666
2DN3,2_3_BPG,49,-6.96,-0.22466666666666668,-0.35933333333333334,-0.33066666666666666
2DN3,2_3_BPG,50,-7.08,-0.24066666666666667,-0.348,-0.33066666666666666
2DN3,2_3_BPG,51,-7.03,-0.22666666666666666,-0.36133333333333334,-0.33066666666666666
2DN3,2_3_BPG,52,-6.84,-0.20733333333333334,-0.36733333333333335,-0.33066666666666666
2DN3,2_3_BPG,53,-6.71,-0.162,-0.404,-0.33066666666666666
2DN3,2_3_BPG,54,-7.18,-0.26866666666666666,-0.3293333333333333,-0.33066666666666666
2DN3,2_3_BPG,55,-7.2,-0.22866666666666666,-0.372,-0.33066666666666666
2DN3,2_3_BPG,56,-6.91,-0.17866666666666667,-0.4026666666666667,-0.33066666666666666
2DN3,2_3_BPG,57,-7.36,-0.224,-0.386,-0.33066666666666666
2DN3,2_3_BPG,58,-6.92,-0.184,-0.396,-0.33066666666666666
2DN3,2_3_BPG,59,-7.02,-0.20333333333333334,-0.38533333333333336,-0.33066666666666666
2DN3,2_3_BPG,60,-6.67,-0.294,-0.27,-0.33066666666666666
2DN3,2_3_BPG,61,-7.0,-0.23066666666666666,-0.35533333333333333,-0.33066666666666666
2DN3,2_3_BPG,62,-6.33,-0.21,-0.33066666666666666,-0.33066666666666666
2DN3,2_3_BPG,63,-6.69,-0.19733333333333333,-0.368,-0.33066666666666666
2DN3,2_3_BPG,64,-7.16,-0.23199999999999998,-0.36333333333333334,-0.33066666666666666
2DN3,2_3_BPG,65,-7.05,-0.21066666666666667,-0.3786666666666667,-0.33066666666666666
2DN3,2_3_BPG,66,-7.18,-0.20800000000000002,-0.39,-0.33066666666666666
2DN3,2_3_BPG,67,-7.34,-0.21666666666666667,-0.3933333333333333,-0.33066666666666666
2DN3,2_3_BPG,68,-6.91,-0.182,-0.398,-0.33066666666666666
2DN3,2_3_BPG,69,-6.9,-0.224,-0.356,-0.33066666666666666
2DN3,2_3_BPG,70,-6.73,-0.218,-0.348,-0.33066666666666666
2DN3,2_3_BPG,71,-6.94,-0.23199999999999998,-0.35,-0.33066666666666666
2DN3,2_3_BPG,72,-7.18,-0.19866666666666666,-0.40066666666666667,-0.33066666666666666
2DN3,2_3_BPG,73,-6.5,-0.21866666666666668,-0.3333333333333333,-0.33066666666666666
2DN3,2_3_BPG,74,-6.3,-0.20866666666666667,-0.3293333333333333,-0.33066666666666666
2DN3,2_3_BPG,75,-7.33,-0.20866666666666667,-0.40066666666666667,-0.33066666666666666
2DN3,2_3_BPG,76,-6.93,-0.25666666666666665,-0.32466666666666666,-0.33066666666666666
2DN3,2_3_BPG,77,-6.79,-0.21533333333333335,-0.35533333333333333,-0.33066666666666666
2DN3,2_3_BPG,78,-7.22,-0.17866666666666667,-0.422,-0.33066666666666666
2DN3,2_3_BPG,79,-6.73,-0.23066666666666666,-0.34,-0.33066666666666666
2DN3,2_3_BPG,80,-6.89,-0.256,-0.32333333333333336,-0.33066666666666666
2DN3,2_3_BPG,81,-6.53,-0.196,-0.35933333333333334,-0.33066666666666666
2DN3,2_3_BPG,82,-7.17,-0.232,-0.366,-0.33066666666666666
2DN3,2_3_BPG,83,-6.84,-0.22666666666666666,-0.348,-0.33066666666666666
2DN3,2_3_BPG,84,-7.09,-0.19266666666666665,-0.398,-0.33066666666666666
2DN3,2_3_BPG,85,-7.12,-0.178,-0.416,-0.33066666666666666
2DN3,2_3_BPG,86,-7.28,-0.228,-0.378,-0.33066666666666666
2DN3,2_3_BPG,87,-6.75,-0.18533333333333332,-0.38466666666666666,-0.33066666666666666
2DN3,2_3_BPG,88,-6.44,-0.20666666666666667,-0.3406666666666667,-0.33066666666666666
2DN3,2_3_BPG,89,-6.95,-0.20533333333333334,-0.378,-0.33066666666666666
2DN3,2_3_BPG,90,-7.23,-0.20600000000000002,-0.396,-0.33066666666666666
2DN3,2_3_BPG,91,-7.15,-0.23199999999999998,-0.364,-0.33066666666666666
2DN3,2_3_BPG,92,-6.87,-0.234,-0.3426666666666667,-0.33066666666666666
2DN3,2_3_BPG,93,-7.03,-0.236,-0.352,-0.33066666666666666
2DN3,2_3_BPG,94,-7.22,-0.23333333333333334,-0.368,-0.33066666666666666
2DN3,2_3_BPG,95,-7.11,-0.212,-0.38266666666666665,-0.33066666666666666
2DN3,2_3_BPG,96,-7.1,-0.23,-0.36333333333333334,-0.33066666666666666
2DN3,2_3_BPG,97,-6.68,-0.182,-0.384,-0.33066666666666666
2DN3,2_3_BPG,98,-7.05,-0.19933333333333333,-0.39066666666666666,-0.33066666666666666
2DN3,2_3_BPG,99,-6.87,-0.17666666666666667,-0.4013333333333333,-0.33066666666666666
2DN3,2_3_BPG,100,-6.85,-0.212,-0.36533333333333334,-0.33066666666666666
2DN3,heme,1,-2.55,-0.1174074074074074,-0.0016666666666666668,-3.7037037037035065e-05
2DN3,heme,2,-2.87,-0.11259259259259259,-0.012407407407407407,-3.7037037037035065e-05
2DN3,heme,3,-5.45,-0.16203703703703703,-0.010555555555555556,-3.7037037037035065e-05
2DN3,heme,4,-5.58,-0.16944444444444445,-0.005740740740740741,-3.7037037037035065e-05
2DN3,heme,5,-5.18,-0.16648148148148148,-0.00111111111111111,-3.7037037037035065e-05
2DN3,heme,6,-5.66,-0.1751851851851852,-0.0009259259259259256,-3.7037037037035065e-05
2DN3,heme,7,-4.95,-0.14555555555555555,-0.01740740740740741,-3.7037037037035065e-05
2DN3,heme,8,-2.77,-0.11537037037037037,-0.007222222222222222,-3.7037037037035065e-05
2DN3,heme,9,-4.91,-0.1625925925925926,-0.0001851851851851842,-3.7037037037035065e-05
2DN3,heme,10,-5.49,-0.16907407407407407,-0.004444444444444444,-3.7037037037035065e-05
2DN3,heme,11,-3.26,-0.13018518518518518,-0.0016666666666666661,-3.7037037037035065e-05
2DN3,heme,12,-5.46,-0.1685185185185185,-0.005,-3.7037037037035065e-05
2DN3,heme,13,-5.23,-0.16555555555555557,-0.0037037037037037034,-3.7037037037035065e-05
2DN3,heme,14,-2.92,-0.1237037037037037,-0.003333333333333333,-3.7037037037035065e-05
2DN3,heme,15,-2.92,-0.12351851851851853,-0.0022222222222222227,-3.7037037037035065e-05
2DN3,heme,16,-3.82,-0.13462962962962963,-0.007037037037037037,-3.7037037037035065e-05
2DN3,heme,17,-2.02,-0.10481481481481482,-0.00462962962962963,-3.7037037037035065e-05
2DN3,heme,18,-2.97,-0.12481481481481482,-0.0012962962962962965,-3.7037037037035065e-05
2DN3,heme,19,-4.88,-0.1622222222222222,0.0012962962962962965,-3.7037037037035065e-05
2DN3,heme,20,-2.5,-0.11833333333333333,0.0005555555555555553,-3.7037037037035065e-05
2DN3,heme,21,-2.77,-0.12222222222222222,-0.0005555555555555557,-3.7037037037035065e-05
2DN3,heme,22,-4.85,-0.16037037037037039,-0.0012962962962962965,-3.7037037037035065e-05
2DN3,heme,23,-4.12,-0.13962962962962963,-0.007962962962962963,-3.7037037037035065e-05
2DN3,heme,24,-2.68,-0.11574074074074074,-0.005185185185185185,-3.7037037037035065e-05
2DN3,heme,25,-2.51,-0.11648148148148148,-0.002037037037037037,-3.7037037037035065e-05
2DN3,heme,26,-4.13,-0.14814814814814814,0.00018518518518518534,-3.7037037037035065e-05
2DN3,heme,27,-3.77,-0.13740740740740742,-0.004629629629629629,-3.7037037037035065e-05
2DN3,heme,28,-3.4,-0.12666666666666668,-0.00814814814814815,-3.7037037037035065e-05
2DN3,heme,29,-3.4,-0.1348148148148148,-0.000740740740740741,-3.7037037037035065e-05
2DN3,heme,30,-2.95,-0.11722222222222223,-0.009814814814814816,-3.7037037037035065e-05
2DN3,heme,31,-5.76,-0.17537037037037037,-0.003148148148148146,-3.7037037037035065e-05
2DN3,heme,32,-2.72,-0.11888888888888889,-0.003148148148148148,-3.7037037037035065e-05
2DN3,heme,33,-2.14,-0.10981481481481481,-0.0014814814814814808,-3.7037037037035065e-05
2DN3,heme,34,-2.29,-0.11314814814814815,-0.0016666666666666663,-3.7037037037035065e-05
2DN3,heme,35,-3.09,-0.1272222222222222,-0.0016666666666666666,-3.7037037037035065e-05
2DN3,heme,36,-5.15,-0.16111111111111112,-0.005370370370370368,-3.7037037037035065e-05
2DN3,heme,37,-5.59,-0.17425925925925925,-0.0005555555555555556,-3.7037037037035065e-05
2DN3,heme,38,-3.08,-0.12648148148148147,-0.0020370370370370373,-3.7037037037035065e-05
2DN3,heme,39,-5.82,-0.17462962962962963,-0.005370370370370371,-3.7037037037035065e-05
2DN3,heme,40,-4.71,-0.15888888888888889,-0.0005555555555555556,-3.7037037037035065e-05
2DN3,heme,41,-5.05,-0.15444444444444444,-0.011111111111111113,-3.7037037037035065e-05
2DN3,heme,42,-5.4,-0.17055555555555554,-0.0011111111111111118,-3.7037037037035065e-05
2DN3,heme,43,-2.92,-0.12481481481481481,-0.000740740740740741,-3.7037037037035065e-05
2DN3,heme,44,-2.63,-0.11925925925925926,-0.0009259259259259259,-3.7037037037035065e-05
2DN3,heme,45,-5.52,-0.17222222222222222,-0.0018518518518518521,-3.7037037037035065e-05
2DN3,heme,46,-1.26,-0.08685185185185185,-0.009444444444444445,-3.7037037037035065e-05
2DN3,heme,47,-5.82,-0.17185185185185187,-0.008333333333333335,-3.7037037037035065e-05
2DN3,heme,48,-3.5,-0.13314814814814815,-0.003518518518518519,-3.7037037037035065e-05
2DN3,heme,49,-2.53,-0.10944444444444444,-0.00814814814814815,-3.7037037037035065e-05
2DN3,heme,50,-4.02,-0.14,-0.007222222222222223,-3.7037037037035065e-05
2DN3,heme,51,-3.24,-0.12407407407407407,-0.008333333333333335,-3.7037037037035065e-05
2DN3,heme,52,-2.14,-0.10092592592592593,-0.009814814814814816,-3.7037037037035065e-05
2DN3,heme,53,-3.54,-0.13055555555555556,-0.007222222222222222,-3.7037037037035065e-05
2DN3,heme,54,-3.81,-0.12981481481481483,-0.012222222222222225,-3.7037037037035065e-05
2DN3,heme,55,-2.63,-0.11851851851851852,-0.002592592592592592,-3.7037037037035065e-05
2DN3,heme,56,-3.97,-0.13870370370370372,-0.00648148148148148,-3.7037037037035065e-05
2DN3,heme,57,-5.16,-0.16685185185185186,0.0,-3.7037037037035065e-05
2DN3,heme,58,-3.22,-0.12611111111111112,-0.005925925925925927,-3.7037037037035065e-05
2DN3,heme,59,-5.19,-0.16333333333333333,-0.004074074074074075,-3.7037037037035065e-05
2DN3,heme,60,-4.03,-0.13425925925925927,-0.012592592592592593,-3.7037037037035065e-05
2DN3,heme,61,-6.22,-0.18518518518518517,-0.0009259259259259263,-3.7037037037035065e-05
2DN3,heme,62,-1.25,-0.0937037037037037,-0.0003703703703703703,-3.7037037037035065e-05
2DN3,heme,63,-3.42,-0.1322222222222222,-0.0033333333333333335,-3.7037037037035065e-05
2DN3,heme,64,-4.06,-0.14444444444444443,-0.0025925925925925925,-3.7037037037035065e-05
2DN3,heme,65,-2.85,-0.1212962962962963,-0.0038888888888888888,-3.7037037037035065e-05
2DN3,heme,66,-2.75,-0.11277777777777778,-0.008888888888888889,-3.7037037037035065e-05
2DN3,heme,67,-3.65,-0.13685185185185186,-0.0027777777777777783,-3.7037037037035065e-05
2DN3,heme,68,-4.02,-0.13333333333333333,-0.013333333333333332,-3.7037037037035065e-05
2DN3,heme,69,-4.08,-0.13962962962962963,-0.007222222222222223,-3.7037037037035065e-05
2DN3,heme,70,-1.66,-0.10203703703703704,-0.0011111111111111111,-3.7037037037035065e-05
2DN3,heme,71,-2.15,-0.10962962962962963,-0.0027777777777777775,-3.7037037037035065e-05
2DN3,heme,72,-3.83,-0.1411111111111111,-0.0022222222222222227,-3.7037037037035065e-05
2DN3,heme,73,-4.28,-0.14685185185185184,-0.004444444444444445,-3.7037037037035065e-05
2DN3,heme,74,-3.58,-0.1338888888888889,-0.0044444444444444444,-3.7037037037035065e-05
2DN3,heme,75,-3.28,-0.12333333333333334,-0.009074074074074075,-3.7037037037035065e-05
2DN3,heme,76,-2.81,-0.12296296296296297,-0.0005555555555555548,-3.7037037037035065e-05
2DN3,heme,77,-1.85,-0.09574074074074074,-0.009814814814814811,-3.7037037037035065e-05
2DN3,heme,78,-3.67,-0.13296296296296298,-0.006851851851851851,-3.7037037037035065e-05
2DN3,heme,79,-4.21,-0.14092592592592593,-0.00925925925925926,-3.7037037037035065e-05
2DN3,heme,80,-3.49,-0.12666666666666668,-0.008888888888888889,-3.7037037037035065e-05
2DN3,heme,81,-2.65,-0.11833333333333333,-0.002592592592592593,-3.7037037037035065e-05
2DN3,heme,82,-3.32,-0.1335185185185185,-0.0014814814814814816,-3.7037037037035065e-05
2DN3,heme,83,-4.07,-0.13962962962962963,-0.007777777777777778,-3.7037037037035065e-05
2DN3,heme,84,-2.79,-0.12166666666666667,-0.0014814814814814827,-3.7037037037035065e-05
2DN3,heme,85,-5.3,-0.16925925925925928,0.0001851851851851855,-3.7037037037035065e-05
2DN3,heme,86,-4.61,-0.15611111111111112,-0.0003703703703703703,-3.7037037037035065e-05
2DN3,heme,87,-2.58,-0.11555555555555556,-0.005,-3.7037037037035065e-05
2DN3,heme,88,-2.18,-0.11,-0.0025925925925925925,-3.7037037037035065e-05
2DN3,heme,89,-5.39,-0.1661111111111111,-0.005,-3.7037037037035065e-05
2DN3,heme,90,-3.95,-0.14092592592592593,-0.0040740740740740754,-3.7037037037035065e-05
2DN3,heme,91,-2.82,-0.12148148148148148,-0.002037037037037037,-3.7037037037035065e-05
2DN3,heme,92,-2.74,-0.10833333333333334,-0.013703703703703702,-3.7037037037035065e-05
2DN3,heme,93,-4.19,-0.1361111111111111,-0.013333333333333334,-3.7037037037035065e-05
2DN3,heme,94,-3.72,-0.13796296296296295,-0.0029629629629629637,-3.7037037037035065e-05
2DN3,heme,95,-4.27,-0.14796296296296296,-0.003703703703703704,-3.7037037037035065e-05
2DN3,heme,96,-2.24,-0.10574074074074075,-0.007962962962962963,-3.7037037037035065e-05
2DN3,heme,97,-3.99,-0.1312962962962963,-0.01388888888888889,-3.7037037037035065e-05
2DN3,heme,98,-3.18,-0.13055555555555556,0.0005555555555555556,-3.7037037037035065e-05
2DN3,heme,99,-1.25,-0.09277777777777778,-0.0012962962962962963,-3.7037037037035065e-05
2DN3,heme,100,-4.03,-0.1388888888888889,-0.007037037037037037,-3.7037037037035065e-05
2DN3,heme_Co,1,-13.57,-0.30833333333333335,-0.049791666666666665,-0.04170833333333333
2DN3,heme_Co,2,-5.4,-0.14729166666666668,-0.03895833333333334,-0.04170833333333333
2DN3,heme_Co,3,-4.71,-0.14333333333333334,-0.029583333333333333,-0.04170833333333333
2DN3,heme_Co,4,-4.33,-0.13270833333333334,-0.03291666666666667,-0.04170833333333333
2DN3,heme_Co,5,-5.86,-0.13791666666666666,-0.058958333333333335,-0.04170833333333333
2DN3,heme_Co,6,-9.5,-0.2685416666666667,-0.0041666666666666675,-0.04170833333333333
2DN3,heme_Co,7,-7.41,-0.19104166666666667,-0.03854166666666667,-0.04170833333333333
2DN3,heme_Co,8,-7.28,-0.17895833333333333,-0.0475,-0.04170833333333333
2DN3,heme_Co,9,-13.78,-0.3310416666666667,-0.030833333333333334,-0.04170833333333333
2DN3,heme_Co,10,-8.15,-0.18020833333333333,-0.06458333333333334,-0.04170833333333333
2DN3,heme_Co,11,-13.99,-0.316875,-0.050208333333333334,-0.04170833333333333
2DN3,heme_Co,12,-5.35,-0.14708333333333334,-0.03854166666666666,-0.04170833333333333
2DN3,heme_Co,13,-5.51,-0.14729166666666665,-0.0425,-0.04170833333333333
2DN3,heme_Co,14,-4.47,-0.12791666666666668,-0.03979166666666667,-0.04170833333333333
2DN3,heme_Co,15,-4.48,-0.17375,0.006458333333333334,-0.04170833333333333
2DN3,heme_Co,16,-3.75,-0.13375,-0.02,-0.04170833333333333
2DN3,heme_Co,17,-12.31,-0.29041666666666666,-0.04041666666666666,-0.04170833333333333
2DN3,heme_Co,18,-5.76,-0.15291666666666667,-0.04083333333333333,-0.04170833333333333
2DN3,heme_Co,19,-14.11,-0.326875,-0.041874999999999996,-0.04170833333333333
2DN3,heme_Co,20,-12.32,-0.31625,-0.014166666666666668,-0.04170833333333333
2DN3,heme_Co,21,-14.38,-0.32104166666666667,-0.05395833333333334,-0.04170833333333333
2DN3,heme_Co,22,-5.95,-0.16166666666666668,-0.036875,-0.04170833333333333
2DN3,heme_Co,23,-7.15,-0.17520833333333333,-0.04791666666666667,-0.04170833333333333
2DN3,heme_Co,24,-7.13,-0.17604166666666665,-0.04708333333333333,-0.04170833333333333
2DN3,heme_Co,25,-6.3,-0.15812500000000002,-0.04791666666666667,-0.04170833333333333
2DN3,heme_Co,26,-5.19,-0.13895833333333335,-0.04479166666666667,-0.04170833333333333
2DN3,heme_Co,27,-4.84,-0.17604166666666668,0.00041666666666666675,-0.04170833333333333
2DN3,heme_Co,28,-6.85,-0.16166666666666668,-0.05520833333333333,-0.04170833333333333
2DN3,heme_Co,29,-5.89,-0.15916666666666668,-0.03854166666666666,-0.04170833333333333
2DN3,heme_Co,30,-6.18,-0.14666666666666667,-0.05604166666666667,-0.04170833333333333
2DN3,heme_Co,31,-6.24,-0.13916666666666666,-0.06458333333333334,-0.04170833333333333
2DN3,heme_Co,32,-6.34,-0.144375,-0.0625,-0.04170833333333333
2DN3,heme_Co,33,-14.28,-0.32333333333333336,-0.049791666666666665,-0.04170833333333333
2DN3,heme_Co,34,-4.9,-0.1375,-0.04020833333333333,-0.04170833333333333
2DN3,heme_Co,35,-6.34,-0.15,-0.05625,-0.04170833333333333
2DN3,heme_Co,36,-6.83,-0.14958333333333335,-0.0675,-0.04170833333333333
2DN3,heme_Co,37,-6.94,-0.16479166666666667,-0.05375,-0.04170833333333333
2DN3,heme_Co,38,-7.05,-0.17166666666666666,-0.049375,-0.04170833333333333
2DN3,heme_Co,39,-5.0,-0.15270833333333333,-0.025416666666666667,-0.04170833333333333
2DN3,heme_Co,40,-13.46,-0.295625,-0.05979166666666667,-0.04170833333333333
2DN3,heme_Co,41,-13.8,-0.3308333333333333,-0.031875,-0.04170833333333333
2DN3,heme_Co,42,-13.13,-0.31020833333333336,-0.03770833333333333,-0.04170833333333333
2DN3,heme_Co,43,-12.95,-0.3120833333333333,-0.03229166666666667,-0.04170833333333333
2DN3,heme_Co,44,-12.52,-0.29333333333333333,-0.041041666666666664,-0.04170833333333333
2DN3,heme_Co,45,-12.22,-0.3145833333333333,-0.014583333333333332,-0.04170833333333333
2DN3,heme_Co,46,-4.91,-0.13708333333333333,-0.03854166666666667,-0.04170833333333333
2DN3,heme_Co,47,-4.33,-0.15645833333333334,-0.008333333333333333,-0.04170833333333333
2DN3,heme_Co,48,-6.04,-0.14270833333333333,-0.056666666666666664,-0.04170833333333333
2DN3,heme_Co,49,-5.71,-0.15645833333333334,-0.03791666666666667,-0.04170833333333333
2DN3,heme_Co,50,-13.9,-0.32708333333333334,-0.03729166666666667,-0.04170833333333333
2DN3,heme_Co,51,-7.49,-0.17520833333333333,-0.055,-0.04170833333333333
2DN3,heme_Co,52,-6.81,-0.15770833333333334,-0.058541666666666665,-0.04170833333333333
2DN3,heme_Co,53,-4.27,-0.13979166666666668,-0.023333333333333334,-0.04170833333333333
2DN3,heme_Co,54,-5.2,-0.16083333333333333,-0.02291666666666667,-0.04170833333333333
2DN3,heme_Co,55,-7.77,-0.15770833333333334,-0.07854166666666666,-0.04170833333333333
2DN3,heme_Co,56,-14.23,-0.3202083333333333,-0.051458333333333335,-0.04170833333333333
2DN3,heme_Co,57,-6.63,-0.150625,-0.061875,-0.04170833333333333
2DN3,heme_Co,58,-6.55,-0.15145833333333333,-0.05875,-0.04170833333333333
2DN3,heme_Co,59,-5.23,-0.125,-0.058541666666666665,-0.04170833333333333
2DN3,heme_Co,60,-12.09,-0.29041666666666666,-0.034999999999999996,-0.04170833333333333
2DN3,heme_Co,61,-6.66,-0.19375,-0.020416666666666666,-0.04170833333333333
2DN3,heme_Co,62,-14.39,-0.3225,-0.052708333333333336,-0.04170833333333333
2DN3,heme_Co,63,-13.7,-0.32416666666666666,-0.035625,-0.04170833333333333
2DN3,heme_Co,64,-4.28,-0.15729166666666666,-0.006666666666666667,-0.04170833333333333
2DN3,heme_Co,65,-5.89,-0.14708333333333334,-0.04979166666666667,-0.04170833333333333
2DN3,heme_Co,66,-4.85,-0.14458333333333334,-0.031041666666666665,-0.04170833333333333
2DN3,heme_Co,67,-4.99,-0.13583333333333333,-0.04270833333333333,-0.04170833333333333
2DN3,heme_Co,68,-12.61,-0.30645833333333333,-0.03166666666666666,-0.04170833333333333
2DN3,heme_Co,69,-11.51,-0.2975,-0.01625,-0.04170833333333333
2DN3,heme_Co,70,-5.79,-0.15666666666666668,-0.03895833333333333,-0.04170833333333333
2DN3,heme_Co,71,-12.02,-0.30375,-0.02125,-0.04170833333333333
2DN3,heme_Co,72,-7.73,-0.16208333333333333,-0.07395833333333333,-0.04170833333333333
2DN3,heme_Co,73,-6.07,-0.15729166666666666,-0.043333333333333335,-0.04170833333333333
2DN3,heme_Co,74,-12.16,-0.315625,-0.012083333333333333,-0.04170833333333333
2DN3,heme_Co,75,-13.09,-0.299375,-0.04833333333333333,-0.04170833333333333
2DN3,heme_Co,76,-4.13,-0.12416666666666668,-0.037083333333333336,-0.04170833333333333
2DN3,heme_Co,77,-5.59,-0.12354166666666667,-0.06770833333333333,-0.04170833333333333
2DN3,heme_Co,78,-5.66,-0.150625,-0.0425,-0.04170833333333333
2DN3,heme_Co,79,-12.21,-0.3154166666666667,-0.012708333333333334,-0.04170833333333333
2DN3,heme_Co,80,-6.68,-0.16729166666666667,-0.0475,-0.04170833333333333
2DN3,heme_Co,81,-4.86,-0.166875,-0.008333333333333333,-0.04170833333333333
2DN3,heme_Co,82,-7.45,-0.17208333333333334,-0.058541666666666665,-0.04170833333333333
2DN3,heme_Co,83,-14.35,-0.32479166666666665,-0.049375,-0.04170833333333333
2DN3,heme_Co,84,-3.54,-0.14395833333333333,-0.0035416666666666665,-0.04170833333333333
2DN3,heme_Co,85,-6.93,-0.15479166666666666,-0.06395833333333334,-0.04170833333333333
2DN3,heme_Co,86,-4.75,-0.128125,-0.045,-0.04170833333333333
2DN3,heme_Co,87,-13.99,-0.32958333333333334,-0.036875,-0.04170833333333333
2DN3,heme_Co,88,-13.97,-0.32895833333333335,-0.03666666666666667,-0.04170833333333333
2DN3,heme_Co,89,-4.26,-0.10604166666666667,-0.05708333333333333,-0.04170833333333333
2DN3,heme_Co,90,-6.51,-0.19270833333333334,-0.018125,-0.04170833333333333
2DN3,heme_Co,91,-7.95,-0.17645833333333333,-0.06375,-0.04170833333333333
2DN3,heme_Co,92,-14.03,-0.32,-0.04708333333333334,-0.04170833333333333
2DN3,heme_Co,93,-5.15,-0.14875,-0.03270833333333333,-0.04170833333333333
2DN3,heme_Co,94,-14.0,-0.32458333333333333,-0.042708333333333334,-0.04170833333333333
2DN3,heme_Co,95,-7.54,-0.15604166666666666,-0.07666666666666666,-0.04170833333333333
2DN3,heme_Co,96,-5.88,-0.1625,-0.034999999999999996,-0.04170833333333333
2DN3,heme_Co,97,-4.16,-0.15687500000000001,-0.003333333333333333,-0.04170833333333333
2DN3,heme_Co,98,-5.97,-0.13520833333333335,-0.06375,-0.04170833333333333
2DN3,heme_Co,99,-13.58,-0.306875,-0.050625,-0.04170833333333333
2DN3,heme_Co,100,-5.9,-0.14145833333333332,-0.055625,-0.04170833333333333
2DN3,heme_Fe,1,-13.49,-0.29555555555555557,-0.07177777777777777,-0.04448888888888889
2DN3,heme_Fe,2,-12.8,-0.3035555555555556,-0.048,-0.04448888888888889
2DN3,heme_Fe,3,-3.74,-0.1497777777777778,-0.0006666666666666668,-0.04448888888888889
2DN3,heme_Fe,4,-10.79,-0.27666666666666667,-0.029777777777777778,-0.04448888888888889
2DN3,heme_Fe,5,-12.69,-0.3042222222222222,-0.044222222222222225,-0.04448888888888889
2DN3,heme_Fe,6,-12.92,-0.29488888888888887,-0.059555555555555556,-0.04448888888888889
2DN3,heme_Fe,7,-13.37,-0.30377777777777776,-0.05977777777777778,-0.04448888888888889
2DN3,heme_Fe,8,-12.52,-0.2926666666666667,-0.05311111111111111,-0.04448888888888889
2DN3,heme_Fe,9,-5.55,-0.14333333333333334,-0.045111111111111116,-0.04448888888888889
2DN3,heme_Fe,10,-9.32,-0.2008888888888889,-0.07177777777777777,-0.04448888888888889
2DN3,heme_Fe,11,-12.96,-0.30844444444444447,-0.04577777777777778,-0.04448888888888889
2DN3,heme_Fe,12,-13.28,-0.3002222222222222,-0.06155555555555556,-0.04448888888888889
2DN3,heme_Fe,13,-13.62,-0.3011111111111111,-0.06822222222222223,-0.04448888888888889
2DN3,heme_Fe,14,-13.29,-0.30244444444444446,-0.058444444444444445,-0.04448888888888889
2DN3,heme_Fe,15,-13.29,-0.3048888888888889,-0.056666666666666664,-0.04448888888888889
2DN3,heme_Fe,16,-11.9,-0.2966666666666667,-0.034444444444444444,-0.04448888888888889
2DN3,heme_Fe,17,-13.69,-0.30244444444444446,-0.06822222222222223,-0.04448888888888889
2DN3,heme_Fe,18,-12.65,-0.30333333333333334,-0.04466666666666667,-0.04448888888888889
2DN3,heme_Fe,19,-12.75,-0.2977777777777778,-0.05333333333333333,-0.04448888888888889
2DN3,heme_Fe,20,-13.58,-0.3091111111111111,-0.059333333333333335,-0.04448888888888889
2DN3,heme_Fe,21,-13.05,-0.29688888888888887,-0.05977777777777778,-0.04448888888888889
2DN3,heme_Fe,22,-10.94,-0.27955555555555556,-0.030444444444444444,-0.04448888888888889
2DN3,heme_Fe,23,-12.95,-0.29533333333333334,-0.059777777777777784,-0.04448888888888889
2DN3,heme_Fe,24,-7.7,-0.1751111111111111,-0.06155555555555555,-0.04448888888888889
2DN3,heme_Fe,25,-5.11,-0.14355555555555555,-0.035333333333333335,-0.04448888888888889
2DN3,heme_Fe,26,-6.37,-0.16955555555555557,-0.038,-0.04448888888888889
2DN3,heme_Fe,27,-9.72,-0.2588888888888889,-0.02311111111111111,-0.04448888888888889
2DN3,heme_Fe,28,-4.78,-0.15488888888888888,-0.016888888888888887,-0.04448888888888889
2DN3,heme_Fe,29,-11.17,-0.308,-0.0064444444444444445,-0.04448888888888889
2DN3,heme_Fe,30,-10.91,-0.2753333333333333,-0.03333333333333333,-0.04448888888888889
2DN3,heme_Fe,31,-8.09,-0.20044444444444445,-0.04622222222222222,-0.04448888888888889
2DN3,heme_Fe,32,-12.66,-0.29644444444444445,-0.051555555555555556,-0.04448888888888889
2DN3,heme_Fe,33,-13.45,-0.3055555555555556,-0.06133333333333334,-0.04448888888888889
2DN3,heme_Fe,34,-13.28,-0.3026666666666667,-0.05933333333333333,-0.04448888888888889
2DN3,heme_Fe,35,-13.21,-0.29733333333333334,-0.06355555555555556,-0.04448888888888889
2DN3,heme_Fe,36,-7.32,-0.18755555555555556,-0.04111111111111111,-0.04448888888888889
2DN3,heme_Fe,37,-11.09,-0.3068888888888889,-0.005555555555555556,-0.04448888888888889
2DN3,heme_Fe,38,-11.19,-0.2822222222222222,-0.03266666666666666,-0.04448888888888889
2DN3,heme_Fe,39,-6.99,-0.18466666666666667,-0.037111111111111116,-0.04448888888888889
2DN3,heme_Fe,40,-11.32,-0.31266666666666665,-0.005333333333333333,-0.04448888888888889
2DN3,heme_Fe,41,-13.22,-0.29333333333333333,-0.06688888888888889,-0.04448888888888889
2DN3,heme_Fe,42,-9.77,-0.19955555555555557,-0.08355555555555555,-0.04448888888888889
2DN3,heme_Fe,43,-6.0,-0.14177777777777778,-0.05755555555555556,-0.04448888888888889
2DN3,heme_Fe,44,-13.45,-0.3022222222222222,-0.06333333333333334,-0.04448888888888889
2DN3,heme_Fe,45,-13.43,-0.30666666666666664,-0.05911111111111111,-0.04448888888888889
2DN3,heme_Fe,46,-13.63,-0.3002222222222222,-0.06955555555555555,-0.04448888888888889
2DN3,heme_Fe,47,-9.44,-0.2137777777777778,-0.06266666666666668,-0.04448888888888889
2DN3,heme_Fe,48,-13.6,-0.3026666666666667,-0.06644444444444444,-0.04448888888888889
2DN3,heme_Fe,49,-7.29,-0.17133333333333334,-0.056888888888888885,-0.04448888888888889
2DN3,heme_Fe,50,-13.48,-0.30777777777777776,-0.058444444444444445,-0.04448888888888889
2DN3,heme_Fe,51,-6.81,-0.1608888888888889,-0.05577777777777778,-0.04448888888888889
2DN3,heme_Fe,52,-12.77,-0.302,-0.04866666666666667,-0.04448888888888889
2DN3,heme_Fe,53,-11.62,-0.2926666666666667,-0.03155555555555555,-0.04448888888888889
2DN3,heme_Fe,54,-5.01,-0.12733333333333333,-0.050222222222222224,-0.04448888888888889
2DN3,heme_Fe,55,-8.02,-0.19444444444444445,-0.050444444444444445,-0.04448888888888889
2DN3,heme_Fe,56,-10.98,-0.27644444444444444,-0.03422222222222222,-0.04448888888888889
2DN3,heme_Fe,57,-6.66,-0.154,-0.060000000000000005,-0.04448888888888889
2DN3,heme_Fe,58,-6.92,-0.18888888888888888,-0.03133333333333333,-0.04448888888888889
2DN3,heme_Fe,59,-6.15,-0.15622222222222223,-0.04644444444444445,-0.04448888888888889
2DN3,heme_Fe,60,-10.36,-0.27244444444444443,-0.024888888888888887,-0.04448888888888889
2DN3,heme_Fe,61,-13.21,-0.3,-0.06088888888888889,-0.04448888888888889
2DN3,heme_Fe,62,-13.97,-0.30644444444444446,-0.07177777777777777,-0.04448888888888889
2DN3,heme_Fe,63,-5.61,-0.15066666666666667,-0.03955555555555556,-0.04448888888888889
2DN3,heme_Fe,64,-12.27,-0.296,-0.043111111111111114,-0.04448888888888889
2DN3,heme_Fe,65,-11.46,-0.29488888888888887,-0.025777777777777774,-0.04448888888888889
2DN3,heme_Fe,66,-11.02,-0.3068888888888889,-0.0044444444444444444,-0.04448888888888889
2DN3,heme_Fe,67,-5.96,-0.1628888888888889,-0.035333333333333335,-0.04448888888888889
2DN3,heme_Fe,68,-10.52,-0.29288888888888887,-0.006,-0.04448888888888889
2DN3,heme_Fe,69,-10.65,-0.2786666666666667,-0.025111111111111112,-0.04448888888888889
2DN3,heme_Fe,70,-6.2,-0.16444444444444445,-0.03888888888888889,-0.04448888888888889
2DN3,heme_Fe,71,-11.53,-0.2957777777777778,-0.027111111111111114,-0.04448888888888889
2DN3,heme_Fe,72,-10.8,-0.27355555555555555,-0.032,-0.04448888888888889
2DN3,heme_Fe,73,-13.34,-0.30644444444444446,-0.05622222222222222,-0.04448888888888889
2DN3,heme_Fe,74,-6.58,-0.19711111111111113,-0.015555555555555557,-0.04448888888888889
2DN3,heme_Fe,75,-10.47,-0.27311111111111114,-0.026444444444444444,-0.04448888888888889
2DN3,heme_Fe,76,-10.06,-0.2793333333333333,-0.010444444444444444,-0.04448888888888889
2DN3,heme_Fe,77,-11.01,-0.2713333333333333,-0.03888888888888889,-0.04448888888888889
2DN3,heme_Fe,78,-12.4,-0.2942222222222222,-0.04755555555555556,-0.04448888888888889
2DN3,heme_Fe,79,-13.23,-0.30177777777777776,-0.058444444444444445,-0.04448888888888889
2DN3,heme_Fe,80,-10.81,-0.2713333333333333,-0.035333333333333335,-0.04448888888888889
2DN3,heme_Fe,81,-6.02,-0.16133333333333333,-0.03888888888888889,-0.04448888888888889
2DN3,heme_Fe,82,-5.31,-0.14777777777777779,-0.03733333333333333,-0.04448888888888889
2DN3,heme_Fe,83,-11.36,-0.2833333333333333,-0.035777777777777776,-0.04448888888888889
2DN3,heme_Fe,84,-11.29,-0.2902222222222222,-0.02577777777777778,-0.04448888888888889
2DN3,heme_Fe,85,-12.76,-0.30177777777777776,-0.04777777777777777,-0.04448888888888889
2DN3,heme_Fe,86,-10.84,-0.28,-0.026888888888888886,-0.04448888888888889
2DN3,heme_Fe,87,-7.65,-0.218,-0.018444444444444444,-0.04448888888888889
2DN3,heme_Fe,88,-10.56,-0.27355555555555555,-0.027777777777777776,-0.04448888888888889
2DN3,heme_Fe,89,-5.93,-0.15066666666666667,-0.04755555555555556,-0.04448888888888889
2DN3,heme_Fe,90,-12.98,-0.3115555555555556,-0.04377777777777778,-0.04448888888888889
2DN3,heme_Fe,91,-13.48,-0.2946666666666667,-0.07155555555555555,-0.04448888888888889
2DN3,heme_Fe,92,-6.55,-0.1517777777777778,-0.06022222222222222,-0.04448888888888889
2DN3,heme_Fe,93,-7.14,-0.16,-0.064,-0.04448888888888889
2DN3,heme_Fe,94,-13.79,-0.30377777777777776,-0.07,-0.04448888888888889
2DN3,heme_Fe,95,-12.13,-0.2882222222222222,-0.04733333333333333,-0.04448888888888889
2DN3,heme_Fe,96,-11.92,-0.2908888888888889,-0.04088888888888889,-0.04448888888888889
2DN3,heme_Fe,97,-11.03,-0.28644444444444445,-0.02422222222222222,-0.04448888888888889
2DN3,heme_Fe,98,-13.03,-0.2995555555555556,-0.05777777777777778,-0.04448888888888889
2DN3,heme_Fe,99,-12.05,-0.29133333333333333,-0.043555555555555556,-0.04448888888888889
2DN3,heme_Fe,100,-13.22,-0.296,-0.06488888888888888,-0.04448888888888889
2DN3,heme_O2,1,-7.07,-0.1651063829787234,-0.047446808510638296,-0.04259574468085106
2DN3,heme_O2,2,-15.48,-0.34404255319148935,-0.049148936170212765,-0.04259574468085106
2DN3,heme_O2,3,-6.66,-0.1497872340425532,-0.05553191489361702,-0.04259574468085106
2DN3,heme_O2,4,-7.1,-0.1778723404255319,-0.03617021276595745,-0.04259574468085106
2DN3,heme_O2,5,-14.76,-0.33085106382978724,-0.046595744680851064,-0.04259574468085106
2DN3,heme_O2,6,-15.97,-0.3519148936170213,-0.05191489361702128,-0.04259574468085106
2DN3,heme_O2,7,-13.85,-0.3291489361702128,-0.029148936170212768,-0.04259574468085106
2DN3,heme_O2,8,-13.97,-0.32574468085106384,-0.0348936170212766,-0.04259574468085106
2DN3,heme_O2,9,-10.4,-0.2397872340425532,-0.0451063829787234,-0.04259574468085106
2DN3,heme_O2,10,-15.44,-0.3536170212765957,-0.03914893617021276,-0.04259574468085106
2DN3,heme_O2,11,-14.13,-0.3261702127659574,-0.03829787234042553,-0.04259574468085106
2DN3,heme_O2,12,-14.4,-0.34127659574468083,-0.029361702127659577,-0.04259574468085106
2DN3,heme_O2,13,-7.4,-0.18468085106382978,-0.03595744680851064,-0.04259574468085106
2DN3,heme_O2,14,-7.35,-0.18425531914893617,-0.03425531914893617,-0.04259574468085106
2DN3,heme_O2,15,-15.61,-0.355531914893617,-0.04,-0.04259574468085106
2DN3,heme_O2,16,-6.49,-0.14191489361702128,-0.05829787234042553,-0.04259574468085106
2DN3,heme_O2,17,-15.4,-0.35319148936170214,-0.03851063829787234,-0.04259574468085106
2DN3,heme_O2,18,-15.14,-0.3485106382978723,-0.03702127659574468,-0.04259574468085106
2DN3,heme_O2,19,-8.39,-0.18936170212765957,-0.053404255319148934,-0.04259574468085106
2DN3,heme_O2,20,-9.27,-0.20340425531914894,-0.05702127659574468,-0.04259574468085106
2DN3,heme_O2,21,-15.59,-0.3474468085106383,-0.04808510638297872,-0.04259574468085106
2DN3,heme_O2,22,-15.91,-0.3493617021276596,-0.05297872340425532,-0.04259574468085106
2DN3,heme_O2,23,-14.03,-0.32,-0.04234042553191489,-0.04259574468085106
2DN3,heme_O2,24,-16.82,-0.3548936170212766,-0.06723404255319149,-0.04259574468085106
2DN3,heme_O2,25,-14.43,-0.34191489361702126,-0.028297872340425533,-0.04259574468085106
2DN3,heme_O2,26,-14.41,-0.3402127659574468,-0.02978723404255319,-0.04259574468085106
2DN3,heme_O2,27,-15.34,-0.34702127659574467,-0.044042553191489364,-0.04259574468085106
2DN3,heme_O2,28,-15.29,-0.35,-0.03957446808510638,-0.04259574468085106
2DN3,heme_O2,29,-7.24,-0.15170212765957447,-0.06531914893617022,-0.04259574468085106
2DN3,heme_O2,30,-16.23,-0.3414893617021277,-0.06765957446808511,-0.04259574468085106
2DN3,heme_O2,31,-15.84,-0.3548936170212766,-0.04553191489361702,-0.04259574468085106
2DN3,heme_O2,32,-15.39,-0.3448936170212766,-0.046595744680851064,-0.04259574468085106
2DN3,heme_O2,33,-8.17,-0.17042553191489362,-0.06659574468085107,-0.04259574468085106
2DN3,heme_O2,34,-15.03,-0.3421276595744681,-0.041914893617021276,-0.04259574468085106
2DN3,heme_O2,35,-6.16,-0.15085106382978725,-0.043617021276595745,-0.04259574468085106
2DN3,heme_O2,36,-12.69,-0.3021276595744681,-0.030425531914893618,-0.04259574468085106
2DN3,heme_O2,37,-14.7,-0.3280851063829787,-0.04936170212765957,-0.04259574468085106
2DN3,heme_O2,38,-15.74,-0.35851063829787233,-0.03957446808510638,-0.04259574468085106
2DN3,heme_O2,39,-15.34,-0.34574468085106386,-0.044468085106382976,-0.04259574468085106
2DN3,heme_O2,40,-14.06,-0.3242553191489362,-0.03723404255319149,-0.04259574468085106
2DN3,heme_O2,41,-16.27,-0.34914893617021275,-0.06042553191489362,-0.04259574468085106
2DN3,heme_O2,42,-13.0,-0.3221276595744681,-0.017659574468085106,-0.04259574468085106
2DN3,heme_O2,43,-7.3,-0.16191489361702127,-0.05702127659574468,-0.04259574468085106
2DN3,heme_O2,44,-7.19,-0.17617021276595746,-0.04,-0.04259574468085106
2DN3,heme_O2,45,-15.26,-0.3474468085106383,-0.04170212765957447,-0.04259574468085106
2DN3,heme_O2,46,-14.01,-0.32404255319148934,-0.03787234042553191,-0.04259574468085106
2DN3,heme_O2,47,-16.32,-0.34872340425531917,-0.0627659574468085,-0.04259574468085106
2DN3,heme_O2,48,-6.15,-0.19297872340425531,-0.0014893617021276596,-0.04259574468085106
2DN3,heme_O2,49,-15.14,-0.3372340425531915,-0.04936170212765957,-0.04259574468085106
2DN3,heme_O2,50,-5.4,-0.15319148936170213,-0.02574468085106383,-0.04259574468085106
2DN3,heme_O2,51,-14.6,-0.3342553191489362,-0.03957446808510638,-0.04259574468085106
2DN3,heme_O2,52,-7.39,-0.16787234042553192,-0.0525531914893617,-0.04259574468085106
2DN3,heme_O2,53,-16.15,-0.3514893617021277,-0.05617021276595745,-0.04259574468085106
2DN3,heme_O2,54,-15.33,-0.35,-0.04042553191489361,-0.04259574468085106
2DN3,heme_O2,55,-13.94,-0.32127659574468087,-0.03829787234042553,-0.04259574468085106
2DN3,heme_O2,56,-13.64,-0.32063829787234044,-0.03297872340425532,-0.04259574468085106
2DN3,heme_O2,57,-13.66,-0.3193617021276596,-0.03446808510638298,-0.04259574468085106
2DN3,heme_O2,58,-15.09,-0.34106382978723404,-0.04425531914893616,-0.04259574468085106
2DN3,heme_O2,59,-9.7,-0.19893617021276597,-0.07063829787234042,-0.04259574468085106
2DN3,heme_O2,60,-15.46,-0.3406382978723404,-0.0523404255319149,-0.04259574468085106
2DN3,heme_O2,61,-15.78,-0.34361702127659577,-0.05617021276595745,-0.04259574468085106
2DN3,heme_O2,62,-16.16,-0.3474468085106383,-0.05978723404255319,-0.04259574468085106
2DN3,heme_O2,63,-15.82,-0.3414893617021277,-0.05914893617021277,-0.04259574468085106
2DN3,heme_O2,64,-16.6,-0.3617021276595745,-0.055744680851063835,-0.04259574468085106
2DN3,heme_O2,65,-6.73,-0.1423404255319149,-0.06425531914893617,-0.04259574468085106
2DN3,heme_O2,66,-13.87,-0.3242553191489362,-0.03489361702127659,-0.04259574468085106
2DN3,heme_O2,67,-7.46,-0.22595744680851065,0.004042553191489362,-0.04259574468085106
2DN3,heme_O2,68,-8.36,-0.1825531914893617,-0.05914893617021277,-0.04259574468085106
2DN3,heme_O2,69,-16.37,-0.34872340425531917,-0.0627659574468085,-0.04259574468085106
2DN3,heme_O2,70,-16.11,-0.35127659574468084,-0.0551063829787234,-0.04259574468085106
2DN3,heme_O2,71,-6.6,-0.14595744680851064,-0.057659574468085104,-0.04259574468085106
2DN3,heme_O2,72,-6.49,-0.13574468085106384,-0.06617021276595746,-0.04259574468085106
2DN3,heme_O2,73,-6.88,-0.14170212765957446,-0.06851063829787234,-0.04259574468085106
2DN3,heme_O2,74,-15.59,-0.3476595744680851,-0.04808510638297873,-0.04259574468085106
2DN3,heme_O2,75,-15.54,-0.34808510638297874,-0.046595744680851064,-0.04259574468085106
2DN3,heme_O2,76,-14.12,-0.3251063829787234,-0.038085106382978726,-0.04259574468085106
2DN3,heme_O2,77,-7.54,-0.19361702127659575,-0.030638297872340424,-0.04259574468085106
2DN3,heme_O2,78,-5.88,-0.13340425531914893,-0.054680851063829784,-0.04259574468085106
2DN3,heme_O2,79,-5.88,-0.14595744680851064,-0.04170212765957447,-0.04259574468085106
2DN3,heme_O2,80,-7.22,-0.1748936170212766,-0.04170212765957447,-0.04259574468085106
2DN3,heme_O2,81,-13.95,-0.324468085106383,-0.03553191489361702,-0.04259574468085106
2DN3,heme_O2,82,-12.85,-0.3021276595744681,-0.03489361702127659,-0.04259574468085106
2DN3,heme_O2,83,-15.39,-0.34595744680851065,-0.045319148936170214,-0.04259574468085106
2DN3,heme_O2,84,-15.68,-0.3517021276595745,-0.04574468085106383,-0.04259574468085106
2DN3,heme_O2,85,-7.96,-0.17574468085106384,-0.05808510638297872,-0.04259574468085106
2DN3,heme_O2,86,-6.74,-0.15893617021276596,-0.048297872340425534,-0.04259574468085106
2DN3,heme_O2,87,-13.91,-0.3242553191489362,-0.03468085106382979,-0.04259574468085106
2DN3,heme_O2,88,-14.56,-0.3291489361702128,-0.044468085106382976,-0.04259574468085106
2DN3,heme_O2,89,-13.87,-0.32595744680851063,-0.033191489361702124,-0.04259574468085106
2DN3,heme_O2,90,-14.56,-0.32574468085106384,-0.0474468085106383,-0.04259574468085106
2DN3,heme_O2,91,-6.36,-0.16680851063829788,-0.03212765957446809,-0.04259574468085106
2DN3,heme_O2,92,-7.59,-0.16382978723404254,-0.062127659574468086,-0.04259574468085106
2DN3,heme_O2,93,-15.45,-0.3465957446808511,-0.046170212765957445,-0.04259574468085106
2DN3,heme_O2,94,-15.32,-0.3423404255319149,-0.04680851063829787,-0.04259574468085106
2DN3,heme_O2,95,-6.53,-0.1497872340425532,-0.05297872340425532,-0.04259574468085106
2DN3,heme_O2,96,-15.3,-0.34404255319148935,-0.045319148936170214,-0.04259574468085106
2DN3,heme_O2,97,-16.01,-0.35297872340425535,-0.05106382978723405,-0.04259574468085106
2DN3,heme_O2,98,-16.35,-0.3525531914893617,-0.05936170212765957,-0.04259574468085106
2DN3,heme_O2,99,-6.53,-0.16106382978723405,-0.040638297872340426,-0.04259574468085106
2DN3,heme_O2,100,-8.52,-0.2021276595744681,-0.0425531914893617,-0.04259574468085106
2DN3,IHP,1,,-0.016458333333333332,-0.0010416666666666675,-0.00012500000000000358
2DN3,IHP,2,,-0.04083333333333333,-0.003958333333333333,-0.00012500000000000358
2DN3,IHP,3,,-0.089375,-0.003541666666666667,-0.00012500000000000358
2DN3,IHP,4,,-0.03270833333333333,-0.003541666666666667,-0.00012500000000000358
2DN3,IHP,5,,-0.04770833333333333,-0.004583333333333334,-0.00012500000000000358
2DN3,IHP,6,,-0.07479166666666667,-0.0006249999999999999,-0.00012500000000000358
2DN3,IHP,7,,-0.04020833333333333,-0.0035416666666666682,-0.00012500000000000358
2DN3,IHP,8,,-0.053125,0.0014583333333333336,-0.00012500000000000358
2DN3,IHP,9,,-0.10958333333333334,-0.0031249999999999997,-0.00012500000000000358
2DN3,IHP,10,,-0.03833333333333333,-0.012708333333333334,-0.00012500000000000358
2DN3,IHP,11,,-0.09166666666666667,-0.005,-0.00012500000000000358
2DN3,IHP,12,,-0.030416666666666668,-0.00020833333333333383,-0.00012500000000000358
2DN3,IHP,13,,-0.06583333333333333,0.0002083333333333335,-0.00012500000000000358
2DN3,IHP,14,,-0.07375,-0.005416666666666668,-0.00012500000000000358
2DN3,IHP,15,,-0.06041666666666667,0.0004166666666666667,-0.00012500000000000358
2DN3,IHP,16,,-0.11104166666666666,0.0012499999999999992,-0.00012500000000000358
2DN3,IHP,17,,-0.043333333333333335,-4.336808689942018e-19,-0.00012500000000000358
2DN3,IHP,18,,-0.04729166666666667,-0.0006250000000000003,-0.00012500000000000358
2DN3,IHP,19,,-0.031875,-0.00041666666666666675,-0.00012500000000000358
2DN3,IHP,20,,-0.07479166666666667,-0.007083333333333332,-0.00012500000000000358
2DN3,IHP,21,,-0.078125,0.0004166666666666669,-0.00012500000000000358
2DN3,IHP,22,,-0.050833333333333335,0.0014583333333333332,-0.00012500000000000358
2DN3,IHP,23,,-0.049375,-0.0075,-0.00012500000000000358
2DN3,IHP,24,,-0.063125,-0.007291666666666667,-0.00012500000000000358
2DN3,IHP,25,,-0.06208333333333333,-0.0018750000000000008,-0.00012500000000000358
2DN3,IHP,26,,-0.06541666666666666,-0.0033333333333333335,-0.00012500000000000358
2DN3,IHP,27,,-0.02729166666666667,-0.010416666666666668,-0.00012500000000000358
2DN3,IHP,28,,-0.05604166666666667,-0.0025000000000000005,-0.00012500000000000358
2DN3,IHP,29,,-0.106875,-0.0024999999999999996,-0.00012500000000000358
2DN3,IHP,30,,-0.045208333333333336,-0.0020833333333333337,-0.00012500000000000358
2DN3,IHP,31,,-0.05666666666666667,-0.006458333333333332,-0.00012500000000000358
2DN3,IHP,32,,-0.06479166666666666,-0.0018750000000000008,-0.00012500000000000358
2DN3,IHP,33,,-0.058541666666666665,-0.009166666666666665,-0.00012500000000000358
2DN3,IHP,34,,-0.07375,-0.005208333333333333,-0.00012500000000000358
2DN3,IHP,35,,-0.058333333333333334,-0.0008333333333333326,-0.00012500000000000358
2DN3,IHP,36,,-0.0175,-0.004166666666666666,-0.00012500000000000358
2DN3,IHP,37,,-0.04583333333333333,-0.0006249999999999999,-0.00012500000000000358
2DN3,IHP,38,,-0.036458333333333336,-0.0033333333333333335,-0.00012500000000000358
2DN3,IHP,39,,-0.03270833333333333,-0.0008333333333333335,-0.00012500000000000358
2DN3,IHP,40,,-0.05583333333333333,-0.005416666666666667,-0.00012500000000000358
2DN3,IHP,41,,-0.04645833333333334,-0.0029166666666666664,-0.00012500000000000358
2DN3,IHP,42,,-0.07958333333333334,-0.0010416666666666667,-0.00012500000000000358
2DN3,IHP,43,,-0.065,-0.004375,-0.00012500000000000358
2DN3,IHP,44,,-0.07458333333333333,-0.006249999999999999,-0.00012500000000000358
2DN3,IHP,45,,-0.049375,-0.006874999999999999,-0.00012500000000000358
2DN3,IHP,46,,-0.051041666666666666,-0.0027083333333333343,-0.00012500000000000358
2DN3,IHP,47,,-0.056666666666666664,-0.007291666666666667,-0.00012500000000000358
2DN3,IHP,48,,-0.05,-0.0012499999999999998,-0.00012500000000000358
2DN3,IHP,49,,-0.043541666666666666,-0.0025000000000000005,-0.00012500000000000358
2DN3,IHP,50,,-0.0035416666666666665,-0.0004166666666666667,-0.00012500000000000358
2DN3,IHP,51,,-0.036458333333333336,0.0014583333333333334,-0.00012500000000000358
2DN3,IHP,52,,-0.07625,-0.005,-0.00012500000000000358
2DN3,IHP,53,,-0.07479166666666667,-0.0022916666666666667,-0.00012500000000000358
2DN3,IHP,54,,-0.05,-0.00125,-0.00012500000000000358
2DN3,IHP,55,,-0.07104166666666667,-0.0012499999999999998,-0.00012500000000000358
2DN3,IHP,56,,-0.057291666666666664,-0.008958333333333332,-0.00012500000000000358
2DN3,IHP,57,,-0.06833333333333333,-0.004166666666666667,-0.00012500000000000358
2DN3,IHP,58,,-0.03833333333333334,-0.009166666666666667,-0.00012500000000000358
2DN3,IHP,59,,-0.08625000000000001,-0.0010416666666666667,-0.00012500000000000358
2DN3,IHP,60,,-0.04041666666666667,-0.0014583333333333332,-0.00012500000000000358
2DN3,IHP,61,,-0.084375,-0.0016666666666666653,-0.00012500000000000358
2DN3,IHP,62,,-0.059166666666666666,-0.0031250000000000015,-0.00012500000000000358
2DN3,IHP,63,,-0.0425,-0.003541666666666667,-0.00012500000000000358
2DN3,IHP,64,,-0.05645833333333333,-0.0025,-0.00012500000000000358
2DN3,IHP,65,,-0.027083333333333334,-0.007916666666666666,-0.00012500000000000358
2DN3,IHP,66,,-0.04604166666666667,0.0010416666666666664,-0.00012500000000000358
2DN3,IHP,67,,-0.045625,-0.004583333333333334,-0.00012500000000000358
2DN3,IHP,68,,-0.09291666666666666,-0.00625,-0.00012500000000000358
2DN3,IHP,69,,-0.05354166666666667,-0.0031249999999999997,-0.00012500000000000358
2DN3,IHP,70,,-0.007916666666666666,-0.00020833333333333348,-0.00012500000000000358
2DN3,IHP,71,,-0.05416666666666667,-0.005625,-0.00012500000000000358
2DN3,IHP,72,,-0.07208333333333333,0.00020833333333333465,-0.00012500000000000358
2DN3,IHP,73,,-0.06854166666666667,-0.0060416666666666665,-0.00012500000000000358
2DN3,IHP,74,,-0.021041666666666667,-0.004375,-0.00012500000000000358
2DN3,IHP,75,,-0.06291666666666666,-0.0012499999999999998,-0.00012500000000000358
2DN3,IHP,76,,-0.03666666666666667,-0.0010416666666666667,-0.00012500000000000358
2DN3,IHP,77,,-0.04479166666666667,-0.0045833333333333325,-0.00012500000000000358
2DN3,IHP,78,,-0.07958333333333334,-0.0025000000000000005,-0.00012500000000000358
2DN3,IHP,79,,-0.095625,-0.009166666666666667,-0.00012500000000000358
2DN3,IHP,80,,-0.05,-0.0025000000000000005,-0.00012500000000000358
2DN3,IHP,81,,-0.06291666666666666,-0.006458333333333333,-0.00012500000000000358
2DN3,IHP,82,,-0.058333333333333334,-0.0006249999999999987,-0.00012500000000000358
2DN3,IHP,83,,-0.08875,-0.015416666666666667,-0.00012500000000000358
2DN3,IHP,84,,-0.051666666666666666,-0.00020833333333333421,-0.00012500000000000358
2DN3,IHP,85,,-0.070625,-0.0043749999999999995,-0.00012500000000000358
2DN3,IHP,86,,-0.071875,0.00375,-0.00012500000000000358
2DN3,IHP,87,,-0.06375,-0.011874999999999998,-0.00012500000000000358
2DN3,IHP,88,,-0.052708333333333336,-0.003333333333333333,-0.00012500000000000358
2DN3,IHP,89,,-0.057916666666666665,-0.0014583333333333336,-0.00012500000000000358
2DN3,IHP,90,,-0.02875,-0.0010416666666666667,-0.00012500000000000358
2DN3,IHP,91,,-0.06604166666666667,-0.004791666666666667,-0.00012500000000000358
2DN3,IHP,92,,-0.04708333333333333,-0.008125,-0.00012500000000000358
2DN3,IHP,93,,-0.06541666666666666,-0.003958333333333334,-0.00012500000000000358
2DN3,IHP,94,,-0.07020833333333333,-0.004374999999999999,-0.00012500000000000358
2DN3,IHP,95,,-0.09125,-0.0027083333333333334,-0.00012500000000000358
2DN3,IHP,96,,-0.035416666666666666,-0.002916666666666667,-0.00012500000000000358
2DN3,IHP,97,,-0.06520833333333333,-0.0016666666666666657,-0.00012500000000000358
2DN3,IHP,98,,-0.06625,-0.0014583333333333332,-0.00012500000000000358
2DN3,IHP,99,,-0.01916666666666667,-0.0010416666666666664,-0.00012500000000000358
2DN3,IHP,100,,-0.01625,-0.002916666666666667,-0.00012500000000000358
1A3N,2_3_BPG,1,-7.52,-0.214,-0.4046666666666667,-0.33066666666666666
1A3N,2_3_BPG,2,-8.89,-0.23933333333333334,-0.474,-0.33066666666666666
1A3N,2_3_BPG,3,-8.85,-0.3046666666666667,-0.4046666666666667,-0.33066666666666666
1A3N,2_3_BPG,4,-7.05,-0.138,-0.45199999999999996,-0.33066666666666666
1A3N,2_3_BPG,5,-7.83,-0.22466666666666665,-0.41533333333333333,-0.33066666666666666
1A3N,2_3_BPG,6,-7.37,-0.19933333333333333,-0.412,-0.33066666666666666
1A3N,2_3_BPG,7,-8.77,-0.266,-0.43666666666666665,-0.33066666666666666
1A3N,2_3_BPG,8,-7.64,-0.21266666666666667,-0.416,-0.33066666666666666
1A3N,2_3_BPG,9,-7.77,-0.226,-0.412,-0.33066666666666666
1A3N,2_3_BPG,10,-8.55,-0.38866666666666666,-0.302,-0.33066666666666666
1A3N,2_3_BPG,11,-8.01,-0.256,-0.396,-0.33066666666666666
1A3N,2_3_BPG,12,-8.92,-0.22266666666666668,-0.492,-0.33066666666666666
1A3N,2_3_BPG,13,-7.16,-0.22333333333333333,-0.37466666666666665,-0.33066666666666666
1A3N,2_3_BPG,14,-7.39,-0.22933333333333333,-0.38333333333333336,-0.33066666666666666
1A3N,2_3_BPG,15,-6.99,-0.17733333333333334,-0.4086666666666667,-0.33066666666666666
1A3N,2_3_BPG,16,-8.37,-0.24733333333333332,-0.4286666666666667,-0.33066666666666666
1A3N,2_3_BPG,17,-7.72,-0.18466666666666667,-0.44933333333333336,-0.33066666666666666
1A3N,2_3_BPG,18,-7.53,-0.244,-0.376,-0.33066666666666666
1A3N,2_3_BPG,19,-7.57,-0.192,-0.43266666666666664,-0.33066666666666666
1A3N,2_3_BPG,20,-7.63,-0.19733333333333333,-0.432,-0.33066666666666666
1A3N,2_3_BPG,21,-7.45,-0.19066666666666668,-0.426,-0.33066666666666666
1A3N,2_3_BPG,22,-7.62,-0.21333333333333335,-0.41533333333333333,-0.33066666666666666
1A3N,2_3_BPG,23,-7.85,-0.23133333333333334,-0.41333333333333333,-0.33066666666666666
1A3N,2_3_BPG,24,-7.17,-0.21533333333333332,-0.38266666666666665,-0.33066666666666666
1A3N,2_3_BPG,25,-8.49,-0.208,-0.47600000000000003,-0.33066666666666666
1A3N,2_3_BPG,26,-7.04,-0.21933333333333332,-0.37066666666666664,-0.33066666666666666
1A3N,2_3_BPG,27,-7.58,-0.20933333333333334,-0.4166666666666667,-0.33066666666666666
1A3N,2_3_BPG,28,-7.56,-0.22066666666666668,-0.404,-0.33066666666666666
1A3N,2_3_BPG,29,-7.97,-0.23533333333333334,-0.4146666666666667,-0.33066666666666666
1A3N,2_3_BPG,30,-7.1,-0.22266666666666665,-0.36933333333333335,-0.33066666666666666
1A3N,2_3_BPG,31,-8.33,-0.23333333333333334,-0.44266666666666665,-0.33066666666666666
1A3N,2_3_BPG,32,-7.65,-0.20600000000000002,-0.4226666666666667,-0.33066666666666666
1A3N,2_3_BPG,33,-7.85,-0.22666666666666668,-0.41533333333333333,-0.33066666666666666
1A3N,2_3_BPG,34,-7.96,-0.22466666666666665,-0.42466666666666664,-0.33066666666666666
1A3N,2_3_BPG,35,-7.14,-0.17066666666666666,-0.4246666666666667,-0.33066666666666666
1A3N,2_3_BPG,36,-7.75,-0.216,-0.418,-0.33066666666666666
1A3N,2_3_BPG,37,-7.32,-0.194,-0.412,-0.33066666666666666
1A3N,2_3_BPG,38,-7.37,-0.20266666666666666,-0.4066666666666667,-0.33066666666666666
1A3N,2_3_BPG,39,-8.0,-0.17666666666666667,-0.476,-0.33066666666666666
1A3N,2_3_BPG,40,-7.64,-0.20800000000000002,-0.4186666666666667,-0.33066666666666666
1A3N,2_3_BPG,41,-7.39,-0.23666666666666666,-0.37533333333333335,-0.33066666666666666
1A3N,2_3_BPG,42,-7.65,-0.21733333333333332,-0.412,-0.33066666666666666
1A3N,2_3_BPG,43,-8.97,-0.2813333333333333,-0.43466666666666665,-0.33066666666666666
1A3N,2_3_BPG,44,-7.18,-0.23333333333333334,-0.366,-0.33066666666666666
1A3N,2_3_BPG,45,-7.4,-0.23466666666666666,-0.378,-0.33066666666666666
1A3N,2_3_BPG,46,-8.65,-0.2733333333333333,-0.42333333333333334,-0.33066666666666666
1A3N,2_3_BPG,47,-7.45,-0.21,-0.40599999999999997,-0.33066666666666666
1A3N,2_3_BPG,48,-7.86,-0.22266666666666668,-0.422,-0.33066666666666666
1A3N,2_3_BPG,49,-7.58,-0.24266666666666667,-0.38,-0.33066666666666666
1A3N,2_3_BPG,50,-7.65,-0.18933333333333333,-0.44,-0.33066666666666666
1A3N,2_3_BPG,51,-7.45,-0.22866666666666666,-0.38866666666666666,-0.33066666666666666
1A3N,2_3_BPG,52,-7.88,-0.236,-0.4093333333333333,-0.33066666666666666
1A3N,2_3_BPG,53,-8.25,-0.26066666666666666,-0.4086666666666667,-0.33066666666666666
1A3N,2_3_BPG,54,-7.77,-0.234,-0.40199999999999997,-0.33066666666666666
1A3N,2_3_BPG,55,-8.19,-0.248,-0.418,-0.33066666666666666
1A3N,2_3_BPG,56,-7.98,-0.228,-0.424,-0.33066666666666666
1A3N,2_3_BPG,57,-7.12,-0.21933333333333332,-0.37466666666666665,-0.33066666666666666
1A3N,2_3_BPG,58,-7.7,-0.21933333333333332,-0.4146666666666667,-0.33066666666666666
1A3N,2_3_BPG,59,-7.29,-0.21666666666666667,-0.39,-0.33066666666666666
1A3N,2_3_BPG,60,-8.81,-0.2733333333333333,-0.4326666666666667,-0.33066666666666666
1A3N,2_3_BPG,61,-7.71,-0.3046666666666667,-0.3293333333333333,-0.33066666666666666
1A3N,2_3_BPG,62,-8.06,-0.19266666666666665,-0.464,-0.33066666666666666
1A3N,2_3_BPG,63,-7.69,-0.226,-0.406,-0.33066666666666666
1A3N,2_3_BPG,64,-7.2,-0.19,-0.408,-0.33066666666666666
1A3N,2_3_BPG,65,-7.75,-0.202,-0.434,-0.33066666666666666
1A3N,2_3_BPG,66,-7.84,-0.23399999999999999,-0.408,-0.33066666666666666
1A3N,2_3_BPG,67,-7.2,-0.19733333333333333,-0.404,-0.33066666666666666
1A3N,2_3_BPG,68,-7.52,-0.23133333333333334,-0.38866666666666666,-0.33066666666666666
1A3N,2_3_BPG,69,-7.1,-0.20600000000000002,-0.38666666666666666,-0.33066666666666666
1A3N,2_3_BPG,70,-7.01,-0.20400000000000001,-0.38266666666666665,-0.33066666666666666
1A3N,2_3_BPG,71,-8.36,-0.26,-0.4186666666666667,-0.33066666666666666
1A3N,2_3_BPG,72,-7.49,-0.23133333333333334,-0.38666666666666666,-0.33066666666666666
1A3N,2_3_BPG,73,-7.91,-0.23866666666666667,-0.4086666666666667,-0.33066666666666666
1A3N,2_3_BPG,74,-7.95,-0.25133333333333335,-0.39866666666666667,-0.33066666666666666
1A3N,2_3_BPG,75,-7.96,-0.23733333333333334,-0.41000000000000003,-0.33066666666666666
1A3N,2_3_BPG,76,-7.6,-0.20400000000000001,-0.42133333333333334,-0.33066666666666666
1A3N,2_3_BPG,77,-8.05,-0.17400000000000002,-0.484,-0.33066666666666666
1A3N,2_3_BPG,78,-8.82,-0.33,-0.37533333333333335,-0.33066666666666666
1A3N,2_3_BPG,79,-7.15,-0.22,-0.37733333333333335,-0.33066666666666666
1A3N,2_3_BPG,80,-7.41,-0.22933333333333333,-0.3833333333333333,-0.33066666666666666
1A3N,2_3_BPG,81,-6.99,-0.17466666666666666,-0.4126666666666667,-0.33066666666666666
1A3N,2_3_BPG,82,-7.76,-0.21066666666666667,-0.4266666666666667,-0.33066666666666666
1A3N,2_3_BPG,83,-7.13,-0.21066666666666667,-0.38266666666666665,-0.33066666666666666
1A3N,2_3_BPG,84,-8.86,-0.28733333333333333,-0.42333333333333334,-0.33066666666666666
1A3N,2_3_BPG,85,-7.19,-0.22666666666666666,-0.372,-0.33066666666666666
1A3N,2_3_BPG,86,-7.44,-0.23733333333333334,-0.37866666666666665,-0.33066666666666666
1A3N,2_3_BPG,87,-8.08,-0.188,-0.4706666666666667,-0.33066666666666666
1A3N,2_3_BPG,88,-7.87,-0.23600000000000002,-0.408,-0.33066666666666666
1A3N,2_3_BPG,89,-7.74,-0.21533333333333332,-0.42133333333333334,-0.33066666666666666
1A3N,2_3_BPG,90,-7.97,-0.18933333333333333,-0.46066666666666667,-0.33066666666666666
1A3N,2_3_BPG,91,-7.46,-0.214,-0.4033333333333333,-0.33066666666666666
1A3N,2_3_BPG,92,-7.97,-0.222,-0.42866666666666664,-0.33066666666666666
1A3N,2_3_BPG,93,-7.82,-0.23466666666666666,-0.4066666666666667,-0.33066666666666666
1A3N,2_3_BPG,94,-7.96,-0.17266666666666666,-0.4786666666666667,-0.33066666666666666
1A3N,2_3_BPG,95,-8.65,-0.2966666666666667,-0.3973333333333333,-0.33066666666666666
1A3N,2_3_BPG,96,-8.95,-0.2813333333333333,-0.438,-0.33066666666666666
1A3N,2_3_BPG,97,-7.98,-0.19266666666666668,-0.4573333333333333,-0.33066666666666666
1A3N,2_3_BPG,98,-7.43,-0.22066666666666665,-0.39466666666666667,-0.33066666666666666
1A3N,2_3_BPG,99,-7.83,-0.162,-0.47933333333333333,-0.33066666666666666
1A3N,2_3_BPG,100,-8.02,-0.184,-0.4693333333333333,-0.33066666666666666
1A3N,heme,1,-3.77,-0.13962962962962963,-0.0027777777777777783,-3.7037037037035065e-05
1A3N,heme,2,-3.93,-0.1361111111111111,-0.008703703703703705,-3.7037037037035065e-05
1A3N,heme,3,-7.07,-0.1937037037037037,-0.01,-3.7037037037035065e-05
1A3N,heme,4,-8.88,-0.23277777777777778,-0.003333333333333334,-3.7037037037035065e-05
1A3N,heme,5,-3.89,-0.14092592592592593,-0.0038888888888888896,-3.7037037037035065e-05
1A3N,heme,6,-3.6,-0.13833333333333334,0.00018518518518518547,-3.7037037037035065e-05
1A3N,heme,7,-3.39,-0.13111111111111112,-0.0033333333333333335,-3.7037037037035065e-05
1A3N,heme,8,-4.45,-0.1425925925925926,-0.010925925925925926,-3.7037037037035065e-05
1A3N,heme,9,-4.41,-0.1511111111111111,-0.0018518518518518526,-3.7037037037035065e-05
1A3N,heme,10,-5.71,-0.17444444444444446,-0.0033333333333333335,-3.7037037037035065e-05
1A3N,heme,11,-3.47,-0.1259259259259259,-0.010185185185185184,-3.7037037037035065e-05
1A3N,heme,12,-7.23,-0.20296296296296296,-0.0029629629629629632,-3.7037037037035065e-05
1A3N,heme,13,-7.85,-0.20685185185185184,-0.010555555555555554,-3.7037037037035065e-05
1A3N,heme,14,-6.8,-0.18925925925925927,-0.007777777777777778,-3.7037037037035065e-05
1A3N,heme,15,-5.94,-0.1711111111111111,-0.011666666666666667,-3.7037037037035065e-05
1A3N,heme,16,-3.07,-0.12722222222222224,-0.0005555555555555551,-3.7037037037035065e-05
1A3N,heme,17,-5.59,-0.17148148148148148,-0.0035185185185185185,-3.7037037037035065e-05
1A3N,heme,18,-5.18,-0.15981481481481483,-0.008333333333333335,-3.7037037037035065e-05
1A3N,heme,19,-5.24,-0.15555555555555556,-0.013518518518518518,-3.7037037037035065e-05
1A3N,heme,20,-4.85,-0.15981481481481483,-0.002962962962962963,-3.7037037037035065e-05
1A3N,heme,21,-6.22,-0.17962962962962964,-0.006296296296296296,-3.7037037037035065e-05
1A3N,heme,22,-3.47,-0.135,-0.0005555555555555558,-3.7037037037035065e-05
1A3N,heme,23,-4.56,-0.1448148148148148,-0.011296296296296296,-3.7037037037035065e-05
1A3N,heme,24,-3.52,-0.13092592592592592,-0.0059259259259259265,-3.7037037037035065e-05
1A3N,heme,25,-8.18,-0.20944444444444443,-0.013518518518518518,-3.7037037037035065e-05
1A3N,heme,26,-9.32,-0.2401851851851852,-0.0037037037037037034,-3.7037037037035065e-05
1A3N,heme,27,-4.35,-0.14555555555555555,-0.007407407407407408,-3.7037037037035065e-05
1A3N,heme,28,-8.95,-0.23444444444444446,-0.0038888888888888888,-3.7037037037035065e-05
1A3N,heme,29,-4.64,-0.1524074074074074,-0.004814814814814814,-3.7037037037035065e-05
1A3N,heme,30,-5.48,-0.16296296296296295,-0.01111111111111111,-3.7037037037035065e-05
1A3N,heme,31,-6.8,-0.19444444444444445,-0.002962962962962963,-3.7037037037035065e-05
1A3N,heme,32,-4.82,-0.15944444444444444,-0.002037037037037037,-3.7037037037035065e-05
1A3N,heme,33,-6.46,-0.18425925925925926,-0.005925925925925923,-3.7037037037035065e-05
1A3N,heme,34,-8.27,-0.21851851851851853,-0.006666666666666667,-3.7037037037035065e-05
1A3N,heme,35,-4.56,-0.1487037037037037,-0.008148148148148147,-3.7037037037035065e-05
1A3N,heme,36,-4.44,-0.14666666666666667,-0.006666666666666666,-3.7037037037035065e-05
1A3N,heme,37,-7.24,-0.2075925925925926,0.0014814814814814814,-3.7037037037035065e-05
1A3N,heme,38,-4.87,-0.15981481481481483,-0.0016666666666666668,-3.7037037037035065e-05
1A3N,heme,39,-7.68,-0.20055555555555554,-0.013333333333333332,-3.7037037037035065e-05
1A3N,heme,40,-6.75,-0.19240740740740742,-0.0037037037037037043,-3.7037037037035065e-05
1A3N,heme,41,-4.32,-0.14185185185185184,-0.01,-3.7037037037035065e-05
1A3N,heme,42,-5.52,-0.17037037037037037,-0.0037037037037037043,-3.7037037037035065e-05
1A3N,heme,43,-6.33,-0.17981481481481482,-0.008333333333333335,-3.7037037037035065e-05
1A3N,heme,44,-6.01,-0.16925925925925925,-0.013888888888888886,-3.7037037037035065e-05
1A3N,heme,45,-2.35,-0.11425925925925925,-0.0012962962962962965,-3.7037037037035065e-05
1A3N,heme,46,-4.41,-0.14685185185185184,-0.0077777777777777776,-3.7037037037035065e-05
1A3N,heme,47,-5.64,-0.16092592592592592,-0.015925925925925927,-3.7037037037035065e-05
1A3N,heme,48,-2.31,-0.1087037037037037,-0.00537037037037037,-3.7037037037035065e-05
1A3N,heme,49,-6.52,-0.19240740740740742,0.0003703703703703704,-3.7037037037035065e-05
1A3N,heme,50,-3.91,-0.14092592592592593,-0.003518518518518518,-3.7037037037035065e-05
1A3N,heme,51,-3.35,-0.12981481481481483,-0.003703703703703704,-3.7037037037035065e-05
1A3N,heme,52,-4.82,-0.155,-0.005,-3.7037037037035065e-05
1A3N,heme,53,-4.99,-0.14962962962962964,-0.015555555555555555,-3.7037037037035065e-05
1A3N,heme,54,-7.91,-0.1961111111111111,-0.022777777777777775,-3.7037037037035065e-05
1A3N,heme,55,-8.34,-0.2235185185185185,-0.0016666666666666668,-3.7037037037035065e-05
1A3N,heme,56,-3.12,-0.12703703703703703,-0.002592592592592593,-3.7037037037035065e-05
1A3N,heme,57,-4.05,-0.14074074074074075,-0.006666666666666667,-3.7037037037035065e-05
1A3N,heme,58,-5.38,-0.16574074074074074,-0.006481481481481481,-3.7037037037035065e-05
1A3N,heme,59,-5.75,-0.16444444444444445,-0.013888888888888888,-3.7037037037035065e-05
1A3N,heme,60,-7.52,-0.20092592592592592,-0.010740740740740742,-3.7037037037035065e-05
1A3N,heme,61,-3.47,-0.1348148148148148,-0.0012962962962962963,-3.7037037037035065e-05
1A3N,heme,62,-8.84,-0.22314814814814815,-0.012592592592592591,-3.7037037037035065e-05
1A3N,heme,63,-2.66,-0.11481481481481481,-0.005925925925925925,-3.7037037037035065e-05
1A3N,heme,64,-5.89,-0.16574074074074074,-0.01574074074074074,-3.7037037037035065e-05
1A3N,heme,65,-4.35,-0.14148148148148149,-0.011296296296296297,-3.7037037037035065e-05
1A3N,heme,66,-5.1,-0.16166666666666668,-0.005740740740740741,-3.7037037037035065e-05
1A3N,heme,67,-4.11,-0.14148148148148149,-0.007222222222222223,-3.7037037037035065e-05
1A3N,heme,68,-7.11,-0.18203703703703705,-0.022037037037037036,-3.7037037037035065e-05
1A3N,heme,69,-6.3,-0.18814814814814815,-0.0005555555555555563,-3.7037037037035065e-05
1A3N,heme,70,-3.27,-0.13296296296296298,0.0005555555555555556,-3.7037037037035065e-05
1A3N,heme,71,-4.23,-0.14203703703703704,-0.008333333333333333,-3.7037037037035065e-05
1A3N,heme,72,-9.04,-0.2337037037037037,-0.004814814814814816,-3.7037037037035065e-05
1A3N,heme,73,-6.87,-0.18685185185185185,-0.012222222222222223,-3.7037037037035065e-05
1A3N,heme,74,-8.33,-0.21444444444444444,-0.010185185185185186,-3.7037037037035065e-05
1A3N,heme,75,-5.09,-0.14981481481481482,-0.016296296296296295,-3.7037037037035065e-05
1A3N,heme,76,-3.57,-0.13870370370370372,-5.782411586589357e-19,-3.7037037037035065e-05
1A3N,heme,77,-5.76,-0.1698148148148148,-0.008333333333333333,-3.7037037037035065e-05
1A3N,heme,78,-4.22,-0.13425925925925927,-0.01611111111111111,-3.7037037037035065e-05
1A3N,heme,79,-8.36,-0.2225925925925926,-0.004074074074074075,-3.7037037037035065e-05
1A3N,heme,80,-3.3,-0.1325925925925926,-0.0003703703703703697,-3.7037037037035065e-05
1A3N,heme,81,-2.67,-0.11648148148148148,-0.005555555555555556,-3.7037037037035065e-05
1A3N,heme,82,-3.32,-0.12296296296296297,-0.00962962962962963,-3.7037037037035065e-05
1A3N,heme,83,-5.48,-0.16203703703703703,-0.012222222222222223,-3.7037037037035065e-05
1A3N,heme,84,-3.53,-0.13092592592592592,-0.007037037037037037,-3.7037037037035065e-05
1A3N,heme,85,-6.6,-0.19203703703703703,-0.0024074074074074063,-3.7037037037035065e-05
1A3N,heme,86,-5.1,-0.16481481481481483,-0.0018518518518518524,-3.7037037037035065e-05
1A3N,heme,87,-6.83,-0.19148148148148147,-0.007037037037037037,-3.7037037037035065e-05
1A3N,heme,88,-5.49,-0.1724074074074074,-0.0016666666666666661,-3.7037037037035065e-05
1A3N,heme,89,-5.75,-0.16166666666666668,-0.01574074074074074,-3.7037037037035065e-05
1A3N,heme,90,-5.73,-0.1648148148148148,-0.012777777777777777,-3.7037037037035065e-05
1A3N,heme,91,-7.43,-0.20833333333333334,-0.0016666666666666663,-3.7037037037035065e-05
1A3N,heme,92,-4.66,-0.1514814814814815,-0.007222222222222223,-3.7037037037035065e-05
1A3N,heme,93,-8.57,-0.21851851851851853,-0.011296296296296296,-3.7037037037035065e-05
1A3N,heme,94,-3.38,-0.1375925925925926,0.0042592592592592595,-3.7037037037035065e-05
1A3N,heme,95,-6.65,-0.17444444444444446,-0.01925925925925926,-3.7037037037035065e-05
1A3N,heme,96,-4.44,-0.14444444444444443,-0.009444444444444445,-3.7037037037035065e-05
1A3N,heme,97,-6.61,-0.18296296296296297,-0.01037037037037037,-3.7037037037035065e-05
1A3N,heme,98,-3.44,-0.12666666666666668,-0.009074074074074075,-3.7037037037035065e-05
1A3N,heme,99,-4.91,-0.15851851851851853,-0.004814814814814815,-3.7037037037035065e-05
1A3N,heme,100,-7.85,-0.20351851851851852,-0.014074074074074074,-3.7037037037035065e-05
1A3N,heme_Co,1,-12.46,-0.3047916666666667,-0.03,-0.04170833333333333
1A3N,heme_Co,2,-6.02,-0.13604166666666667,-0.06416666666666666,-0.04170833333333333
1A3N,heme_Co,3,-8.21,-0.19479166666666667,-0.050624999999999996,-0.04170833333333333
1A3N,heme_Co,4,-4.26,-0.10187500000000001,-0.061875,-0.04170833333333333
1A3N,heme_Co,5,-6.34,-0.14958333333333335,-0.05708333333333333,-0.04170833333333333
1A3N,heme_Co,6,-6.07,-0.16395833333333334,-0.03770833333333333,-0.04170833333333333
1A3N,heme_Co,7,-4.85,-0.16708333333333333,-0.008333333333333333,-0.04170833333333333
1A3N,heme_Co,8,-4.93,-0.14875,-0.028958333333333332,-0.04170833333333333
1A3N,heme_Co,9,-6.6,-0.163125,-0.048125,-0.04170833333333333
1A3N,heme_Co,10,-4.82,-0.11208333333333334,-0.061875,-0.04170833333333333
1A3N,heme_Co,11,-5.6,-0.179375,-0.011458333333333333,-0.04170833333333333
1A3N,heme_Co,12,-6.34,-0.14541666666666667,-0.06041666666666667,-0.04170833333333333
1A3N,heme_Co,13,-7.63,-0.1475,-0.08625,-0.04170833333333333
1A3N,heme_Co,14,-5.64,-0.16375,-0.028541666666666663,-0.04170833333333333
1A3N,heme_Co,15,-6.5,-0.16104166666666667,-0.04833333333333333,-0.04170833333333333
1A3N,heme_Co,16,-7.42,-0.15708333333333332,-0.07208333333333333,-0.04170833333333333
1A3N,heme_Co,17,-6.11,-0.16958333333333334,-0.033125,-0.04170833333333333
1A3N,heme_Co,18,-6.35,-0.13625,-0.07062500000000001,-0.04170833333333333
1A3N,heme_Co,19,-8.51,-0.20666666666666667,-0.045625,-0.04170833333333333
1A3N,heme_Co,20,-4.95,-0.18416666666666667,0.007083333333333333,-0.04170833333333333
1A3N,heme_Co,21,-8.32,-0.19354166666666667,-0.05479166666666667,-0.04170833333333333
1A3N,heme_Co,22,-9.16,-0.21895833333333334,-0.04708333333333334,-0.04170833333333333
1A3N,heme_Co,23,-5.93,-0.15020833333333333,-0.04708333333333333,-0.04170833333333333
1A3N,heme_Co,24,-7.03,-0.18375,-0.03625,-0.04170833333333333
1A3N,heme_Co,25,-6.07,-0.16,-0.042083333333333334,-0.04170833333333333
1A3N,heme_Co,26,-6.41,-0.14125000000000001,-0.06604166666666667,-0.04170833333333333
1A3N,heme_Co,27,-5.27,-0.12416666666666668,-0.06104166666666667,-0.04170833333333333
1A3N,heme_Co,28,-6.28,-0.173125,-0.03270833333333333,-0.04170833333333333
1A3N,heme_Co,29,-3.47,-0.12208333333333334,-0.025625000000000002,-0.04170833333333333
1A3N,heme_Co,30,-5.58,-0.13229166666666667,-0.058125,-0.04170833333333333
1A3N,heme_Co,31,-6.8,-0.15479166666666666,-0.06083333333333333,-0.04170833333333333
1A3N,heme_Co,32,-13.89,-0.3179166666666667,-0.04708333333333333,-0.04170833333333333
1A3N,heme_Co,33,-6.68,-0.14791666666666667,-0.06479166666666666,-0.04170833333333333
1A3N,heme_Co,34,-6.7,-0.20270833333333332,-0.012083333333333333,-0.04170833333333333
1A3N,heme_Co,35,-14.28,-0.3310416666666667,-0.041041666666666664,-0.04170833333333333
1A3N,heme_Co,36,-7.08,-0.16895833333333332,-0.051875,-0.04170833333333333
1A3N,heme_Co,37,-7.23,-0.17625,-0.04895833333333333,-0.04170833333333333
1A3N,heme_Co,38,-6.52,-0.12875,-0.08125,-0.04170833333333333
1A3N,heme_Co,39,-5.23,-0.14375,-0.03916666666666667,-0.04170833333333333
1A3N,heme_Co,40,-13.56,-0.31895833333333334,-0.0375,-0.04170833333333333
1A3N,heme_Co,41,-6.36,-0.17145833333333332,-0.035416666666666666,-0.04170833333333333
1A3N,heme_Co,42,-7.33,-0.19041666666666668,-0.036875000000000005,-0.04170833333333333
1A3N,heme_Co,43,-7.51,-0.17833333333333334,-0.05354166666666667,-0.04170833333333333
1A3N,heme_Co,44,-8.28,-0.18229166666666666,-0.064375,-0.04170833333333333
1A3N,heme_Co,45,-8.19,-0.17229166666666668,-0.07291666666666667,-0.04170833333333333
1A3N,heme_Co,46,-7.97,-0.166875,-0.07458333333333333,-0.04170833333333333
1A3N,heme_Co,47,-7.57,-0.196875,-0.036250000000000004,-0.04170833333333333
1A3N,heme_Co,48,-6.24,-0.15416666666666667,-0.049791666666666665,-0.04170833333333333
1A3N,heme_Co,49,-8.21,-0.185625,-0.058958333333333335,-0.04170833333333333
1A3N,heme_Co,50,-7.26,-0.14958333333333335,-0.07583333333333334,-0.04170833333333333
1A3N,heme_Co,51,-9.48,-0.21666666666666667,-0.05479166666666666,-0.04170833333333333
1A3N,heme_Co,52,-6.0,-0.15625,-0.04395833333333333,-0.04170833333333333
1A3N,heme_Co,53,-13.45,-0.31333333333333335,-0.042708333333333334,-0.04170833333333333
1A3N,heme_Co,54,-6.26,-0.163125,-0.041666666666666664,-0.04170833333333333
1A3N,heme_Co,55,-7.01,-0.19770833333333335,-0.022916666666666665,-0.04170833333333333
1A3N,heme_Co,56,-5.06,-0.150625,-0.029791666666666668,-0.04170833333333333
1A3N,heme_Co,57,-14.14,-0.32458333333333333,-0.043541666666666666,-0.04170833333333333
1A3N,heme_Co,58,-6.69,-0.16166666666666668,-0.051666666666666666,-0.04170833333333333
1A3N,heme_Co,59,-6.88,-0.19145833333333334,-0.026458333333333334,-0.04170833333333333
1A3N,heme_Co,60,-7.18,-0.18708333333333332,-0.03625,-0.04170833333333333
1A3N,heme_Co,61,-6.33,-0.15958333333333333,-0.04729166666666667,-0.04170833333333333
1A3N,heme_Co,62,-5.95,-0.13375,-0.06479166666666666,-0.04170833333333333
1A3N,heme_Co,63,-7.31,-0.17583333333333334,-0.050625,-0.04170833333333333
1A3N,heme_Co,64,-6.51,-0.15375,-0.057291666666666664,-0.04170833333333333
1A3N,heme_Co,65,-8.05,-0.19208333333333333,-0.050416666666666665,-0.04170833333333333
1A3N,heme_Co,66,-6.7,-0.17020833333333332,-0.04395833333333333,-0.04170833333333333
1A3N,heme_Co,67,-7.97,-0.19104166666666667,-0.049791666666666665,-0.04170833333333333
1A3N,heme_Co,68,-5.46,-0.14333333333333334,-0.045625,-0.04170833333333333
1A3N,heme_Co,69,-8.23,-0.171875,-0.07416666666666667,-0.04170833333333333
1A3N,heme_Co,70,-4.65,-0.12729166666666666,-0.043958333333333335,-0.04170833333333333
1A3N,heme_Co,71,-7.92,-0.18479166666666666,-0.05541666666666666,-0.04170833333333333
1A3N,heme_Co,72,-6.76,-0.16145833333333334,-0.05479166666666667,-0.04170833333333333
1A3N,heme_Co,73,-6.2,-0.19458333333333333,-0.00875,-0.04170833333333333
1A3N,heme_Co,74,-8.97,-0.18291666666666667,-0.07875,-0.04170833333333333
1A3N,heme_Co,75,-6.06,-0.18333333333333335,-0.016874999999999998,-0.04170833333333333
1A3N,heme_Co,76,-7.06,-0.18395833333333333,-0.03770833333333334,-0.04170833333333333
1A3N,heme_Co,77,-6.63,-0.1675,-0.04645833333333333,-0.04170833333333333
1A3N,heme_Co,78,-7.81,-0.19333333333333333,-0.043541666666666666,-0.04170833333333333
1A3N,heme_Co,79,-7.13,-0.16458333333333333,-0.058124999999999996,-0.04170833333333333
1A3N,heme_Co,80,-6.5,-0.195625,-0.014166666666666666,-0.04170833333333333
1A3N,heme_Co,81,-5.33,-0.14395833333333333,-0.041249999999999995,-0.04170833333333333
1A3N,heme_Co,82,-6.83,-0.185625,-0.03125,-0.04170833333333333
1A3N,heme_Co,83,-7.36,-0.175625,-0.05229166666666667,-0.04170833333333333
1A3N,heme_Co,84,-8.51,-0.18958333333333333,-0.06229166666666666,-0.04170833333333333
1A3N,heme_Co,85,-6.3,-0.124375,-0.08229166666666667,-0.04170833333333333
1A3N,heme_Co,86,-5.74,-0.175625,-0.02,-0.04170833333333333
1A3N,heme_Co,87,-6.18,-0.184375,-0.018958333333333334,-0.04170833333333333
1A3N,heme_Co,88,-6.64,-0.17020833333333332,-0.042499999999999996,-0.04170833333333333
1A3N,heme_Co,89,-6.08,-0.154375,-0.04604166666666667,-0.04170833333333333
1A3N,heme_Co,90,-6.67,-0.16770833333333335,-0.045625,-0.04170833333333333
1A3N,heme_Co,91,-3.31,-0.138125,-0.004791666666666666,-0.04170833333333333
1A3N,heme_Co,92,-8.0,-0.19333333333333333,-0.04791666666666666,-0.04170833333333333
1A3N,heme_Co,93,-5.04,-0.15166666666666667,-0.028125,-0.04170833333333333
1A3N,heme_Co,94,-7.05,-0.16854166666666667,-0.0525,-0.04170833333333333
1A3N,heme_Co,95,-8.89,-0.199375,-0.06166666666666666,-0.04170833333333333
1A3N,heme_Co,96,-6.25,-0.13166666666666665,-0.07375,-0.04170833333333333
1A3N,heme_Co,97,-8.01,-0.190625,-0.051041666666666666,-0.04170833333333333
1A3N,heme_Co,98,-6.84,-0.14458333333333334,-0.0725,-0.04170833333333333
1A3N,heme_Co,99,-8.44,-0.185625,-0.06583333333333333,-0.04170833333333333
1A3N,heme_Co,100,-4.74,-0.13729166666666667,-0.036041666666666666,-0.04170833333333333
1A3N,heme_Fe,1,-12.98,-0.3051111111111111,-0.05,-0.04448888888888889
1A3N,heme_Fe,2,-11.97,-0.30133333333333334,-0.030444444444444448,-0.04448888888888889
1A3N,heme_Fe,3,-13.41,-0.31666666666666665,-0.04822222222222222,-0.04448888888888889
1A3N,heme_Fe,4,-13.78,-0.3128888888888889,-0.059555555555555556,-0.04448888888888889
1A3N,heme_Fe,5,-8.83,-0.24177777777777779,-0.020666666666666667,-0.04448888888888889
1A3N,heme_Fe,6,-13.84,-0.31377777777777777,-0.06066666666666667,-0.04448888888888889
1A3N,heme_Fe,7,-12.35,-0.29355555555555557,-0.04666666666666667,-0.04448888888888889
1A3N,heme_Fe,8,-13.08,-0.3,-0.05711111111111111,-0.04448888888888889
1A3N,heme_Fe,9,-5.52,-0.12155555555555556,-0.06777777777777777,-0.04448888888888889
1A3N,heme_Fe,10,-13.77,-0.30622222222222223,-0.06577777777777778,-0.04448888888888889
1A3N,heme_Fe,11,-13.96,-0.302,-0.07377777777777778,-0.04448888888888889
1A3N,heme_Fe,12,-8.43,-0.206,-0.04666666666666667,-0.04448888888888889
1A3N,heme_Fe,13,-13.31,-0.3164444444444445,-0.046,-0.04448888888888889
1A3N,heme_Fe,14,-13.36,-0.31,-0.05355555555555555,-0.04448888888888889
1A3N,heme_Fe,15,-12.91,-0.286,-0.06822222222222223,-0.04448888888888889
1A3N,heme_Fe,16,-13.37,-0.3191111111111111,-0.04377777777777778,-0.04448888888888889
1A3N,heme_Fe,17,-13.21,-0.3068888888888889,-0.05333333333333333,-0.04448888888888889
1A3N,heme_Fe,18,-8.77,-0.18933333333333333,-0.07111111111111111,-0.04448888888888889
1A3N,heme_Fe,19,-10.86,-0.26911111111111113,-0.03666666666666667,-0.04448888888888889
1A3N,heme_Fe,20,-13.13,-0.2951111111111111,-0.06244444444444445,-0.04448888888888889
1A3N,heme_Fe,21,-13.14,-0.30244444444444446,-0.05577777777777777,-0.04448888888888889
1A3N,heme_Fe,22,-13.39,-0.31066666666666665,-0.05355555555555556,-0.04448888888888889
1A3N,heme_Fe,23,-13.25,-0.31266666666666665,-0.04822222222222222,-0.04448888888888889
1A3N,heme_Fe,24,-12.48,-0.2917777777777778,-0.051333333333333335,-0.04448888888888889
1A3N,heme_Fe,25,-10.71,-0.26311111111111113,-0.04044444444444444,-0.04448888888888889
1A3N,heme_Fe,26,-13.23,-0.31955555555555554,-0.04044444444444444,-0.04448888888888889
1A3N,heme_Fe,27,-12.87,-0.3046666666666667,-0.048,-0.04448888888888889
1A3N,heme_Fe,28,-10.13,-0.25177777777777777,-0.04022222222222222,-0.04448888888888889
1A3N,heme_Fe,29,-13.22,-0.2971111111111111,-0.06244444444444444,-0.04448888888888889
1A3N,heme_Fe,30,-13.67,-0.30244444444444446,-0.06711111111111111,-0.04448888888888889
1A3N,heme_Fe,31,-5.97,-0.1451111111111111,-0.05422222222222223,-0.04448888888888889
1A3N,heme_Fe,32,-13.4,-0.31733333333333336,-0.04688888888888889,-0.04448888888888889
1A3N,heme_Fe,33,-13.13,-0.3022222222222222,-0.05577777777777777,-0.04448888888888889
1A3N,heme_Fe,34,-13.48,-0.3191111111111111,-0.04577777777777778,-0.04448888888888889
1A3N,heme_Fe,35,-14.05,-0.31155555555555553,-0.06733333333333333,-0.04448888888888889
1A3N,heme_Fe,36,-11.95,-0.2833333333333333,-0.04911111111111111,-0.04448888888888889
1A3N,heme_Fe,37,-13.69,-0.2966666666666667,-0.07444444444444444,-0.04448888888888889
1A3N,heme_Fe,38,-12.79,-0.294,-0.05711111111111111,-0.04448888888888889
1A3N,heme_Fe,39,-10.89,-0.2722222222222222,-0.03622222222222222,-0.04448888888888889
1A3N,heme_Fe,40,-13.68,-0.3091111111111111,-0.062,-0.04448888888888889
1A3N,heme_Fe,41,-13.18,-0.30622222222222223,-0.05311111111111111,-0.04448888888888889
1A3N,heme_Fe,42,-11.77,-0.28644444444444445,-0.04111111111111111,-0.04448888888888889
1A3N,heme_Fe,43,-13.74,-0.30644444444444446,-0.0651111111111111,-0.04448888888888889
1A3N,heme_Fe,44,-14.46,-0.31577777777777777,-0.07244444444444445,-0.04448888888888889
1A3N,heme_Fe,45,-7.41,-0.15755555555555556,-0.07377777777777778,-0.04448888888888889
1A3N,heme_Fe,46,-13.1,-0.31777777777777777,-0.03866666666666666,-0.04448888888888889
1A3N,heme_Fe,47,-13.48,-0.3277777777777778,-0.03911111111111111,-0.04448888888888889
1A3N,heme_Fe,48,-13.28,-0.3148888888888889,-0.046,-0.04448888888888889
1A3N,heme_Fe,49,-13.03,-0.2902222222222222,-0.06644444444444444,-0.04448888888888889
1A3N,heme_Fe,50,-10.39,-0.2722222222222222,-0.026222222222222223,-0.04448888888888889
1A3N,heme_Fe,51,-12.0,-0.29844444444444446,-0.03422222222222222,-0.04448888888888889
1A3N,heme_Fe,52,-12.12,-0.332,-0.0037777777777777775,-0.04448888888888889
1A3N,heme_Fe,53,-12.98,-0.30177777777777776,-0.05333333333333333,-0.04448888888888889
1A3N,heme_Fe,54,-13.73,-0.31577777777777777,-0.056,-0.04448888888888889
1A3N,heme_Fe,55,-13.42,-0.30644444444444446,-0.05777777777777778,-0.04448888888888889
1A3N,heme_Fe,56,-6.76,-0.1408888888888889,-0.07622222222222222,-0.04448888888888889
1A3N,heme_Fe,57,-7.19,-0.14266666666666666,-0.08355555555555555,-0.04448888888888889
1A3N,heme_Fe,58,-12.75,-0.31355555555555553,-0.035333333333333335,-0.04448888888888889
1A3N,heme_Fe,59,-12.34,-0.27644444444444444,-0.06377777777777778,-0.04448888888888889
1A3N,heme_Fe,60,-11.77,-0.31333333333333335,-0.014666666666666666,-0.04448888888888889
1A3N,heme_Fe,61,-13.67,-0.3008888888888889,-0.07044444444444445,-0.04448888888888889
1A3N,heme_Fe,62,-12.71,-0.2931111111111111,-0.056,-0.04448888888888889
1A3N,heme_Fe,63,-12.12,-0.3015555555555556,-0.03377777777777778,-0.04448888888888889
1A3N,heme_Fe,64,-13.21,-0.31022222222222223,-0.049777777777777775,-0.04448888888888889
1A3N,heme_Fe,65,-12.33,-0.276,-0.06422222222222222,-0.04448888888888889
1A3N,heme_Fe,66,-14.77,-0.316,-0.07844444444444444,-0.04448888888888889
1A3N,heme_Fe,67,-11.56,-0.2806666666666667,-0.043555555555555556,-0.04448888888888889
1A3N,heme_Fe,68,-12.88,-0.30644444444444446,-0.04711111111111111,-0.04448888888888889
1A3N,heme_Fe,69,-13.34,-0.31866666666666665,-0.04422222222222222,-0.04448888888888889
1A3N,heme_Fe,70,-12.55,-0.31622222222222224,-0.02888888888888889,-0.04448888888888889
1A3N,heme_Fe,71,-13.71,-0.31355555555555553,-0.058444444444444445,-0.04448888888888889
1A3N,heme_Fe,72,-8.95,-0.21933333333333332,-0.04666666666666666,-0.04448888888888889
1A3N,heme_Fe,73,-12.61,-0.3048888888888889,-0.042666666666666665,-0.04448888888888889
1A3N,heme_Fe,74,-6.93,-0.15822222222222224,-0.06133333333333333,-0.04448888888888889
1A3N,heme_Fe,75,-13.36,-0.3211111111111111,-0.041555555555555554,-0.04448888888888889
1A3N,heme_Fe,76,-10.77,-0.3042222222222222,-0.0013333333333333333,-0.04448888888888889
1A3N,heme_Fe,77,-12.99,-0.30955555555555553,-0.04555555555555556,-0.04448888888888889
1A3N,heme_Fe,78,-13.1,-0.2902222222222222,-0.06711111111111111,-0.04448888888888889
1A3N,heme_Fe,79,-12.22,-0.29977777777777775,-0.03777777777777778,-0.04448888888888889
1A3N,heme_Fe,80,-12.21,-0.3377777777777778,0.00022222222222222226,-0.04448888888888889
1A3N,heme_Fe,81,-14.35,-0.3168888888888889,-0.06888888888888889,-0.04448888888888889
1A3N,heme_Fe,82,-12.85,-0.29288888888888887,-0.05888888888888889,-0.04448888888888889
1A3N,heme_Fe,83,-13.37,-0.30844444444444447,-0.05533333333333333,-0.04448888888888889
1A3N,heme_Fe,84,-13.2,-0.2926666666666667,-0.06844444444444445,-0.04448888888888889
1A3N,heme_Fe,85,-12.9,-0.3035555555555556,-0.04977777777777778,-0.04448888888888889
1A3N,heme_Fe,86,-13.25,-0.29288888888888887,-0.06755555555555556,-0.04448888888888889
1A3N,heme_Fe,87,-13.54,-0.30444444444444446,-0.06377777777777778,-0.04448888888888889
1A3N,heme_Fe,88,-12.64,-0.3104444444444444,-0.035777777777777776,-0.04448888888888889
1A3N,heme_Fe,89,-13.39,-0.314,-0.048666666666666664,-0.04448888888888889
1A3N,heme_Fe,90,-13.2,-0.30822222222222223,-0.050888888888888886,-0.04448888888888889
1A3N,heme_Fe,91,-13.16,-0.298,-0.06155555555555556,-0.04448888888888889
1A3N,heme_Fe,92,-12.68,-0.3008888888888889,-0.04755555555555555,-0.04448888888888889
1A3N,heme_Fe,93,-13.43,-0.3008888888888889,-0.06377777777777778,-0.04448888888888889
1A3N,heme_Fe,94,-13.58,-0.3011111111111111,-0.06644444444444444,-0.04448888888888889
1A3N,heme_Fe,95,-13.04,-0.30533333333333335,-0.05111111111111111,-0.04448888888888889
1A3N,heme_Fe,96,-13.81,-0.30777777777777776,-0.06577777777777778,-0.04448888888888889
1A3N,heme_Fe,97,-12.99,-0.31733333333333336,-0.03711111111111111,-0.04448888888888889
1A3N,heme_Fe,98,-13.75,-0.31266666666666665,-0.059555555555555556,-0.04448888888888889
1A3N,heme_Fe,99,-13.76,-0.32066666666666666,-0.051333333333333335,-0.04448888888888889
1A3N,heme_Fe,100,-13.18,-0.31333333333333335,-0.04622222222222223,-0.04448888888888889
1A3N,heme_O2,1,-8.63,-0.24127659574468086,-0.00574468085106383,-0.04259574468085106
1A3N,heme_O2,2,-15.18,-0.3451063829787234,-0.041063829787234045,-0.04259574468085106
1A3N,heme_O2,3,-15.07,-0.3425531914893617,-0.04148936170212766,-0.04259574468085106
1A3N,heme_O2,4,-13.38,-0.3127659574468085,-0.03595744680851064,-0.04259574468085106
1A3N,heme_O2,5,-14.56,-0.33085106382978724,-0.04297872340425532,-0.04259574468085106
1A3N,heme_O2,6,-15.1,-0.3363829787234043,-0.04893617021276595,-0.04259574468085106
1A3N,heme_O2,7,-15.31,-0.3325531914893617,-0.05638297872340425,-0.04259574468085106
1A3N,heme_O2,8,-14.76,-0.3323404255319149,-0.04553191489361702,-0.04259574468085106
1A3N,heme_O2,9,-15.39,-0.3434042553191489,-0.04765957446808511,-0.04259574468085106
1A3N,heme_O2,10,-12.76,-0.2776595744680851,-0.05765957446808511,-0.04259574468085106
1A3N,heme_O2,11,-14.8,-0.3342553191489362,-0.044042553191489364,-0.04259574468085106
1A3N,heme_O2,12,-13.04,-0.30446808510638296,-0.036808510638297876,-0.04259574468085106
1A3N,heme_O2,13,-14.43,-0.3225531914893617,-0.047872340425531915,-0.04259574468085106
1A3N,heme_O2,14,-9.16,-0.24106382978723404,-0.017659574468085106,-0.04259574468085106
1A3N,heme_O2,15,-12.88,-0.30829787234042555,-0.03,-0.04259574468085106
1A3N,heme_O2,16,-12.69,-0.3051063829787234,-0.027446808510638295,-0.04259574468085106
1A3N,heme_O2,17,-14.45,-0.33,-0.04127659574468085,-0.04259574468085106
1A3N,heme_O2,18,-15.23,-0.344468085106383,-0.043191489361702126,-0.04259574468085106
1A3N,heme_O2,19,-14.76,-0.3353191489361702,-0.04297872340425532,-0.04259574468085106
1A3N,heme_O2,20,-14.56,-0.32893617021276594,-0.044468085106382976,-0.04259574468085106
1A3N,heme_O2,21,-14.64,-0.3393617021276596,-0.035106382978723406,-0.04259574468085106
1A3N,heme_O2,22,-10.77,-0.24212765957446808,-0.049999999999999996,-0.04259574468085106
1A3N,heme_O2,23,-10.38,-0.25063829787234043,-0.03361702127659574,-0.04259574468085106
1A3N,heme_O2,24,-8.43,-0.19872340425531915,-0.04468085106382979,-0.04259574468085106
1A3N,heme_O2,25,-15.46,-0.33914893617021274,-0.05404255319148936,-0.04259574468085106
1A3N,heme_O2,26,-12.94,-0.2772340425531915,-0.06191489361702127,-0.04259574468085106
1A3N,heme_O2,27,-15.37,-0.3382978723404255,-0.052127659574468084,-0.04259574468085106
1A3N,heme_O2,28,-10.88,-0.26276595744680853,-0.031276595744680856,-0.04259574468085106
1A3N,heme_O2,29,-15.12,-0.33382978723404255,-0.05148936170212766,-0.04259574468085106
1A3N,heme_O2,30,-14.47,-0.33893617021276595,-0.03191489361702128,-0.04259574468085106
1A3N,heme_O2,31,-13.49,-0.3129787234042553,-0.03787234042553192,-0.04259574468085106
1A3N,heme_O2,32,-10.16,-0.2423404255319149,-0.037446808510638294,-0.04259574468085106
1A3N,heme_O2,33,-13.25,-0.3072340425531915,-0.03829787234042553,-0.04259574468085106
1A3N,heme_O2,34,-10.24,-0.2508510638297872,-0.029787234042553193,-0.04259574468085106
1A3N,heme_O2,35,-10.88,-0.24617021276595744,-0.04936170212765957,-0.04259574468085106
1A3N,heme_O2,36,-14.09,-0.32340425531914896,-0.04042553191489362,-0.04259574468085106
1A3N,heme_O2,37,-12.54,-0.2691489361702128,-0.0625531914893617,-0.04259574468085106
1A3N,heme_O2,38,-10.59,-0.2472340425531915,-0.04127659574468085,-0.04259574468085106
1A3N,heme_O2,39,-10.89,-0.25680851063829785,-0.03765957446808511,-0.04259574468085106
1A3N,heme_O2,40,-10.73,-0.25851063829787235,-0.03340425531914894,-0.04259574468085106
1A3N,heme_O2,41,-14.34,-0.3291489361702128,-0.03957446808510638,-0.04259574468085106
1A3N,heme_O2,42,-12.16,-0.2774468085106383,-0.044893617021276595,-0.04259574468085106
1A3N,heme_O2,43,-13.1,-0.2793617021276596,-0.06297872340425531,-0.04259574468085106
1A3N,heme_O2,44,-15.66,-0.3517021276595745,-0.0451063829787234,-0.04259574468085106
1A3N,heme_O2,45,-12.84,-0.27404255319148935,-0.06319148936170213,-0.04259574468085106
1A3N,heme_O2,46,-14.22,-0.3272340425531915,-0.03872340425531915,-0.04259574468085106
1A3N,heme_O2,47,-15.03,-0.33680851063829786,-0.04680851063829787,-0.04259574468085106
1A3N,heme_O2,48,-14.23,-0.32978723404255317,-0.03595744680851064,-0.04259574468085106
1A3N,heme_O2,49,-14.41,-0.3342553191489362,-0.036382978723404256,-0.04259574468085106
1A3N,heme_O2,50,-10.62,-0.2548936170212766,-0.03404255319148936,-0.04259574468085106
1A3N,heme_O2,51,-10.23,-0.26170212765957446,-0.019148936170212766,-0.04259574468085106
1A3N,heme_O2,52,-15.02,-0.34574468085106386,-0.03765957446808511,-0.04259574468085106
1A3N,heme_O2,53,-14.55,-0.33617021276595743,-0.03723404255319149,-0.04259574468085106
1A3N,heme_O2,54,-14.51,-0.33595744680851064,-0.03787234042553192,-0.04259574468085106
1A3N,heme_O2,55,-12.14,-0.2782978723404255,-0.04340425531914893,-0.04259574468085106
1A3N,heme_O2,56,-15.06,-0.3363829787234043,-0.04702127659574468,-0.04259574468085106
1A3N,heme_O2,57,-9.93,-0.26382978723404255,-0.010638297872340425,-0.04259574468085106
1A3N,heme_O2,58,-15.79,-0.3527659574468085,-0.04680851063829787,-0.04259574468085106
1A3N,heme_O2,59,-9.67,-0.2204255319148936,-0.04893617021276596,-0.04259574468085106
1A3N,heme_O2,60,-11.76,-0.27893617021276595,-0.03553191489361702,-0.04259574468085106
1A3N,heme_O2,61,-15.51,-0.3485106382978723,-0.04553191489361702,-0.04259574468085106
1A3N,heme_O2,62,-13.44,-0.30957446808510636,-0.039787234042553195,-0.04259574468085106
1A3N,heme_O2,63,-14.5,-0.33063829787234045,-0.04148936170212766,-0.04259574468085106
1A3N,heme_O2,64,-12.85,-0.27404255319148935,-0.06382978723404255,-0.04259574468085106
1A3N,heme_O2,65,-10.16,-0.25042553191489364,-0.02893617021276596,-0.04259574468085106
1A3N,heme_O2,66,-15.03,-0.34893617021276596,-0.03319148936170213,-0.04259574468085106
1A3N,heme_O2,67,-13.92,-0.3253191489361702,-0.03425531914893617,-0.04259574468085106
1A3N,heme_O2,68,-11.93,-0.29382978723404257,-0.02276595744680851,-0.04259574468085106
1A3N,heme_O2,69,-7.45,-0.17808510638297873,-0.044468085106382976,-0.04259574468085106
1A3N,heme_O2,70,-13.01,-0.27893617021276595,-0.06191489361702127,-0.04259574468085106
1A3N,heme_O2,71,-14.36,-0.33872340425531916,-0.03148936170212766,-0.04259574468085106
1A3N,heme_O2,72,-12.69,-0.27851063829787237,-0.05574468085106383,-0.04259574468085106
1A3N,heme_O2,73,-15.11,-0.34382978723404256,-0.042340425531914895,-0.04259574468085106
1A3N,heme_O2,74,-10.52,-0.24829787234042552,-0.03893617021276596,-0.04259574468085106
1A3N,heme_O2,75,-14.7,-0.3372340425531915,-0.04,-0.04259574468085106
1A3N,heme_O2,76,-14.97,-0.334468085106383,-0.047872340425531915,-0.04259574468085106
1A3N,heme_O2,77,-11.83,-0.28191489361702127,-0.03340425531914894,-0.04259574468085106
1A3N,heme_O2,78,-14.78,-0.33170212765957446,-0.046595744680851064,-0.04259574468085106
1A3N,heme_O2,79,-13.04,-0.2793617021276596,-0.06170212765957447,-0.04259574468085106
1A3N,heme_O2,80,-12.76,-0.31148936170212765,-0.0225531914893617,-0.04259574468085106
1A3N,heme_O2,81,-13.8,-0.3193617021276596,-0.03702127659574468,-0.04259574468085106
1A3N,heme_O2,82,-15.78,-0.3495744680851064,-0.04936170212765958,-0.04259574468085106
1A3N,heme_O2,83,-10.75,-0.24808510638297873,-0.04425531914893617,-0.04259574468085106
1A3N,heme_O2,84,-15.06,-0.33595744680851064,-0.049148936170212765,-0.04259574468085106
1A3N,heme_O2,85,-10.33,-0.25765957446808513,-0.025319148936170214,-0.04259574468085106
1A3N,heme_O2,86,-11.98,-0.26148936170212767,-0.05638297872340425,-0.04259574468085106
1A3N,heme_O2,87,-15.54,-0.35723404255319147,-0.03574468085106383,-0.04259574468085106
1A3N,heme_O2,88,-10.86,-0.25127659574468086,-0.04425531914893617,-0.04259574468085106
1A3N,heme_O2,89,-12.97,-0.30872340425531913,-0.030425531914893614,-0.04259574468085106
1A3N,heme_O2,90,-9.74,-0.22127659574468087,-0.04893617021276596,-0.04259574468085106
1A3N,heme_O2,91,-14.35,-0.33148936170212767,-0.03893617021276596,-0.04259574468085106
1A3N,heme_O2,92,-12.24,-0.2746808510638298,-0.0497872340425532,-0.04259574468085106
1A3N,heme_O2,93,-10.75,-0.2629787234042553,-0.028936170212765955,-0.04259574468085106
1A3N,heme_O2,94,-15.94,-0.36425531914893616,-0.03829787234042553,-0.04259574468085106
1A3N,heme_O2,95,-12.88,-0.298936170212766,-0.03808510638297872,-0.04259574468085106
1A3N,heme_O2,96,-6.48,-0.14957446808510638,-0.05106382978723404,-0.04259574468085106
1A3N,heme_O2,97,-10.53,-0.24978723404255318,-0.03893617021276596,-0.04259574468085106
1A3N,heme_O2,98,-15.07,-0.33914893617021274,-0.04468085106382979,-0.04259574468085106
1A3N,heme_O2,99,-12.59,-0.2742553191489362,-0.0574468085106383,-0.04259574468085106
1A3N,heme_O2,100,-12.17,-0.2753191489361702,-0.04723404255319149,-0.04259574468085106
1A3N,IHP,1,,-0.09145833333333334,-0.0056250000000000015,-0.00012500000000000358
1A3N,IHP,2,,-0.063125,-0.006041666666666666,-0.00012500000000000358
1A3N,IHP,3,,-0.1075,-0.0037500000000000007,-0.00012500000000000358
1A3N,IHP,4,,-0.06770833333333333,-0.00020833333333333308,-0.00012500000000000358
1A3N,IHP,5,,-0.08,-0.012916666666666667,-0.00012500000000000358
1A3N,IHP,6,,-0.071875,-0.0043749999999999995,-0.00012500000000000358
1A3N,IHP,7,,-0.09916666666666667,-0.0004166666666666668,-0.00012500000000000358
1A3N,IHP,8,,-0.090625,-0.010416666666666666,-0.00012500000000000358
1A3N,IHP,9,,-0.09291666666666666,-0.0037499999999999994,-0.00012500000000000358
1A3N,IHP,10,,-0.12291666666666667,-0.0075,-0.00012500000000000358
1A3N,IHP,11,,-0.036458333333333336,-0.009583333333333333,-0.00012500000000000358
1A3N,IHP,12,,-0.11666666666666667,-0.004791666666666667,-0.00012500000000000358
1A3N,IHP,13,,-0.04791666666666667,-0.0010416666666666669,-0.00012500000000000358
1A3N,IHP,14,,-0.08604166666666667,-0.0025,-0.00012500000000000358
1A3N,IHP,15,,-0.05458333333333333,-0.016458333333333332,-0.00012500000000000358
1A3N,IHP,16,,-0.08604166666666667,-0.008541666666666666,-0.00012500000000000358
1A3N,IHP,17,,-0.05375,-0.0033333333333333335,-0.00012500000000000358
1A3N,IHP,18,,-0.07604166666666666,-0.006458333333333334,-0.00012500000000000358
1A3N,IHP,19,,-0.07625,-0.0045833333333333325,-0.00012500000000000358
1A3N,IHP,20,,-0.05458333333333333,-0.012291666666666666,-0.00012500000000000358
1A3N,IHP,21,,-0.033541666666666664,-0.0020833333333333333,-0.00012500000000000358
1A3N,IHP,22,,-0.07208333333333333,-0.004375,-0.00012500000000000358
1A3N,IHP,23,,-0.07583333333333334,0.0006250000000000004,-0.00012500000000000358
1A3N,IHP,24,,-0.06479166666666666,-0.006666666666666666,-0.00012500000000000358
1A3N,IHP,25,,-0.10354166666666667,-0.006458333333333334,-0.00012500000000000358
1A3N,IHP,26,,-0.07229166666666667,-0.0018749999999999986,-0.00012500000000000358
1A3N,IHP,27,,-0.09541666666666666,0.00020833333333333324,-0.00012500000000000358
1A3N,IHP,28,,-0.09,-0.005,-0.00012500000000000358
1A3N,IHP,29,,-0.08041666666666666,-0.007291666666666668,-0.00012500000000000358
1A3N,IHP,30,,-0.057708333333333334,-0.015,-0.00012500000000000358
1A3N,IHP,31,,-0.06729166666666667,-0.010416666666666668,-0.00012500000000000358
1A3N,IHP,32,,-0.09291666666666666,-0.004999999999999999,-0.00012500000000000358
1A3N,IHP,33,,-0.06375,0.0012499999999999987,-0.00012500000000000358
1A3N,IHP,34,,-0.08291666666666667,-0.014166666666666668,-0.00012500000000000358
1A3N,IHP,35,,-0.06104166666666667,0.00020833333333333348,-0.00012500000000000358
1A3N,IHP,36,,-0.0775,-0.0075,-0.00012500000000000358
1A3N,IHP,37,,-0.08020833333333334,-0.0025,-0.00012500000000000358
1A3N,IHP,38,,-0.095625,-0.007916666666666667,-0.00012500000000000358
1A3N,IHP,39,,-0.114375,-0.005,-0.00012500000000000358
1A3N,IHP,40,,-0.095625,-0.003958333333333334,-0.00012500000000000358
1A3N,IHP,41,,-0.0375,-0.007083333333333334,-0.00012500000000000358
1A3N,IHP,42,,-0.08416666666666667,-0.010416666666666666,-0.00012500000000000358
1A3N,IHP,43,,-0.11979166666666667,-0.005208333333333334,-0.00012500000000000358
1A3N,IHP,44,,-0.07145833333333333,-0.0062499999999999995,-0.00012500000000000358
1A3N,IHP,45,,-0.09083333333333334,-0.0037500000000000003,-0.00012500000000000358
1A3N,IHP,46,,-0.098125,-0.0031249999999999997,-0.00012500000000000358
1A3N,IHP,47,,-0.05229166666666667,-0.0020833333333333337,-0.00012500000000000358
1A3N,IHP,48,,-0.09833333333333334,-0.007083333333333334,-0.00012500000000000358
1A3N,IHP,49,,-0.051875,-0.0012500000000000005,-0.00012500000000000358
1A3N,IHP,50,,-0.057916666666666665,-0.00125,-0.00012500000000000358
1A3N,IHP,51,,-0.10270833333333333,-0.0062499999999999995,-0.00012500000000000358
1A3N,IHP,52,,-0.13645833333333332,-0.010208333333333335,-0.00012500000000000358
1A3N,IHP,53,,-0.09479166666666666,-0.0029166666666666664,-0.00012500000000000358
1A3N,IHP,54,,-0.06458333333333334,0.0006250000000000001,-0.00012500000000000358
1A3N,IHP,55,,-0.07125,-0.0060416666666666665,-0.00012500000000000358
1A3N,IHP,56,,-0.06666666666666667,-0.006874999999999999,-0.00012500000000000358
1A3N,IHP,57,,-0.061875,-0.018125,-0.00012500000000000358
1A3N,IHP,58,,-0.11270833333333334,-0.015833333333333335,-0.00012500000000000358
1A3N,IHP,59,-0.04,-0.14395833333333333,-0.006666666666666667,-0.00012500000000000358
1A3N,IHP,60,,-0.058333333333333334,-0.0033333333333333327,-0.00012500000000000358
1A3N,IHP,61,,-0.08520833333333333,-0.017916666666666668,-0.00012500000000000358
1A3N,IHP,62,,-0.06895833333333333,0.0008333333333333333,-0.00012500000000000358
1A3N,IHP,63,,-0.09979166666666667,-0.004583333333333333,-0.00012500000000000358
1A3N,IHP,64,,-0.04625,-0.00125,-0.00012500000000000358
1A3N,IHP,65,,-0.06729166666666667,-0.0035416666666666665,-0.00012500000000000358
1A3N,IHP,66,,-0.09520833333333334,-0.006458333333333333,-0.00012500000000000358
1A3N,IHP,67,,-0.11541666666666667,-0.007083333333333333,-0.00012500000000000358
1A3N,IHP,68,,-0.10520833333333333,0.002083333333333335,-0.00012500000000000358
1A3N,IHP,69,,-0.13666666666666666,-0.005,-0.00012500000000000358
1A3N,IHP,70,,-0.05708333333333333,-0.007916666666666666,-0.00012500000000000358
1A3N,IHP,71,,-0.06104166666666667,-0.0016666666666666668,-0.00012500000000000358
1A3N,IHP,72,,-0.08875,-0.007708333333333334,-0.00012500000000000358
1A3N,IHP,73,,-0.04875,-0.0010416666666666667,-0.00012500000000000358
1A3N,IHP,74,,-0.06895833333333333,-0.0016666666666666661,-0.00012500000000000358
1A3N,IHP,75,,-0.131875,-0.008333333333333333,-0.00012500000000000358
1A3N,IHP,76,,-0.07833333333333334,-0.0062499999999999995,-0.00012500000000000358
1A3N,IHP,77,,-0.06979166666666667,-0.005,-0.00012500000000000358
1A3N,IHP,78,,-0.06166666666666667,-0.0018750000000000001,-0.00012500000000000358
1A3N,IHP,79,,-0.10062499999999999,-0.0018750000000000004,-0.00012500000000000358
1A3N,IHP,80,,-0.05645833333333333,-0.0020833333333333333,-0.00012500000000000358
1A3N,IHP,81,,-0.063125,-0.0012499999999999998,-0.00012500000000000358
1A3N,IHP,82,,-0.093125,-0.0024999999999999996,-0.00012500000000000358
1A3N,IHP,83,,-0.0925,-0.01583333333333333,-0.00012500000000000358
1A3N,IHP,84,,-0.08145833333333334,0.00020833333333333362,-0.00012500000000000358
1A3N,IHP,85,,-0.06791666666666667,-0.0029166666666666685,-0.00012500000000000358
1A3N,IHP,86,,-0.06583333333333334,0.00125,-0.00012500000000000358
1A3N,IHP,87,,-0.05979166666666667,-0.003541666666666666,-0.00012500000000000358
1A3N,IHP,88,,-0.04583333333333334,-0.005833333333333333,-0.00012500000000000358
1A3N,IHP,89,,-0.10854166666666666,-0.003541666666666667,-0.00012500000000000358
1A3N,IHP,90,,-0.061250000000000006,0.0012500000000000002,-0.00012500000000000358
1A3N,IHP,91,,-0.060625,-0.006458333333333333,-0.00012500000000000358
1A3N,IHP,92,,-0.08020833333333334,-0.0008333333333333331,-0.00012500000000000358
1A3N,IHP,93,,-0.090625,-0.005,-0.00012500000000000358
1A3N,IHP,94,,-0.07520833333333334,-0.0014583333333333338,-0.00012500000000000358
1A3N,IHP,95,,-0.04729166666666667,-0.00666666666666667,-0.00012500000000000358
1A3N,IHP,96,,-0.06895833333333333,-0.001875,-0.00012500000000000358
1A3N,IHP,97,,-0.08625,-0.005,-0.00012500000000000358
1A3N,IHP,98,,-0.09104166666666667,-0.0018750000000000004,-0.00012500000000000358
1A3N,IHP,99,,-0.04666666666666667,-0.006875,-0.00012500000000000358
1A3N,IHP,100,,-0.07645833333333334,-0.0060416666666666665,-0.00012500000000000358
